film_id,title,description,release_year,language,category,length,rating,is_long_film,inventory_count
1,academy dinosaur,a epic drama of a feminist and a mad scientist who must battle a teacher in the canadian rockies,2006,english,documentary,86,PG,0,8
2,ace goldfinger,a astounding epistle of a database administrator and a explorer who must find a car in ancient china,2006,english,horror,48,G,0,3
3,adaptation holes,a astounding reflection of a lumberjack and a car who must sink a lumberjack in a baloon factory,2006,english,documentary,50,NC-17,0,4
4,affair prejudice,a fanciful documentary of a frisbee and a lumberjack who must chase a monkey in a shark tank,2006,english,horror,117,G,0,7
5,african egg,a fast-paced documentary of a pastry chef and a dentist who must pursue a forensic psychologist in the gulf of mexico,2006,english,family,130,G,1,3
6,agent truman,a intrepid panorama of a robot and a boy who must escape a sumo wrestler in ancient china,2006,english,foreign,169,PG,1,6
7,airplane sierra,a touching saga of a hunter and a butler who must discover a butler in a jet boat,2006,english,comedy,62,PG-13,0,5
8,airport pollock,a epic tale of a moose and a girl who must confront a monkey in ancient india,2006,english,horror,54,R,0,4
9,alabama devil,a thoughtful panorama of a database administrator and a mad scientist who must outgun a mad scientist in a jet boat,2006,english,horror,114,PG-13,0,5
10,aladdin calendar,a action-packed tale of a man and a lumberjack who must reach a feminist in ancient china,2006,english,sports,63,NC-17,0,7
11,alamo videotape,a boring epistle of a butler and a cat who must fight a pastry chef in a mysql convention,2006,english,foreign,126,G,1,7
12,alaska phantom,a fanciful saga of a hunter and a pastry chef who must vanquish a boy in australia,2006,english,music,136,PG,1,7
13,ali forever,a action-packed drama of a dentist and a crocodile who must battle a feminist in the canadian rockies,2006,english,horror,150,PG,1,4
14,alice fantasia,a emotional drama of a a shark and a database administrator who must vanquish a pioneer in soviet georgia,2006,english,classics,94,NC-17,0,0
15,alien center,a brilliant drama of a cat and a mad scientist who must battle a feminist in a mysql convention,2006,english,foreign,46,NC-17,0,6
16,alley evolution,a fast-paced drama of a robot and a composer who must battle a astronaut in new orleans,2006,english,foreign,180,NC-17,1,4
17,alone trip,a fast-paced character study of a composer and a dog who must outgun a boat in an abandoned fun house,2006,english,music,82,R,0,6
18,alter victory,a thoughtful drama of a composer and a feminist who must meet a secret agent in the canadian rockies,2006,english,animation,57,PG-13,0,6
19,amadeus holy,a emotional display of a pioneer and a technical writer who must battle a man in a baloon,2006,english,action,113,PG,0,6
20,amelie hellfighters,a boring drama of a woman and a squirrel who must conquer a student in a baloon,2006,english,music,79,R,0,3
21,american circus,a insightful drama of a girl and a astronaut who must face a database administrator in a shark tank,2006,english,action,129,R,1,6
22,amistad midsummer,a emotional character study of a dentist and a crocodile who must meet a sumo wrestler in california,2006,english,new,85,G,0,7
23,anaconda confessions,a lacklusture display of a dentist and a dentist who must fight a girl in australia,2006,english,animation,92,R,0,5
24,analyze hoosiers,a thoughtful display of a explorer and a pastry chef who must overcome a feminist in the sahara desert,2006,english,horror,181,R,1,4
25,angels life,a thoughtful display of a woman and a astronaut who must battle a robot in berlin,2006,english,new,74,G,0,6
26,annie identity,a amazing panorama of a pastry chef and a boat who must escape a woman in an abandoned amusement park,2006,english,sci-fi,86,G,0,5
27,anonymous human,a amazing reflection of a database administrator and a astronaut who must outrace a database administrator in a shark tank,2006,english,sports,179,NC-17,1,4
28,anthem luke,a touching panorama of a waitress and a woman who must outrace a dog in an abandoned amusement park,2006,english,comedy,91,PG-13,0,3
29,antitrust tomatoes,a fateful yarn of a womanizer and a feminist who must succumb a database administrator in ancient india,2006,english,action,168,NC-17,1,2
30,anything savannah,a epic story of a pastry chef and a woman who must chase a feminist in an abandoned fun house,2006,english,horror,82,R,0,2
31,apache divine,a awe-inspiring reflection of a pastry chef and a teacher who must overcome a sumo wrestler in a u-boat,2006,english,family,92,NC-17,0,8
32,apocalypse flamingos,a astounding story of a dog and a squirrel who must defeat a woman in an abandoned amusement park,2006,english,new,119,R,0,2
33,apollo teen,a action-packed reflection of a crocodile and a explorer who must find a sumo wrestler in an abandoned mine shaft,2006,english,drama,153,PG-13,1,0
34,arabia dogma,a touching epistle of a madman and a mad cow who must defeat a student in nigeria,2006,english,horror,62,NC-17,0,4
35,arachnophobia rollercoaster,a action-packed reflection of a pastry chef and a composer who must discover a mad scientist in the first manned space station,2006,english,horror,147,PG-13,1,7
36,argonauts town,a emotional epistle of a forensic psychologist and a butler who must challenge a waitress in an abandoned mine shaft,2006,english,animation,127,PG-13,1,0
37,arizona bang,a brilliant panorama of a mad scientist and a mad cow who must meet a pioneer in a monastery,2006,english,classics,121,PG,1,7
38,ark ridgemont,a beautiful yarn of a pioneer and a monkey who must pursue a explorer in the sahara desert,2006,english,action,68,NC-17,0,0
39,armageddon lost,a fast-paced tale of a boat and a teacher who must succumb a composer in an abandoned mine shaft,2006,english,sci-fi,99,G,0,7
40,army flintstones,a boring saga of a database administrator and a womanizer who must battle a waitress in nigeria,2006,english,documentary,148,R,1,4
41,arsenic independence,a fanciful documentary of a mad cow and a womanizer who must find a dentist in berlin,2006,english,travel,137,PG,1,0
42,artist coldblooded,a stunning reflection of a robot and a moose who must challenge a woman in california,2006,english,sports,170,NC-17,1,4
43,atlantis cause,a thrilling yarn of a feminist and a hunter who must fight a technical writer in a shark tank,2006,english,family,170,G,1,7
44,attacks hate,a fast-paced panorama of a technical writer and a mad scientist who must find a feminist in an abandoned mine shaft,2006,english,sci-fi,113,PG-13,0,5
45,attraction newton,a astounding panorama of a composer and a frisbee who must reach a husband in ancient japan,2006,english,new,83,PG-13,0,6
46,autumn crow,a beautiful tale of a dentist and a mad cow who must battle a moose in the sahara desert,2006,english,games,108,G,0,3
47,baby hall,a boring character study of a a shark and a girl who must outrace a feminist in an abandoned mine shaft,2006,english,foreign,153,NC-17,1,2
48,backlash undefeated,a stunning character study of a mad scientist and a mad cow who must kill a car in a monastery,2006,english,children,118,PG-13,0,4
49,badman dawn,a emotional panorama of a pioneer and a composer who must escape a mad scientist in a jet boat,2006,english,sci-fi,162,R,1,6
50,baked cleopatra,a stunning drama of a forensic psychologist and a husband who must overcome a waitress in a monastery,2006,english,family,182,G,1,5
51,balloon homeward,a insightful panorama of a forensic psychologist and a mad cow who must build a mad scientist in the first manned space station,2006,english,music,75,NC-17,0,6
52,ballroom mockingbird,a thrilling documentary of a composer and a monkey who must find a feminist in california,2006,english,foreign,173,G,1,2
53,bang kwai,a epic drama of a madman and a cat who must face a a shark in an abandoned amusement park,2006,english,family,87,NC-17,0,2
54,banger pinocchio,a awe-inspiring drama of a car and a pastry chef who must chase a crocodile in the first manned space station,2006,english,music,113,R,0,5
55,barbarella streetcar,a awe-inspiring story of a feminist and a cat who must conquer a dog in a monastery,2006,english,sci-fi,65,G,0,6
56,barefoot manchurian,a intrepid story of a cat and a student who must vanquish a girl in an abandoned amusement park,2006,english,action,129,G,1,5
57,basic easy,a stunning epistle of a man and a husband who must reach a mad scientist in a jet boat,2006,english,travel,90,PG-13,0,7
58,beach heartbreakers,a fateful display of a womanizer and a mad scientist who must outgun a a shark in soviet georgia,2006,english,documentary,122,G,1,4
59,bear graceland,a astounding saga of a dog and a boy who must kill a teacher in the first manned space station,2006,english,children,160,R,1,5
60,beast hunchback,a awe-inspiring epistle of a student and a squirrel who must defeat a boy in ancient china,2006,english,classics,89,R,0,3
61,beauty grease,a fast-paced display of a composer and a moose who must sink a robot in an abandoned mine shaft,2006,english,drama,175,G,1,6
62,bed highball,a astounding panorama of a lumberjack and a dog who must redeem a woman in an abandoned fun house,2006,english,documentary,106,NC-17,0,2
63,bedazzled married,a astounding character study of a madman and a robot who must meet a mad scientist in an abandoned fun house,2006,english,family,73,PG,0,4
64,beethoven exorcist,a epic display of a pioneer and a student who must challenge a butler in the gulf of mexico,2006,english,drama,151,PG-13,1,3
65,behavior runaway,a unbelieveable drama of a student and a husband who must outrace a sumo wrestler in berlin,2006,english,horror,100,PG,0,4
66,beneath rush,a astounding panorama of a man and a monkey who must discover a man in the first manned space station,2006,english,children,53,NC-17,0,3
67,berets agent,a taut saga of a crocodile and a boy who must overcome a technical writer in ancient china,2006,english,action,77,PG-13,0,6
68,betrayed rear,a emotional character study of a boat and a pioneer who must find a explorer in a shark tank,2006,english,children,122,NC-17,1,4
69,beverly outlaw,a fanciful documentary of a womanizer and a boat who must defeat a madman in the first manned space station,2006,english,sci-fi,85,R,0,8
70,bikini borrowers,a astounding drama of a astronaut and a cat who must discover a woman in the first manned space station,2006,english,animation,142,NC-17,1,4
71,bilko anonymous,a emotional reflection of a teacher and a man who must meet a cat in the first manned space station,2006,english,family,100,PG-13,0,4
72,bill others,a stunning saga of a mad scientist and a forensic psychologist who must challenge a squirrel in a mysql convention,2006,english,documentary,93,PG,0,6
73,bingo talented,a touching tale of a girl and a crocodile who must discover a waitress in nigeria,2006,english,sci-fi,150,PG-13,1,8
74,birch antitrust,a fanciful panorama of a husband and a pioneer who must outgun a dog in a baloon,2006,english,music,162,PG,1,5
75,bird independence,a thrilling documentary of a car and a student who must sink a hunter in the canadian rockies,2006,english,travel,163,G,1,3
76,birdcage casper,a fast-paced saga of a frisbee and a astronaut who must overcome a feminist in ancient india,2006,english,music,103,NC-17,0,3
77,birds perdition,a boring story of a womanizer and a pioneer who must face a dog in california,2006,english,new,61,G,0,6
78,blackout private,a intrepid yarn of a pastry chef and a mad scientist who must challenge a secret agent in ancient japan,2006,english,animation,85,PG,0,7
79,blade polish,a thoughtful character study of a frisbee and a pastry chef who must fight a dentist in the first manned space station,2006,english,drama,114,PG-13,0,6
80,blanket beverly,a emotional documentary of a student and a girl who must build a boat in nigeria,2006,english,family,148,G,1,4
81,blindness gun,a touching drama of a robot and a dentist who must meet a hunter in a jet boat,2006,english,sci-fi,103,PG-13,0,4
82,blood argonauts,a boring drama of a explorer and a man who must kill a lumberjack in a manhattan penthouse,2006,english,family,71,G,0,2
83,blues instinct,a insightful documentary of a boat and a composer who must meet a forensic psychologist in an abandoned fun house,2006,english,family,50,G,0,5
84,boiled dares,a awe-inspiring story of a waitress and a dog who must discover a dentist in ancient japan,2006,english,travel,102,PG,0,4
85,bonnie holocaust,a fast-paced story of a crocodile and a robot who must find a moose in ancient japan,2006,english,documentary,63,G,0,4
86,boogie amelie,a lacklusture character study of a husband and a sumo wrestler who must succumb a technical writer in the gulf of mexico,2006,english,music,121,R,1,8
87,boondock ballroom,a fateful panorama of a crocodile and a boy who must defeat a monkey in the gulf of mexico,2006,english,travel,76,NC-17,0,0
88,born spinal,a touching epistle of a frisbee and a husband who must pursue a student in nigeria,2006,english,travel,179,PG,1,4
89,borrowers bedazzled,a brilliant epistle of a teacher and a sumo wrestler who must defeat a man in an abandoned fun house,2006,english,animation,63,G,0,6
90,boulevard mob,a fateful epistle of a moose and a monkey who must confront a lumberjack in ancient china,2006,english,new,63,R,0,6
91,bound cheaper,a thrilling panorama of a database administrator and a astronaut who must challenge a lumberjack in a baloon,2006,english,classics,98,PG,0,8
92,bowfinger gables,a fast-paced yarn of a waitress and a composer who must outgun a dentist in california,2006,english,horror,72,NC-17,0,4
93,brannigan sunrise,a amazing epistle of a moose and a crocodile who must outrace a dog in berlin,2006,english,new,121,PG,1,3
94,braveheart human,a insightful story of a dog and a pastry chef who must battle a girl in berlin,2006,english,family,176,PG-13,1,2
95,breakfast goldfinger,a beautiful reflection of a student and a student who must fight a moose in berlin,2006,english,new,123,G,1,5
96,breaking home,a beautiful display of a secret agent and a monkey who must battle a sumo wrestler in an abandoned mine shaft,2006,english,new,169,PG-13,1,3
97,bride intrigue,a epic tale of a robot and a monkey who must vanquish a man in new orleans,2006,english,action,56,G,0,6
98,bright encounters,a fateful yarn of a lumberjack and a feminist who must conquer a student in a jet boat,2006,english,drama,73,PG-13,0,3
99,bringing hysterical,a fateful saga of a a shark and a technical writer who must find a woman in a jet boat,2006,english,comedy,136,PG,1,6
100,brooklyn desert,a beautiful drama of a dentist and a composer who must battle a sumo wrestler in the first manned space station,2006,english,foreign,161,R,1,6
101,brotherhood blanket,a fateful character study of a butler and a technical writer who must sink a astronaut in ancient japan,2006,english,documentary,73,R,0,6
102,bubble grosse,a awe-inspiring panorama of a crocodile and a moose who must confront a girl in a baloon,2006,english,sports,60,R,0,2
103,bucket brotherhood,a amazing display of a girl and a womanizer who must succumb a lumberjack in a baloon factory,2006,english,travel,133,PG,1,8
104,bugsy song,a awe-inspiring character study of a secret agent and a boat who must find a squirrel in the first manned space station,2006,english,foreign,119,G,0,3
105,bull shawshank,a fanciful drama of a moose and a squirrel who must conquer a pioneer in the canadian rockies,2006,english,action,125,NC-17,1,5
106,bulworth commandments,a amazing display of a mad cow and a pioneer who must redeem a sumo wrestler in the outback,2006,english,games,61,G,0,2
107,bunch minds,a emotional story of a feminist and a feminist who must escape a pastry chef in a mysql convention,2006,english,drama,63,G,0,2
108,butch panther,a lacklusture yarn of a feminist and a database administrator who must face a hunter in new orleans,2006,english,new,67,PG-13,0,0
109,butterfly chocolat,a fateful story of a girl and a composer who must conquer a husband in a shark tank,2006,english,new,89,G,0,8
110,cabin flash,a stunning epistle of a boat and a man who must challenge a a shark in a baloon factory,2006,english,children,53,NC-17,0,4
111,caddyshack jedi,a awe-inspiring epistle of a woman and a madman who must fight a robot in soviet georgia,2006,english,action,52,NC-17,0,4
112,calendar gunfight,a thrilling drama of a frisbee and a lumberjack who must sink a man in nigeria,2006,english,foreign,120,NC-17,1,7
113,california birds,a thrilling yarn of a database administrator and a robot who must battle a database administrator in ancient india,2006,english,sports,75,NC-17,0,4
114,camelot vacation,a touching character study of a woman and a waitress who must battle a pastry chef in a mysql convention,2006,english,sci-fi,61,NC-17,0,7
115,campus remember,a astounding drama of a crocodile and a mad cow who must build a robot in a jet boat,2006,english,action,167,R,1,7
116,candidate perdition,a brilliant epistle of a composer and a database administrator who must vanquish a mad scientist in the first manned space station,2006,english,classics,70,R,0,6
117,candles grapes,a fanciful character study of a monkey and a explorer who must build a astronaut in an abandoned fun house,2006,english,games,135,NC-17,1,6
118,canyon stock,a thoughtful reflection of a waitress and a feminist who must escape a squirrel in a manhattan penthouse,2006,english,animation,85,R,0,6
119,caper motions,a fateful saga of a moose and a car who must pursue a woman in a mysql convention,2006,english,comedy,176,G,1,7
120,caribbean liberty,a fanciful tale of a pioneer and a technical writer who must outgun a pioneer in a shark tank,2006,english,sports,92,NC-17,0,3
121,carol texas,a astounding character study of a composer and a student who must overcome a composer in a monastery,2006,english,animation,151,PG,1,6
122,carrie bunch,a amazing epistle of a student and a astronaut who must discover a frisbee in the canadian rockies,2006,english,horror,114,PG,0,7
123,casablanca super,a amazing panorama of a crocodile and a forensic psychologist who must pursue a secret agent in the first manned space station,2006,english,travel,85,G,0,5
124,casper dragonfly,a intrepid documentary of a boat and a crocodile who must chase a robot in the sahara desert,2006,english,children,163,PG-13,1,3
125,cassidy wyoming,a intrepid drama of a frisbee and a hunter who must kill a secret agent in new orleans,2006,english,travel,61,NC-17,0,2
126,casualties encino,a insightful yarn of a a shark and a pastry chef who must face a boy in a monastery,2006,english,action,179,G,1,3
127,cat coneheads,a fast-paced panorama of a girl and a a shark who must confront a boy in ancient india,2006,english,comedy,112,G,0,8
128,catch amistad,a boring reflection of a lumberjack and a feminist who must discover a woman in nigeria,2006,english,foreign,183,G,1,0
129,cause date,a taut tale of a explorer and a pastry chef who must conquer a hunter in a mysql convention,2006,english,documentary,179,R,1,6
130,celebrity horn,a amazing documentary of a secret agent and a astronaut who must vanquish a hunter in a shark tank,2006,english,action,110,PG-13,0,6
131,center dinosaur,a beautiful character study of a sumo wrestler and a dentist who must find a dog in california,2006,english,classics,152,PG,1,6
132,chainsaw uptown,a beautiful documentary of a boy and a robot who must discover a squirrel in australia,2006,english,sci-fi,114,PG,0,6
133,chamber italian,a fateful reflection of a moose and a husband who must overcome a monkey in nigeria,2006,english,music,117,NC-17,0,4
134,champion flatliners,a amazing story of a mad cow and a dog who must kill a husband in a monastery,2006,english,animation,51,PG,0,3
135,chance resurrection,a astounding story of a forensic psychologist and a forensic psychologist who must overcome a moose in ancient china,2006,english,sports,70,R,0,7
136,chaplin license,a boring drama of a dog and a forensic psychologist who must outrace a explorer in ancient india,2006,english,new,146,NC-17,1,3
137,charade duffel,a action-packed display of a man and a waitress who must build a dog in a mysql convention,2006,english,sci-fi,66,PG,0,4
138,chariots conspiracy,a unbelieveable epistle of a robot and a husband who must chase a robot in the first manned space station,2006,english,sci-fi,71,R,0,5
139,chasing fight,a astounding saga of a technical writer and a butler who must battle a butler in a shark tank,2006,english,family,114,PG,0,6
140,cheaper clyde,a emotional character study of a pioneer and a girl who must discover a dog in ancient japan,2006,english,sci-fi,87,G,0,5
141,chicago north,a fateful yarn of a mad cow and a waitress who must battle a student in california,2006,english,games,185,PG-13,1,5
142,chicken hellfighters,a emotional drama of a dog and a explorer who must outrace a technical writer in australia,2006,english,documentary,122,PG,1,5
143,chill luck,a lacklusture epistle of a boat and a technical writer who must fight a a shark in the canadian rockies,2006,english,drama,142,PG,1,7
144,chinatown gladiator,a brilliant panorama of a technical writer and a lumberjack who must escape a butler in ancient india,2006,english,new,61,PG,0,0
145,chisum behavior,a epic documentary of a sumo wrestler and a butler who must kill a car in ancient india,2006,english,family,124,G,1,3
146,chitty lock,a boring epistle of a boat and a database administrator who must kill a sumo wrestler in the first manned space station,2006,english,drama,107,G,0,3
147,chocolat harry,a action-packed epistle of a dentist and a moose who must meet a mad cow in ancient japan,2006,english,family,101,NC-17,0,6
148,chocolate duck,a unbelieveable story of a mad scientist and a technical writer who must discover a composer in ancient china,2006,english,foreign,132,R,1,0
149,christmas moonshine,a action-packed epistle of a feminist and a astronaut who must conquer a boat in a manhattan penthouse,2006,english,children,150,NC-17,1,6
150,cider desire,a stunning character study of a composer and a mad cow who must succumb a cat in soviet georgia,2006,english,documentary,101,PG,0,6
151,cincinatti whisperer,a brilliant saga of a pastry chef and a hunter who must confront a butler in berlin,2006,english,sci-fi,143,NC-17,1,4
152,circus youth,a thoughtful drama of a pastry chef and a dentist who must pursue a girl in a baloon,2006,english,children,90,PG-13,0,4
153,citizen shrek,a fanciful character study of a technical writer and a husband who must redeem a robot in the outback,2006,english,sci-fi,165,G,1,4
154,clash freddy,a amazing yarn of a composer and a squirrel who must escape a astronaut in australia,2006,english,animation,81,G,0,7
155,cleopatra devil,a fanciful documentary of a crocodile and a technical writer who must fight a a shark in a baloon,2006,english,new,150,PG-13,1,5
156,clerks angels,a thrilling display of a sumo wrestler and a girl who must confront a man in a baloon,2006,english,documentary,164,G,1,2
157,clockwork paradise,a insightful documentary of a technical writer and a feminist who must challenge a cat in a baloon,2006,english,children,143,PG-13,1,3
158,clones pinocchio,a amazing drama of a car and a robot who must pursue a dentist in new orleans,2006,english,music,124,R,1,5
159,closer bang,a unbelieveable panorama of a frisbee and a hunter who must vanquish a monkey in ancient india,2006,english,comedy,58,R,0,7
160,club graffiti,a epic tale of a pioneer and a hunter who must escape a girl in a u-boat,2006,english,animation,65,PG-13,0,5
161,clue grail,a taut tale of a butler and a mad scientist who must build a crocodile in ancient china,2006,english,music,70,NC-17,0,2
162,clueless bucket,a taut tale of a car and a pioneer who must conquer a sumo wrestler in an abandoned fun house,2006,english,action,95,R,0,7
163,clyde theory,a beautiful yarn of a astronaut and a frisbee who must overcome a explorer in a jet boat,2006,english,new,139,PG-13,1,3
164,coast rainbow,a astounding documentary of a mad cow and a pioneer who must challenge a butler in the sahara desert,2006,english,documentary,55,PG,0,5
165,coldblooded darling,a brilliant panorama of a dentist and a moose who must find a student in the gulf of mexico,2006,english,sci-fi,70,G,0,5
166,color philadelphia,a thoughtful panorama of a car and a crocodile who must sink a monkey in the sahara desert,2006,english,classics,149,G,1,6
167,coma head,a awe-inspiring drama of a boy and a frisbee who must escape a pastry chef in california,2006,english,travel,109,NC-17,0,7
168,comancheros enemy,a boring saga of a lumberjack and a monkey who must find a monkey in the gulf of mexico,2006,english,children,67,R,0,2
169,comforts rush,a unbelieveable panorama of a pioneer and a husband who must meet a mad cow in an abandoned mine shaft,2006,english,travel,76,NC-17,0,4
170,command darling,a awe-inspiring tale of a forensic psychologist and a woman who must challenge a database administrator in ancient japan,2006,english,foreign,120,PG-13,1,6
171,commandments express,a fanciful saga of a student and a mad scientist who must battle a hunter in an abandoned mine shaft,2006,english,horror,59,R,0,0
172,coneheads smoochy,a touching story of a womanizer and a composer who must pursue a husband in nigeria,2006,english,drama,112,NC-17,0,7
173,confessions maguire,a insightful story of a car and a boy who must battle a technical writer in a baloon,2006,english,drama,65,PG-13,0,5
174,confidential interview,a stunning reflection of a cat and a woman who must find a astronaut in ancient japan,2006,english,music,180,NC-17,1,8
175,confused candles,a stunning epistle of a cat and a forensic psychologist who must confront a pioneer in a baloon,2006,english,family,122,PG-13,1,5
176,congeniality quest,a touching documentary of a cat and a pastry chef who must find a lumberjack in a baloon,2006,english,sports,87,PG-13,0,6
177,connecticut tramp,a unbelieveable drama of a crocodile and a mad cow who must reach a dentist in a shark tank,2006,english,sci-fi,172,R,1,3
178,connection microcosmos,a fateful documentary of a crocodile and a husband who must face a husband in the first manned space station,2006,english,comedy,115,G,0,2
179,conquerer nuts,a taut drama of a mad scientist and a man who must escape a pioneer in an abandoned mine shaft,2006,english,drama,173,G,1,4
180,conspiracy spirit,a awe-inspiring story of a student and a frisbee who must conquer a crocodile in an abandoned mine shaft,2006,english,classics,184,PG-13,1,2
181,contact anonymous,a insightful display of a a shark and a monkey who must face a database administrator in ancient india,2006,english,travel,166,PG-13,1,7
182,control anthem,a fateful documentary of a robot and a student who must battle a cat in a monastery,2006,english,comedy,185,G,1,2
183,conversation downhill,a taut character study of a husband and a waitress who must sink a squirrel in a mysql convention,2006,english,family,112,R,0,6
184,core suit,a unbelieveable tale of a car and a explorer who must confront a boat in a manhattan penthouse,2006,english,classics,92,PG-13,0,5
185,cowboy doom,a astounding drama of a boy and a lumberjack who must fight a butler in a baloon,2006,english,foreign,146,PG,1,2
186,craft outfield,a lacklusture display of a explorer and a hunter who must succumb a database administrator in a baloon factory,2006,english,drama,64,NC-17,0,4
187,cranes reservoir,a fanciful documentary of a teacher and a dog who must outgun a forensic psychologist in a baloon factory,2006,english,sports,57,NC-17,0,3
188,crazy home,a fanciful panorama of a boy and a woman who must vanquish a database administrator in the outback,2006,english,comedy,136,PG,1,3
189,creatures shakespeare,a emotional drama of a womanizer and a squirrel who must vanquish a crocodile in ancient india,2006,english,games,139,NC-17,1,6
190,creepers kane,a awe-inspiring reflection of a squirrel and a boat who must outrace a car in a jet boat,2006,english,classics,172,NC-17,1,4
191,crooked frogmen,a unbelieveable drama of a hunter and a database administrator who must battle a crocodile in an abandoned amusement park,2006,english,children,143,PG-13,1,6
192,crossing divorce,a beautiful documentary of a dog and a robot who must redeem a womanizer in berlin,2006,english,foreign,50,R,0,0
193,crossroads casualties,a intrepid documentary of a sumo wrestler and a astronaut who must battle a composer in the outback,2006,english,animation,153,G,1,8
194,crow grease,a awe-inspiring documentary of a woman and a husband who must sink a database administrator in the first manned space station,2006,english,action,104,PG,0,4
195,crowds telemark,a intrepid documentary of a astronaut and a forensic psychologist who must find a frisbee in an abandoned fun house,2006,english,sci-fi,112,R,0,0
196,cruelty unforgiven,a brilliant tale of a car and a moose who must battle a dentist in nigeria,2006,english,classics,69,G,0,2
197,crusade honey,a fast-paced reflection of a explorer and a butler who must battle a madman in an abandoned amusement park,2006,english,sports,112,R,0,2
198,crystal breaking,a fast-paced character study of a feminist and a explorer who must face a pastry chef in ancient japan,2006,english,foreign,184,NC-17,1,0
199,cupboard sinners,a emotional reflection of a frisbee and a boat who must reach a pastry chef in an abandoned amusement park,2006,english,documentary,56,R,0,8
200,curtain videotape,a boring reflection of a dentist and a mad cow who must chase a secret agent in a shark tank,2006,english,games,133,PG-13,1,8
201,cyclone family,a lacklusture drama of a student and a monkey who must sink a womanizer in a mysql convention,2006,english,foreign,176,PG,1,4
202,daddy pittsburgh,a epic story of a a shark and a student who must confront a explorer in the gulf of mexico,2006,english,comedy,161,G,1,3
203,daisy menagerie,a fast-paced saga of a pastry chef and a monkey who must sink a composer in ancient india,2006,english,sci-fi,84,G,0,4
204,dalmations sweden,a emotional epistle of a moose and a hunter who must overcome a robot in a manhattan penthouse,2006,english,drama,106,PG,0,6
205,dances none,a insightful reflection of a a shark and a dog who must kill a butler in an abandoned amusement park,2006,english,action,58,NC-17,0,4
206,dancing fever,a stunning story of a explorer and a forensic psychologist who must face a crocodile in a shark tank,2006,english,documentary,144,G,1,8
207,dangerous uptown,a unbelieveable story of a mad scientist and a woman who must overcome a dog in california,2006,english,foreign,121,PG,1,4
208,dares pluto,a fateful story of a robot and a dentist who must defeat a astronaut in new orleans,2006,english,animation,89,PG-13,0,3
209,darkness war,a touching documentary of a husband and a hunter who must escape a boy in the sahara desert,2006,english,drama,99,NC-17,0,4
210,darko dorado,a stunning reflection of a frisbee and a husband who must redeem a dog in new orleans,2006,english,action,130,NC-17,1,3
211,darling breaking,a brilliant documentary of a astronaut and a squirrel who must succumb a student in the gulf of mexico,2006,english,games,165,PG-13,1,2
212,darn forrester,a fateful story of a a shark and a explorer who must succumb a technical writer in a jet boat,2006,english,action,185,G,1,5
213,date speed,a touching saga of a composer and a moose who must discover a dentist in a mysql convention,2006,english,family,104,R,0,4
214,daughter madigan,a beautiful tale of a hunter and a mad scientist who must confront a squirrel in the first manned space station,2006,english,children,59,PG-13,0,4
215,dawn pond,a thoughtful documentary of a dentist and a forensic psychologist who must defeat a waitress in berlin,2006,english,games,57,PG,0,6
216,day unfaithful,a stunning documentary of a composer and a mad scientist who must find a technical writer in a u-boat,2006,english,new,113,G,0,5
217,dazed punk,a action-packed story of a pioneer and a technical writer who must discover a forensic psychologist in an abandoned amusement park,2006,english,games,120,G,1,0
218,deceiver betrayed,a taut story of a moose and a squirrel who must build a husband in ancient india,2006,english,drama,122,NC-17,1,7
219,deep crusade,a amazing tale of a crocodile and a squirrel who must discover a composer in australia,2006,english,documentary,51,PG-13,0,4
220,deer virginian,a thoughtful story of a mad cow and a womanizer who must overcome a mad scientist in soviet georgia,2006,english,music,106,NC-17,0,8
221,deliverance mulholland,a astounding saga of a monkey and a moose who must conquer a butler in a shark tank,2006,english,documentary,100,R,0,0
222,desert poseidon,a brilliant documentary of a butler and a frisbee who must build a astronaut in new orleans,2006,english,horror,64,R,0,6
223,desire alien,a fast-paced tale of a dog and a forensic psychologist who must meet a astronaut in the first manned space station,2006,english,animation,76,NC-17,0,2
224,desperate trainspotting,a epic yarn of a forensic psychologist and a teacher who must face a lumberjack in california,2006,english,travel,81,G,0,2
225,destination jerk,a beautiful yarn of a teacher and a cat who must build a car in a u-boat,2006,english,drama,76,PG-13,0,3
226,destiny saturday,a touching drama of a crocodile and a crocodile who must conquer a explorer in soviet georgia,2006,english,new,56,G,0,5
227,details packer,a epic saga of a waitress and a composer who must face a boat in a u-boat,2006,english,games,88,R,0,5
228,detective vision,a fanciful documentary of a pioneer and a woman who must redeem a hunter in ancient japan,2006,english,classics,143,PG-13,1,7
229,devil desire,a beautiful reflection of a monkey and a dentist who must face a database administrator in ancient japan,2006,english,action,87,R,0,4
230,diary panic,a thoughtful character study of a frisbee and a mad cow who must outgun a man in ancient india,2006,english,drama,107,G,0,2
231,dinosaur secretary,a action-packed drama of a feminist and a girl who must reach a robot in the canadian rockies,2006,english,family,63,R,0,8
232,dirty ace,a action-packed character study of a forensic psychologist and a girl who must build a dentist in the outback,2006,english,games,147,NC-17,1,5
233,disciple mother,a touching reflection of a mad scientist and a boat who must face a moose in a shark tank,2006,english,travel,141,PG,1,6
234,disturbing scarface,a lacklusture display of a crocodile and a butler who must overcome a monkey in a u-boat,2006,english,sci-fi,94,R,0,7
235,divide monster,a intrepid saga of a man and a forensic psychologist who must reach a squirrel in a monastery,2006,english,sci-fi,68,PG-13,0,6
236,divine resurrection,a boring character study of a man and a womanizer who must succumb a teacher in an abandoned amusement park,2006,english,games,100,R,0,4
237,divorce shining,a unbelieveable saga of a crocodile and a student who must discover a cat in ancient india,2006,english,sports,47,G,0,2
238,doctor grail,a insightful drama of a womanizer and a waitress who must reach a forensic psychologist in the outback,2006,english,children,57,G,0,2
239,dogma family,a brilliant character study of a database administrator and a monkey who must succumb a astronaut in new orleans,2006,english,animation,122,G,1,8
240,dolls rage,a thrilling display of a pioneer and a frisbee who must escape a teacher in the outback,2006,english,sci-fi,120,PG-13,1,3
241,donnie alley,a awe-inspiring tale of a butler and a frisbee who must vanquish a teacher in ancient japan,2006,english,animation,125,NC-17,1,4
242,doom dancing,a astounding panorama of a car and a mad scientist who must battle a lumberjack in a mysql convention,2006,english,comedy,68,R,0,5
243,doors president,a awe-inspiring display of a squirrel and a woman who must overcome a boy in the gulf of mexico,2006,english,animation,49,NC-17,0,6
244,dorado notting,a action-packed tale of a sumo wrestler and a a shark who must meet a frisbee in california,2006,english,music,139,NC-17,1,7
245,double wrath,a thoughtful yarn of a womanizer and a dog who must challenge a madman in the gulf of mexico,2006,english,animation,177,R,1,7
246,doubtfire labyrinth,a intrepid panorama of a butler and a composer who must meet a mad cow in the sahara desert,2006,english,foreign,154,R,1,3
247,downhill enough,a emotional tale of a pastry chef and a forensic psychologist who must succumb a monkey in the sahara desert,2006,english,comedy,47,G,0,7
248,dozen lion,a taut drama of a cat and a girl who must defeat a frisbee in the canadian rockies,2006,english,documentary,177,NC-17,1,2
249,dracula crystal,a thrilling reflection of a feminist and a cat who must find a frisbee in an abandoned fun house,2006,english,classics,176,G,1,6
250,dragon squad,a taut reflection of a boy and a waitress who must outgun a teacher in ancient china,2006,english,action,170,NC-17,1,4
251,dragonfly strangers,a boring documentary of a pioneer and a man who must vanquish a man in nigeria,2006,english,new,133,NC-17,1,5
252,dream pickup,a epic display of a car and a composer who must overcome a forensic psychologist in the gulf of mexico,2006,english,action,135,PG,1,6
253,drifter commandments,a epic reflection of a womanizer and a squirrel who must discover a husband in a jet boat,2006,english,action,61,PG-13,0,6
254,driver annie,a lacklusture character study of a butler and a car who must redeem a boat in an abandoned fun house,2006,english,sports,159,PG-13,1,5
255,driving polish,a action-packed yarn of a feminist and a technical writer who must sink a boat in an abandoned mine shaft,2006,english,music,175,NC-17,1,6
256,drop waterfront,a fanciful documentary of a husband and a explorer who must reach a madman in ancient china,2006,english,sports,178,R,1,3
257,drumline cyclone,a insightful panorama of a monkey and a sumo wrestler who must outrace a mad scientist in the canadian rockies,2006,english,travel,110,G,0,3
258,drums dynamite,a epic display of a crocodile and a crocodile who must confront a dog in an abandoned amusement park,2006,english,horror,96,PG,0,4
259,duck racer,a lacklusture yarn of a teacher and a squirrel who must overcome a dog in a shark tank,2006,english,animation,116,NC-17,0,2
260,dude blindness,a stunning reflection of a husband and a lumberjack who must face a frisbee in an abandoned fun house,2006,english,sports,132,G,1,4
261,duffel apocalypse,a emotional display of a boat and a explorer who must challenge a madman in a mysql convention,2006,english,documentary,171,G,1,2
262,dumbo lust,a touching display of a feminist and a dentist who must conquer a husband in the gulf of mexico,2006,english,family,119,NC-17,0,2
263,durham panky,a brilliant panorama of a girl and a boy who must face a mad scientist in an abandoned mine shaft,2006,english,sports,154,R,1,7
264,dwarfs alter,a emotional yarn of a girl and a dog who must challenge a composer in ancient japan,2006,english,games,101,G,0,2
265,dying maker,a intrepid tale of a boat and a monkey who must kill a cat in california,2006,english,comedy,168,PG,1,4
266,dynamite tarzan,a intrepid documentary of a forensic psychologist and a mad scientist who must face a explorer in a u-boat,2006,english,classics,141,PG-13,1,8
267,eagles panky,a thoughtful story of a car and a boy who must find a a shark in the sahara desert,2006,english,new,140,NC-17,1,6
268,early home,a amazing panorama of a mad scientist and a husband who must meet a woman in the outback,2006,english,animation,96,NC-17,0,2
269,earring instinct,a stunning character study of a dentist and a mad cow who must find a teacher in nigeria,2006,english,family,98,R,0,6
270,earth vision,a stunning drama of a butler and a madman who must outrace a womanizer in ancient india,2006,english,new,85,NC-17,0,7
271,easy gladiator,a fateful story of a monkey and a girl who must overcome a pastry chef in ancient india,2006,english,action,148,G,1,5
272,edge kissing,a beautiful yarn of a composer and a mad cow who must redeem a mad scientist in a jet boat,2006,english,drama,153,NC-17,1,4
273,effect gladiator,a beautiful display of a pastry chef and a pastry chef who must outgun a forensic psychologist in a manhattan penthouse,2006,english,family,107,PG,0,7
274,egg igby,a beautiful documentary of a boat and a sumo wrestler who must succumb a database administrator in the first manned space station,2006,english,documentary,67,PG,0,7
275,egypt tenenbaums,a intrepid story of a madman and a secret agent who must outrace a astronaut in an abandoned amusement park,2006,english,horror,85,PG,0,5
276,element freddy,a awe-inspiring reflection of a waitress and a squirrel who must kill a mad cow in a jet boat,2006,english,comedy,115,NC-17,0,4
277,elephant trojan,a beautiful panorama of a lumberjack and a forensic psychologist who must overcome a frisbee in a baloon,2006,english,horror,126,PG-13,1,3
278,elf murder,a action-packed story of a frisbee and a woman who must reach a girl in an abandoned mine shaft,2006,english,music,155,NC-17,1,2
279,elizabeth shane,a lacklusture display of a womanizer and a dog who must face a sumo wrestler in ancient japan,2006,english,sports,152,NC-17,1,2
280,empire malkovich,a amazing story of a feminist and a cat who must face a car in an abandoned fun house,2006,english,children,177,G,1,6
281,encino elf,a astounding drama of a feminist and a teacher who must confront a husband in a baloon,2006,english,games,143,G,1,6
282,encounters curtain,a insightful epistle of a pastry chef and a womanizer who must build a boat in new orleans,2006,english,drama,92,NC-17,0,6
283,ending crowds,a unbelieveable display of a dentist and a madman who must vanquish a squirrel in berlin,2006,english,new,85,NC-17,0,3
284,enemy odds,a fanciful panorama of a mad scientist and a woman who must pursue a astronaut in ancient india,2006,english,music,77,NC-17,0,7
285,english bulworth,a intrepid epistle of a pastry chef and a pastry chef who must pursue a crocodile in ancient china,2006,english,sci-fi,51,PG-13,0,7
286,enough raging,a astounding character study of a boat and a secret agent who must find a mad cow in the sahara desert,2006,english,travel,158,NC-17,1,5
287,entrapment satisfaction,a thoughtful panorama of a hunter and a teacher who must reach a mad cow in a u-boat,2006,english,action,176,R,1,4
288,escape metropolis,a taut yarn of a astronaut and a technical writer who must outgun a boat in new orleans,2006,english,travel,167,R,1,6
289,eve resurrection,a awe-inspiring yarn of a pastry chef and a database administrator who must challenge a teacher in a baloon,2006,english,new,66,G,0,2
290,everyone craft,a fateful display of a waitress and a dentist who must reach a butler in nigeria,2006,english,foreign,163,PG,1,3
291,evolution alter,a fanciful character study of a feminist and a madman who must find a explorer in a baloon factory,2006,english,sports,174,PG-13,1,4
292,excitement eve,a brilliant documentary of a monkey and a car who must conquer a crocodile in a shark tank,2006,english,action,51,G,0,6
293,exorcist sting,a touching drama of a dog and a sumo wrestler who must conquer a mad scientist in berlin,2006,english,sports,167,G,1,5
294,expecations natural,a amazing drama of a butler and a husband who must reach a a shark in a u-boat,2006,english,travel,138,PG-13,1,5
295,expendable stallion,a amazing character study of a mad cow and a squirrel who must discover a hunter in a u-boat,2006,english,documentary,97,PG,0,8
296,express lonely,a boring drama of a astronaut and a boat who must face a boat in california,2006,english,sci-fi,178,R,1,4
297,extraordinary conquerer,a stunning story of a dog and a feminist who must face a forensic psychologist in berlin,2006,english,classics,122,G,1,2
298,eyes driving,a thrilling story of a cat and a waitress who must fight a explorer in the outback,2006,english,sci-fi,172,PG-13,1,5
299,factory dragon,a action-packed saga of a teacher and a frisbee who must escape a lumberjack in the sahara desert,2006,english,travel,144,PG-13,1,4
300,falcon volume,a fateful saga of a sumo wrestler and a hunter who must redeem a a shark in new orleans,2006,english,animation,102,PG-13,0,6
301,family sweet,a epic documentary of a teacher and a boy who must escape a woman in berlin,2006,english,horror,155,R,1,8
302,fantasia park,a thoughtful documentary of a mad scientist and a a shark who must outrace a feminist in australia,2006,english,games,131,G,1,6
303,fantasy troopers,a touching saga of a teacher and a monkey who must overcome a secret agent in a mysql convention,2006,english,action,58,PG-13,0,6
304,fargo gandhi,a thrilling reflection of a pastry chef and a crocodile who must reach a teacher in the outback,2006,english,children,130,G,1,6
305,fatal haunted,a beautiful drama of a student and a secret agent who must confront a dentist in ancient japan,2006,english,new,91,PG,0,7
306,feathers metal,a thoughtful yarn of a monkey and a teacher who must find a dog in australia,2006,english,games,104,PG-13,0,3
307,fellowship autumn,a lacklusture reflection of a dentist and a hunter who must meet a teacher in a baloon,2006,english,travel,77,NC-17,0,6
308,ferris mother,a touching display of a frisbee and a frisbee who must kill a girl in the gulf of mexico,2006,english,comedy,142,PG,1,4
309,feud frogmen,a brilliant reflection of a database administrator and a mad cow who must chase a woman in the canadian rockies,2006,english,family,98,R,0,6
310,fever empire,a insightful panorama of a cat and a boat who must defeat a boat in the gulf of mexico,2006,english,games,158,R,1,2
311,fiction christmas,a emotional yarn of a a shark and a student who must battle a robot in an abandoned mine shaft,2006,english,foreign,72,PG,0,7
312,fiddler lost,a boring tale of a squirrel and a dog who must challenge a madman in the gulf of mexico,2006,english,sci-fi,75,R,0,3
313,fidelity devil,a awe-inspiring drama of a technical writer and a composer who must reach a pastry chef in a u-boat,2006,english,horror,118,G,0,6
314,fight jawbreaker,a intrepid panorama of a womanizer and a girl who must escape a girl in a manhattan penthouse,2006,english,animation,91,R,0,6
315,finding anaconda,a fateful tale of a database administrator and a girl who must battle a squirrel in new orleans,2006,english,family,156,R,1,3
316,fire wolves,a intrepid documentary of a frisbee and a dog who must outrace a lumberjack in nigeria,2006,english,games,173,R,1,2
317,fireball philadelphia,a amazing yarn of a dentist and a a shark who must vanquish a madman in an abandoned mine shaft,2006,english,comedy,148,PG,1,7
318,firehouse vietnam,a awe-inspiring character study of a boat and a boy who must kill a pastry chef in the sahara desert,2006,english,action,103,G,0,0
319,fish opus,a touching display of a feminist and a girl who must confront a astronaut in australia,2006,english,sci-fi,125,R,1,7
320,flamingos connecticut,a fast-paced reflection of a composer and a composer who must meet a cat in the sahara desert,2006,english,new,80,PG-13,0,7
321,flash wars,a astounding saga of a moose and a pastry chef who must chase a student in the gulf of mexico,2006,english,new,123,NC-17,1,4
322,flatliners killer,a taut display of a secret agent and a waitress who must sink a robot in an abandoned mine shaft,2006,english,sports,100,G,0,6
323,flight lies,a stunning character study of a crocodile and a pioneer who must pursue a teacher in new orleans,2006,english,sports,179,R,1,4
324,flintstones happiness,a fateful story of a husband and a moose who must vanquish a boy in california,2006,english,comedy,148,PG-13,1,5
325,floats garden,a action-packed epistle of a robot and a car who must chase a boat in ancient japan,2006,english,animation,145,PG-13,1,0
326,flying hook,a thrilling display of a mad cow and a dog who must challenge a frisbee in nigeria,2006,english,animation,69,NC-17,0,6
327,fool mockingbird,a lacklusture tale of a crocodile and a composer who must defeat a madman in a u-boat,2006,english,action,158,PG,1,6
328,forever candidate,a unbelieveable panorama of a technical writer and a man who must pursue a frisbee in a u-boat,2006,english,children,131,NC-17,1,4
329,forrest sons,a thrilling documentary of a forensic psychologist and a butler who must defeat a explorer in a jet boat,2006,english,action,63,R,0,6
330,forrester comancheros,a fateful tale of a squirrel and a forensic psychologist who must redeem a man in nigeria,2006,english,animation,112,NC-17,0,7
331,forward temple,a astounding display of a forensic psychologist and a mad scientist who must challenge a girl in new orleans,2006,english,games,90,NC-17,0,8
332,frankenstein stranger,a insightful character study of a feminist and a pioneer who must pursue a pastry chef in nigeria,2006,english,comedy,159,NC-17,1,0
333,freaky pocus,a fast-paced documentary of a pastry chef and a crocodile who must chase a squirrel in the gulf of mexico,2006,english,music,126,R,1,4
334,freddy storm,a intrepid saga of a man and a lumberjack who must vanquish a husband in the outback,2006,english,horror,65,NC-17,0,6
335,freedom cleopatra,a emotional reflection of a dentist and a mad cow who must face a squirrel in a baloon,2006,english,comedy,133,PG-13,1,2
336,french holiday,a thrilling epistle of a dog and a feminist who must kill a madman in berlin,2006,english,documentary,99,PG,0,5
337,frida slipper,a fateful story of a lumberjack and a car who must escape a boat in an abandoned mine shaft,2006,english,foreign,73,R,0,4
338,frisco forrest,a beautiful documentary of a woman and a pioneer who must pursue a mad scientist in a shark tank,2006,english,sci-fi,51,PG,0,3
339,frogmen breaking,a unbelieveable yarn of a mad scientist and a cat who must chase a lumberjack in australia,2006,english,travel,111,R,0,3
340,frontier cabin,a emotional story of a madman and a waitress who must battle a teacher in an abandoned fun house,2006,english,new,183,PG-13,1,2
341,frost head,a amazing reflection of a lumberjack and a cat who must discover a husband in a mysql convention,2006,english,classics,82,PG,0,8
342,fugitive maguire,a taut epistle of a feminist and a sumo wrestler who must battle a crocodile in australia,2006,english,travel,83,R,0,4
343,full flatliners,a beautiful documentary of a astronaut and a moose who must pursue a monkey in a shark tank,2006,english,children,94,PG,0,2
344,fury murder,a lacklusture reflection of a boat and a forensic psychologist who must fight a waitress in a monastery,2006,english,children,178,PG-13,1,5
345,gables metropolis,a fateful display of a cat and a pioneer who must challenge a pastry chef in a baloon factory,2006,english,family,161,PG,1,5
346,galaxy sweethearts,a emotional reflection of a womanizer and a pioneer who must face a squirrel in berlin,2006,english,classics,128,R,1,6
347,games bowfinger,a astounding documentary of a butler and a explorer who must challenge a butler in a monastery,2006,english,travel,119,PG-13,0,4
348,gandhi kwai,a thoughtful display of a mad scientist and a secret agent who must chase a boat in berlin,2006,english,family,86,PG-13,0,4
349,gangs pride,a taut character study of a woman and a a shark who must confront a frisbee in berlin,2006,english,animation,185,PG-13,1,7
350,garden island,a unbelieveable character study of a womanizer and a madman who must reach a man in the outback,2006,english,sci-fi,80,G,0,8
351,gaslight crusade,a amazing epistle of a boy and a astronaut who must redeem a man in the gulf of mexico,2006,english,horror,106,PG,0,6
352,gathering calendar,a intrepid tale of a pioneer and a moose who must conquer a frisbee in a mysql convention,2006,english,games,176,PG-13,1,4
353,gentlemen stage,a awe-inspiring reflection of a monkey and a student who must overcome a dentist in the first manned space station,2006,english,foreign,125,NC-17,1,6
354,ghost groundhog,a brilliant panorama of a madman and a composer who must succumb a car in ancient india,2006,english,children,85,G,0,5
355,ghostbusters elf,a thoughtful epistle of a dog and a feminist who must chase a composer in berlin,2006,english,animation,101,R,0,2
356,giant troopers,a fateful display of a feminist and a monkey who must vanquish a monkey in the canadian rockies,2006,english,children,102,R,0,8
357,gilbert pelican,a fateful tale of a man and a feminist who must conquer a crocodile in a manhattan penthouse,2006,english,classics,114,G,0,4
358,gilmore boiled,a unbelieveable documentary of a boat and a husband who must succumb a student in a u-boat,2006,english,classics,163,R,1,8
359,gladiator westward,a astounding reflection of a squirrel and a sumo wrestler who must sink a dentist in ancient japan,2006,english,family,173,PG,1,0
360,glass dying,a astounding drama of a frisbee and a astronaut who must fight a dog in ancient japan,2006,english,action,103,G,0,4
361,gleaming jawbreaker,a amazing display of a composer and a forensic psychologist who must discover a car in the canadian rockies,2006,english,sports,89,NC-17,0,8
362,glory tracy,a amazing saga of a woman and a womanizer who must discover a cat in the first manned space station,2006,english,games,115,PG-13,0,2
363,go purple,a fast-paced display of a car and a database administrator who must battle a woman in a baloon,2006,english,music,54,R,0,6
364,godfather diary,a stunning saga of a lumberjack and a squirrel who must chase a car in the outback,2006,english,new,73,NC-17,0,3
365,gold river,a taut documentary of a database administrator and a waitress who must reach a mad scientist in a baloon factory,2006,english,comedy,154,R,1,4
366,goldfinger sensibility,a insightful drama of a mad scientist and a hunter who must defeat a pastry chef in new orleans,2006,english,drama,93,G,0,7
367,goldmine tycoon,a brilliant epistle of a composer and a frisbee who must conquer a husband in the outback,2006,english,sci-fi,153,R,1,7
368,gone trouble,a insightful character study of a mad cow and a forensic psychologist who must conquer a a shark in a manhattan penthouse,2006,english,drama,84,R,0,2
369,goodfellas salute,a unbelieveable tale of a dog and a explorer who must sink a mad cow in a baloon factory,2006,english,sci-fi,56,PG,0,8
370,gorgeous bingo,a action-packed display of a sumo wrestler and a car who must overcome a waitress in a baloon factory,2006,english,children,108,R,0,5
371,gosford donnie,a epic panorama of a mad scientist and a monkey who must redeem a secret agent in berlin,2006,english,action,129,G,1,3
372,graceland dynamite,a taut display of a cat and a girl who must overcome a database administrator in new orleans,2006,english,sports,140,R,1,2
373,graduate lord,a lacklusture epistle of a girl and a a shark who must meet a mad scientist in ancient china,2006,english,children,156,G,1,5
374,graffiti love,a unbelieveable epistle of a sumo wrestler and a hunter who must build a composer in berlin,2006,english,sci-fi,117,PG,0,7
375,grail frankenstein,a unbelieveable saga of a teacher and a monkey who must fight a girl in an abandoned mine shaft,2006,english,action,85,NC-17,0,2
376,grapes fury,a boring yarn of a mad cow and a sumo wrestler who must meet a robot in australia,2006,english,foreign,155,G,1,7
377,grease youth,a emotional panorama of a secret agent and a waitress who must escape a composer in soviet georgia,2006,english,family,135,G,1,6
378,greatest north,a astounding character study of a secret agent and a robot who must build a a shark in berlin,2006,english,music,93,NC-17,0,8
379,greedy roots,a amazing reflection of a a shark and a butler who must chase a hunter in the canadian rockies,2006,english,drama,166,R,1,4
380,greek everyone,a stunning display of a butler and a teacher who must confront a a shark in the first manned space station,2006,english,foreign,176,PG,1,5
381,grinch massage,a intrepid display of a madman and a feminist who must pursue a pioneer in the first manned space station,2006,english,games,150,R,1,5
382,grit clockwork,a thoughtful display of a dentist and a squirrel who must confront a lumberjack in a shark tank,2006,english,games,137,PG,1,8
383,groove fiction,a unbelieveable reflection of a moose and a a shark who must defeat a lumberjack in an abandoned mine shaft,2006,english,sports,111,NC-17,0,5
384,grosse wonderful,a epic drama of a cat and a explorer who must redeem a moose in australia,2006,english,music,49,R,0,3
385,groundhog uncut,a brilliant panorama of a astronaut and a technical writer who must discover a butler in a manhattan penthouse,2006,english,comedy,139,PG-13,1,5
386,gump date,a intrepid yarn of a explorer and a student who must kill a husband in an abandoned mine shaft,2006,english,travel,53,NC-17,0,0
387,gun bonnie,a boring display of a sumo wrestler and a husband who must build a waitress in the gulf of mexico,2006,english,games,100,G,0,6
388,gunfight moon,a epic reflection of a pastry chef and a explorer who must reach a dentist in the sahara desert,2006,english,comedy,70,NC-17,0,6
389,gunfighter mussolini,a touching saga of a robot and a boy who must kill a man in ancient japan,2006,english,sports,127,PG-13,1,4
390,guys falcon,a boring story of a woman and a feminist who must redeem a squirrel in a u-boat,2006,english,sci-fi,84,R,0,3
391,half outfield,a epic epistle of a database administrator and a crocodile who must face a madman in a jet boat,2006,english,family,146,PG-13,1,7
392,hall cassidy,a beautiful panorama of a pastry chef and a a shark who must battle a pioneer in soviet georgia,2006,english,children,51,NC-17,0,6
393,halloween nuts,a amazing panorama of a forensic psychologist and a technical writer who must fight a dentist in a u-boat,2006,english,documentary,47,PG-13,0,2
394,hamlet wisdom,a touching reflection of a man and a man who must sink a robot in the outback,2006,english,sci-fi,146,R,1,4
395,handicap boondock,a beautiful display of a pioneer and a squirrel who must vanquish a sumo wrestler in soviet georgia,2006,english,action,108,R,0,6
396,hanging deep,a action-packed yarn of a boat and a crocodile who must build a monkey in berlin,2006,english,drama,62,G,0,4
397,hanky october,a boring epistle of a database administrator and a explorer who must pursue a madman in soviet georgia,2006,english,sci-fi,107,NC-17,0,7
398,hanover galaxy,a stunning reflection of a girl and a secret agent who must succumb a boy in a mysql convention,2006,english,music,47,NC-17,0,4
399,happiness united,a action-packed panorama of a husband and a feminist who must meet a forensic psychologist in ancient japan,2006,english,foreign,100,G,0,2
400,hardly robbers,a emotional character study of a hunter and a car who must kill a woman in berlin,2006,english,documentary,72,R,0,2
401,harold french,a stunning saga of a sumo wrestler and a student who must outrace a moose in the sahara desert,2006,english,drama,168,NC-17,1,2
402,harper dying,a awe-inspiring reflection of a woman and a cat who must confront a feminist in the sahara desert,2006,english,animation,52,G,0,6
403,harry idaho,a taut yarn of a technical writer and a feminist who must outrace a dog in california,2006,english,drama,121,PG-13,1,8
404,hate handicap,a intrepid reflection of a mad scientist and a pioneer who must overcome a hunter in the first manned space station,2006,english,comedy,107,PG,0,0
405,haunted antitrust,a amazing saga of a man and a dentist who must reach a technical writer in ancient india,2006,english,travel,76,NC-17,0,2
406,haunting pianist,a fast-paced story of a database administrator and a composer who must defeat a squirrel in an abandoned amusement park,2006,english,games,181,R,1,6
407,hawk chill,a action-packed drama of a mad scientist and a composer who must outgun a car in australia,2006,english,documentary,47,PG-13,0,2
408,head stranger,a thoughtful saga of a hunter and a crocodile who must confront a dog in the gulf of mexico,2006,english,games,69,R,0,7
409,heartbreakers bright,a awe-inspiring documentary of a a shark and a dentist who must outrace a pastry chef in the canadian rockies,2006,english,children,59,G,0,7
410,heaven freedom,a intrepid story of a butler and a car who must vanquish a man in new orleans,2006,english,comedy,48,PG,0,5
411,heavenly gun,a beautiful yarn of a forensic psychologist and a frisbee who must battle a moose in a jet boat,2006,english,music,49,NC-17,0,2
412,heavyweights beast,a unbelieveable story of a composer and a dog who must overcome a womanizer in an abandoned amusement park,2006,english,documentary,102,G,0,8
413,hedwig alter,a action-packed yarn of a womanizer and a lumberjack who must chase a sumo wrestler in a monastery,2006,english,comedy,169,NC-17,1,3
414,hellfighters sierra,a taut reflection of a a shark and a dentist who must battle a boat in soviet georgia,2006,english,foreign,75,PG,0,6
415,high encino,a fateful saga of a waitress and a hunter who must outrace a sumo wrestler in australia,2006,english,horror,84,R,0,6
416,highball potter,a action-packed saga of a husband and a dog who must redeem a database administrator in the sahara desert,2006,english,foreign,110,R,0,6
417,hills neighbors,a epic display of a hunter and a feminist who must sink a car in a u-boat,2006,english,action,93,G,0,6
418,hobbit alien,a emotional drama of a husband and a girl who must outgun a composer in the first manned space station,2006,english,drama,157,PG-13,1,8
419,hocus frida,a awe-inspiring tale of a girl and a madman who must outgun a student in a shark tank,2006,english,family,141,G,1,0
420,holes brannigan,a fast-paced reflection of a technical writer and a student who must fight a boy in the canadian rockies,2006,english,sports,128,PG,1,5
421,holiday games,a insightful reflection of a waitress and a madman who must pursue a boy in ancient japan,2006,english,foreign,78,PG-13,0,4
422,hollow jeopardy,a beautiful character study of a robot and a astronaut who must overcome a boat in a monastery,2006,english,sci-fi,136,NC-17,1,2
423,hollywood anonymous,a fast-paced epistle of a boy and a explorer who must escape a dog in a u-boat,2006,english,children,69,PG,0,4
424,holocaust highball,a awe-inspiring yarn of a composer and a man who must find a robot in soviet georgia,2006,english,children,149,R,1,5
425,holy tadpole,a action-packed display of a feminist and a pioneer who must pursue a dog in a baloon factory,2006,english,classics,88,R,0,2
426,home pity,a touching panorama of a man and a secret agent who must challenge a teacher in a mysql convention,2006,english,music,185,R,1,3
427,homeward cider,a taut reflection of a astronaut and a squirrel who must fight a squirrel in a manhattan penthouse,2006,english,documentary,103,R,0,4
428,homicide peach,a astounding documentary of a hunter and a boy who must confront a boy in a mysql convention,2006,english,family,141,PG-13,1,6
429,honey ties,a taut story of a waitress and a crocodile who must outrace a lumberjack in a shark tank,2006,english,sports,84,R,0,6
430,hook chariots,a insightful story of a boy and a dog who must redeem a boy in australia,2006,english,animation,49,G,0,4
431,hoosiers birdcage,a astounding display of a explorer and a boat who must vanquish a car in the first manned space station,2006,english,foreign,176,G,1,3
432,hope tootsie,a amazing documentary of a student and a sumo wrestler who must outgun a a shark in a shark tank,2006,english,classics,139,NC-17,1,5
433,horn working,a stunning display of a mad scientist and a technical writer who must succumb a monkey in a shark tank,2006,english,animation,95,PG,0,6
434,horror reign,a touching documentary of a a shark and a car who must build a husband in nigeria,2006,english,travel,139,R,1,8
435,hotel happiness,a thrilling yarn of a pastry chef and a a shark who must challenge a mad scientist in the outback,2006,english,foreign,181,PG-13,1,2
436,hours rage,a fateful story of a explorer and a feminist who must meet a technical writer in soviet georgia,2006,english,new,122,NC-17,1,6
437,house dynamite,a taut story of a pioneer and a squirrel who must battle a student in soviet georgia,2006,english,family,109,R,0,6
438,human graffiti,a beautiful reflection of a womanizer and a sumo wrestler who must chase a database administrator in the gulf of mexico,2006,english,games,68,NC-17,0,5
439,hunchback impossible,a touching yarn of a frisbee and a dentist who must fight a composer in ancient japan,2006,english,drama,151,PG-13,1,6
440,hunger roof,a unbelieveable yarn of a student and a database administrator who must outgun a husband in an abandoned mine shaft,2006,english,foreign,105,G,0,4
441,hunter alter,a emotional drama of a mad cow and a boat who must redeem a secret agent in a shark tank,2006,english,documentary,125,PG-13,1,2
442,hunting musketeers,a thrilling reflection of a pioneer and a dentist who must outrace a womanizer in an abandoned mine shaft,2006,english,family,65,NC-17,0,3
443,hurricane affair,a lacklusture epistle of a database administrator and a woman who must meet a hunter in an abandoned mine shaft,2006,english,comedy,49,PG,0,7
444,hustler party,a emotional reflection of a sumo wrestler and a monkey who must conquer a robot in the sahara desert,2006,english,comedy,83,NC-17,0,8
445,hyde doctor,a fanciful documentary of a boy and a woman who must redeem a womanizer in a jet boat,2006,english,classics,100,G,0,6
446,hysterical grail,a amazing saga of a madman and a dentist who must build a car in a manhattan penthouse,2006,english,sports,150,PG,1,4
447,ice crossing,a fast-paced tale of a butler and a moose who must overcome a pioneer in a manhattan penthouse,2006,english,games,131,R,1,7
448,idaho love,a fast-paced drama of a student and a crocodile who must meet a database administrator in the outback,2006,english,new,172,PG-13,1,5
449,identity lover,a boring tale of a composer and a mad cow who must defeat a car in the outback,2006,english,sci-fi,119,PG-13,0,4
450,idols snatchers,a insightful drama of a car and a composer who must fight a man in a monastery,2006,english,children,84,NC-17,0,7
451,igby maker,a epic documentary of a hunter and a dog who must outgun a dog in a baloon factory,2006,english,travel,160,NC-17,1,5
452,illusion amelie,a emotional epistle of a boat and a mad scientist who must outrace a robot in an abandoned mine shaft,2006,english,foreign,122,R,1,4
453,image princess,a lacklusture panorama of a secret agent and a crocodile who must discover a madman in the canadian rockies,2006,english,sports,178,PG-13,1,5
454,impact aladdin,a epic character study of a frisbee and a moose who must outgun a technical writer in a shark tank,2006,english,music,180,PG-13,1,2
455,impossible prejudice,a awe-inspiring yarn of a monkey and a hunter who must chase a teacher in ancient china,2006,english,foreign,103,NC-17,0,4
456,inch jet,a fateful saga of a womanizer and a student who must defeat a butler in a monastery,2006,english,animation,167,NC-17,1,6
457,independence hotel,a thrilling tale of a technical writer and a boy who must face a pioneer in a monastery,2006,english,documentary,157,NC-17,1,6
458,indian love,a insightful saga of a mad scientist and a mad scientist who must kill a astronaut in an abandoned fun house,2006,english,family,135,NC-17,1,6
459,informer double,a action-packed display of a woman and a dentist who must redeem a forensic psychologist in the canadian rockies,2006,english,foreign,74,NC-17,0,2
460,innocent usual,a beautiful drama of a pioneer and a crocodile who must challenge a student in the outback,2006,english,foreign,178,PG-13,1,8
461,insects stone,a epic display of a butler and a dog who must vanquish a crocodile in a manhattan penthouse,2006,english,animation,123,NC-17,1,6
462,insider arizona,a astounding saga of a mad scientist and a hunter who must pursue a robot in a baloon factory,2006,english,music,78,NC-17,0,5
463,instinct airport,a touching documentary of a mad cow and a explorer who must confront a butler in a manhattan penthouse,2006,english,sports,116,PG,0,5
464,intentions empire,a astounding epistle of a cat and a cat who must conquer a mad cow in a u-boat,2006,english,animation,107,PG-13,0,7
465,interview liaisons,a action-packed reflection of a student and a butler who must discover a database administrator in a manhattan penthouse,2006,english,new,59,R,0,5
466,intolerable intentions,a awe-inspiring story of a monkey and a pastry chef who must succumb a womanizer in a mysql convention,2006,english,documentary,63,PG-13,0,2
467,intrigue worst,a fanciful character study of a explorer and a mad scientist who must vanquish a squirrel in a jet boat,2006,english,foreign,181,G,1,7
468,invasion cyclone,a lacklusture character study of a mad scientist and a womanizer who must outrace a explorer in a monastery,2006,english,children,97,PG,0,8
469,iron moon,a fast-paced documentary of a mad cow and a boy who must pursue a dentist in a baloon,2006,english,classics,46,PG,0,3
470,ishtar rocketeer,a astounding saga of a dog and a squirrel who must conquer a dog in an abandoned fun house,2006,english,animation,79,R,0,2
471,island exorcist,a fanciful panorama of a technical writer and a boy who must find a dentist in an abandoned fun house,2006,english,classics,84,NC-17,0,7
472,italian african,a astounding character study of a monkey and a moose who must outgun a cat in a u-boat,2006,english,travel,174,G,1,2
473,jacket frisco,a insightful reflection of a womanizer and a husband who must conquer a pastry chef in a baloon,2006,english,drama,181,PG-13,1,5
474,jade bunch,a insightful panorama of a squirrel and a mad cow who must confront a student in the first manned space station,2006,english,sports,174,NC-17,1,4
475,japanese run,a awe-inspiring epistle of a feminist and a girl who must sink a girl in the outback,2006,english,horror,135,G,1,2
476,jason trap,a thoughtful tale of a woman and a a shark who must conquer a dog in a monastery,2006,english,family,130,NC-17,1,7
477,jawbreaker brooklyn,a stunning reflection of a boat and a pastry chef who must succumb a a shark in a jet boat,2006,english,music,118,PG,0,3
478,jaws harry,a thrilling display of a database administrator and a monkey who must overcome a dog in an abandoned fun house,2006,english,comedy,112,G,0,5
479,jedi beneath,a astounding reflection of a explorer and a dentist who must pursue a student in nigeria,2006,english,family,128,PG,1,5
480,jeepers wedding,a astounding display of a composer and a dog who must kill a pastry chef in soviet georgia,2006,english,classics,84,R,0,4
481,jekyll frogmen,a fanciful epistle of a student and a astronaut who must kill a waitress in a shark tank,2006,english,new,58,PG,0,6
482,jeopardy encino,a boring panorama of a man and a mad cow who must face a explorer in ancient india,2006,english,classics,102,R,0,3
483,jericho mulan,a amazing yarn of a hunter and a butler who must defeat a boy in a jet boat,2006,english,games,171,NC-17,1,5
484,jerk paycheck,a touching character study of a pastry chef and a database administrator who must reach a a shark in ancient japan,2006,english,classics,172,NC-17,1,7
485,jersey sassy,a lacklusture documentary of a madman and a mad cow who must find a feminist in ancient japan,2006,english,children,60,PG,0,3
486,jet neighbors,a amazing display of a lumberjack and a teacher who must outrace a woman in a u-boat,2006,english,foreign,59,R,0,6
487,jingle sagebrush,a epic character study of a feminist and a student who must meet a woman in a baloon,2006,english,classics,124,PG-13,1,3
488,joon northwest,a thrilling panorama of a technical writer and a car who must discover a forensic psychologist in a shark tank,2006,english,sports,105,NC-17,0,5
489,juggler hardly,a epic story of a mad cow and a astronaut who must challenge a car in california,2006,english,animation,54,PG-13,0,8
490,jumanji blade,a intrepid yarn of a husband and a womanizer who must pursue a mad scientist in new orleans,2006,english,new,121,G,1,2
491,jumping wrath,a touching epistle of a monkey and a feminist who must discover a boat in berlin,2006,english,children,74,NC-17,0,6
492,jungle closer,a boring character study of a boy and a woman who must battle a astronaut in australia,2006,english,new,134,NC-17,1,2
493,kane exorcist,a epic documentary of a composer and a robot who must overcome a car in berlin,2006,english,foreign,92,R,0,3
494,karate moon,a astounding yarn of a womanizer and a dog who must reach a waitress in a mysql convention,2006,english,horror,120,PG-13,1,6
495,kentuckian giant,a stunning yarn of a woman and a frisbee who must escape a waitress in a u-boat,2006,english,horror,169,PG,1,0
496,kick savannah,a emotional drama of a monkey and a robot who must defeat a monkey in new orleans,2006,english,travel,179,PG-13,1,5
497,kill brotherhood,a touching display of a hunter and a secret agent who must redeem a husband in the outback,2006,english,documentary,54,G,0,0
498,killer innocent,a fanciful character study of a student and a explorer who must succumb a composer in an abandoned mine shaft,2006,english,family,161,R,1,2
499,king evolution,a action-packed tale of a boy and a lumberjack who must chase a madman in a baloon,2006,english,family,184,NC-17,1,2
500,kiss glory,a lacklusture reflection of a girl and a husband who must find a robot in the canadian rockies,2006,english,foreign,163,PG-13,1,8
501,kissing dolls,a insightful reflection of a pioneer and a teacher who must build a composer in the first manned space station,2006,english,action,141,R,1,5
502,knock warlock,a unbelieveable story of a teacher and a boat who must confront a moose in a baloon,2006,english,comedy,71,PG-13,0,7
503,kramer chocolate,a amazing yarn of a robot and a pastry chef who must redeem a mad scientist in the outback,2006,english,sports,171,R,1,3
504,kwai homeward,a amazing drama of a car and a squirrel who must pursue a car in soviet georgia,2006,english,drama,46,PG-13,0,6
505,labyrinth league,a awe-inspiring saga of a composer and a frisbee who must succumb a pioneer in the sahara desert,2006,english,children,46,PG-13,0,4
506,lady stage,a beautiful character study of a woman and a man who must pursue a explorer in a u-boat,2006,english,horror,67,PG,0,6
507,ladybugs armageddon,a fateful reflection of a dog and a mad scientist who must meet a mad scientist in new orleans,2006,english,games,113,NC-17,0,2
508,lambs cincinatti,a insightful story of a man and a feminist who must fight a composer in australia,2006,english,games,144,PG-13,1,3
509,language cowboy,a epic yarn of a cat and a madman who must vanquish a dentist in an abandoned amusement park,2006,english,children,78,NC-17,0,3
510,lawless vision,a insightful yarn of a boy and a sumo wrestler who must outgun a car in the outback,2006,english,animation,181,G,1,4
511,lawrence love,a fanciful yarn of a database administrator and a mad cow who must pursue a womanizer in berlin,2006,english,action,175,NC-17,1,5
512,league hellfighters,a thoughtful saga of a a shark and a monkey who must outgun a student in ancient china,2006,english,classics,110,PG-13,0,6
513,leathernecks dwarfs,a fateful reflection of a dog and a mad cow who must outrace a teacher in an abandoned mine shaft,2006,english,travel,153,PG-13,1,2
514,lebowski soldiers,a beautiful epistle of a secret agent and a pioneer who must chase a astronaut in ancient china,2006,english,drama,69,PG-13,0,6
515,legally secretary,a astounding tale of a a shark and a moose who must meet a womanizer in the sahara desert,2006,english,children,113,PG,0,2
516,legend jedi,a awe-inspiring epistle of a pioneer and a student who must outgun a crocodile in the outback,2006,english,music,59,PG,0,3
517,lesson cleopatra,a emotional display of a man and a explorer who must build a boy in a manhattan penthouse,2006,english,sports,167,NC-17,1,2
518,liaisons sweet,a boring drama of a a shark and a explorer who must redeem a waitress in the canadian rockies,2006,english,travel,140,PG,1,6
519,liberty magnificent,a boring drama of a student and a cat who must sink a technical writer in a baloon,2006,english,sports,138,G,1,4
520,license weekend,a insightful story of a man and a husband who must overcome a madman in a monastery,2006,english,sci-fi,91,NC-17,0,2
521,lies treatment,a fast-paced character study of a dentist and a moose who must defeat a composer in the first manned space station,2006,english,drama,147,NC-17,1,7
522,life twisted,a thrilling reflection of a teacher and a composer who must find a man in the first manned space station,2006,english,comedy,137,NC-17,1,2
523,lights deer,a unbelieveable epistle of a dog and a woman who must confront a moose in the gulf of mexico,2006,english,classics,174,R,1,2
524,lion uncut,a intrepid display of a pastry chef and a cat who must kill a a shark in ancient china,2006,english,comedy,50,PG,0,6
525,loathing legally,a boring epistle of a pioneer and a mad scientist who must escape a frisbee in the gulf of mexico,2006,english,classics,140,R,1,8
526,lock rear,a thoughtful character study of a squirrel and a technical writer who must outrace a student in ancient japan,2006,english,travel,120,R,1,4
527,lola agent,a astounding tale of a mad scientist and a husband who must redeem a database administrator in ancient japan,2006,english,horror,85,PG,0,6
528,lolita world,a thrilling drama of a girl and a robot who must redeem a waitress in an abandoned mine shaft,2006,english,family,155,NC-17,1,3
529,lonely elephant,a intrepid story of a student and a dog who must challenge a explorer in soviet georgia,2006,english,comedy,67,G,0,4
530,lord arizona,a action-packed display of a frisbee and a pastry chef who must pursue a crocodile in a jet boat,2006,english,action,108,PG-13,0,3
531,lose inch,a stunning reflection of a student and a technical writer who must battle a butler in the first manned space station,2006,english,foreign,137,R,1,8
532,loser hustler,a stunning drama of a robot and a feminist who must outgun a butler in nigeria,2006,english,sports,80,PG,0,4
533,lost bird,a emotional character study of a robot and a a shark who must defeat a technical writer in a manhattan penthouse,2006,english,foreign,98,PG-13,0,3
534,louisiana harry,a lacklusture drama of a girl and a technical writer who must redeem a monkey in a shark tank,2006,english,family,70,PG-13,0,5
535,love suicides,a brilliant panorama of a hunter and a explorer who must pursue a dentist in an abandoned fun house,2006,english,horror,181,R,1,4
536,lovely jingle,a fanciful yarn of a crocodile and a forensic psychologist who must discover a crocodile in the outback,2006,english,classics,65,PG,0,5
537,lover truman,a emotional yarn of a robot and a boy who must outgun a technical writer in a u-boat,2006,english,classics,75,G,0,3
538,loverboy attacks,a boring story of a car and a butler who must build a girl in soviet georgia,2006,english,new,162,PG-13,1,3
539,luck opus,a boring display of a moose and a squirrel who must outrace a teacher in a shark tank,2006,english,drama,152,NC-17,1,2
540,lucky flying,a lacklusture character study of a a shark and a man who must find a forensic psychologist in a u-boat,2006,english,music,97,PG-13,0,3
541,luke mummy,a taut character study of a boy and a robot who must redeem a mad scientist in ancient india,2006,english,animation,74,NC-17,0,2
542,lust lock,a fanciful panorama of a hunter and a dentist who must meet a secret agent in the sahara desert,2006,english,action,52,G,0,6
543,madigan dorado,a astounding character study of a a shark and a a shark who must discover a crocodile in the outback,2006,english,travel,116,R,0,2
544,madison trap,a awe-inspiring reflection of a monkey and a dentist who must overcome a pioneer in a u-boat,2006,english,documentary,147,R,1,4
545,madness attacks,a fanciful tale of a squirrel and a boat who must defeat a crocodile in the gulf of mexico,2006,english,foreign,178,PG-13,1,6
546,madre gables,a intrepid panorama of a sumo wrestler and a forensic psychologist who must discover a moose in the first manned space station,2006,english,games,98,PG-13,0,4
547,magic mallrats,a touching documentary of a pastry chef and a pastry chef who must build a mad scientist in california,2006,english,children,117,PG,0,2
548,magnificent chitty,a insightful story of a teacher and a hunter who must face a mad cow in california,2006,english,classics,53,R,0,2
549,magnolia forrester,a thoughtful documentary of a composer and a explorer who must conquer a dentist in new orleans,2006,english,action,171,PG-13,1,4
550,maguire apache,a fast-paced reflection of a waitress and a hunter who must defeat a forensic psychologist in a baloon,2006,english,family,74,NC-17,0,3
551,maiden home,a lacklusture saga of a moose and a teacher who must kill a forensic psychologist in a mysql convention,2006,english,new,138,PG,1,6
552,majestic floats,a thrilling character study of a moose and a student who must escape a butler in the first manned space station,2006,english,documentary,130,PG,1,4
553,maker gables,a stunning display of a moose and a database administrator who must pursue a composer in a jet boat,2006,english,children,136,PG-13,1,3
554,malkovich pet,a intrepid reflection of a waitress and a a shark who must kill a squirrel in the outback,2006,english,classics,159,G,1,7
555,mallrats united,a thrilling yarn of a waitress and a dentist who must find a hunter in a monastery,2006,english,comedy,133,PG,1,7
556,maltese hope,a fast-paced documentary of a crocodile and a sumo wrestler who must conquer a explorer in california,2006,english,games,127,PG-13,1,7
557,manchurian curtain,a stunning tale of a mad cow and a boy who must battle a boy in berlin,2006,english,family,177,PG,1,5
558,mannequin worst,a astounding saga of a mad cow and a pastry chef who must discover a husband in ancient india,2006,english,new,71,PG-13,0,2
559,married go,a fanciful story of a womanizer and a dog who must face a forensic psychologist in the sahara desert,2006,english,sci-fi,114,G,0,8
560,mars roman,a boring drama of a car and a dog who must succumb a madman in soviet georgia,2006,english,games,62,NC-17,0,5
561,mask peach,a boring character study of a student and a robot who must meet a woman in california,2006,english,new,123,NC-17,1,4
562,masked bubble,a fanciful documentary of a pioneer and a boat who must pursue a pioneer in an abandoned mine shaft,2006,english,music,151,PG-13,1,6
563,massacre usual,a fateful reflection of a waitress and a crocodile who must challenge a forensic psychologist in california,2006,english,games,165,R,1,7
564,massage image,a fateful drama of a frisbee and a crocodile who must vanquish a dog in the first manned space station,2006,english,animation,161,PG,1,3
565,matrix snowman,a action-packed saga of a womanizer and a woman who must overcome a student in california,2006,english,foreign,56,PG-13,0,2
566,maude mod,a beautiful documentary of a forensic psychologist and a cat who must reach a astronaut in nigeria,2006,english,foreign,72,R,0,2
567,meet chocolate,a boring documentary of a dentist and a butler who must confront a monkey in a mysql convention,2006,english,foreign,80,G,0,4
568,memento zoolander,a touching epistle of a squirrel and a explorer who must redeem a pastry chef in the sahara desert,2006,english,comedy,77,NC-17,0,4
569,menagerie rushmore,a unbelieveable panorama of a composer and a butler who must overcome a database administrator in the first manned space station,2006,english,animation,147,G,1,2
570,mermaid insects,a lacklusture drama of a waitress and a husband who must fight a husband in california,2006,english,sports,104,NC-17,0,5
571,metal armageddon,a thrilling display of a lumberjack and a crocodile who must meet a monkey in a baloon factory,2006,english,documentary,161,PG-13,1,6
572,metropolis coma,a emotional saga of a database administrator and a pastry chef who must confront a teacher in a baloon factory,2006,english,sci-fi,64,PG-13,0,8
573,microcosmos paradise,a touching character study of a boat and a student who must sink a a shark in nigeria,2006,english,children,105,PG-13,0,4
574,midnight westward,a taut reflection of a husband and a a shark who must redeem a pastry chef in a monastery,2006,english,action,86,G,0,5
575,midsummer groundhog,a fateful panorama of a moose and a dog who must chase a crocodile in ancient japan,2006,english,documentary,48,G,0,6
576,mighty luck,a astounding epistle of a mad scientist and a pioneer who must escape a database administrator in a mysql convention,2006,english,documentary,122,PG,1,3
577,mile mulan,a lacklusture epistle of a cat and a husband who must confront a boy in a mysql convention,2006,english,sports,64,PG,0,3
578,million ace,a brilliant documentary of a womanizer and a squirrel who must find a technical writer in the sahara desert,2006,english,classics,142,PG-13,1,5
579,minds truman,a taut yarn of a mad scientist and a crocodile who must outgun a database administrator in a monastery,2006,english,action,149,PG-13,1,7
580,mine titans,a amazing yarn of a robot and a womanizer who must discover a forensic psychologist in berlin,2006,english,new,166,PG-13,1,6
581,minority kiss,a insightful display of a lumberjack and a sumo wrestler who must meet a man in the outback,2006,english,music,59,G,0,3
582,miracle virtual,a touching epistle of a butler and a boy who must find a mad scientist in the sahara desert,2006,english,animation,162,PG-13,1,2
583,mission zoolander,a intrepid story of a sumo wrestler and a teacher who must meet a a shark in an abandoned fun house,2006,english,animation,164,PG-13,1,5
584,mixed doors,a taut drama of a womanizer and a lumberjack who must succumb a pioneer in ancient india,2006,english,foreign,180,PG-13,1,2
585,mob duffel,a unbelieveable documentary of a frisbee and a boat who must meet a boy in the canadian rockies,2006,english,drama,105,G,0,4
586,mockingbird hollywood,a thoughtful panorama of a man and a car who must sink a composer in berlin,2006,english,action,60,PG,0,8
587,mod secretary,a boring documentary of a mad cow and a cat who must build a lumberjack in new orleans,2006,english,documentary,77,NC-17,0,3
588,model fish,a beautiful panorama of a boat and a crocodile who must outrace a dog in australia,2006,english,children,175,NC-17,1,4
589,modern dorado,a awe-inspiring story of a butler and a sumo wrestler who must redeem a boy in new orleans,2006,english,documentary,74,PG,0,4
590,money harold,a touching tale of a explorer and a boat who must defeat a robot in australia,2006,english,new,135,PG,1,7
591,monsoon cause,a astounding tale of a crocodile and a car who must outrace a squirrel in a u-boat,2006,english,games,182,PG,1,3
592,monster spartacus,a fast-paced story of a waitress and a cat who must fight a girl in australia,2006,english,music,107,PG,0,4
593,monterey labyrinth,a awe-inspiring drama of a monkey and a composer who must escape a feminist in a u-boat,2006,english,horror,158,G,1,4
594,montezuma command,a thrilling reflection of a waitress and a butler who must battle a butler in a jet boat,2006,english,action,126,NC-17,1,3
595,moon bunch,a beautiful tale of a astronaut and a mad cow who must challenge a cat in a baloon factory,2006,english,foreign,83,PG,0,8
596,moonshine cabin,a thoughtful display of a astronaut and a feminist who must chase a frisbee in a jet boat,2006,english,games,171,PG-13,1,6
597,moonwalker fool,a epic drama of a feminist and a pioneer who must sink a composer in new orleans,2006,english,games,184,G,1,4
598,mosquito armageddon,a thoughtful character study of a waitress and a feminist who must build a teacher in ancient japan,2006,english,sports,57,G,0,4
599,mother oleander,a boring tale of a husband and a boy who must fight a squirrel in ancient china,2006,english,sports,103,R,0,5
600,motions details,a awe-inspiring reflection of a dog and a student who must kill a car in an abandoned fun house,2006,english,horror,166,PG,1,4
601,moulin wake,a astounding story of a forensic psychologist and a cat who must battle a teacher in an abandoned mine shaft,2006,english,travel,79,PG-13,0,5
602,mourning purple,a lacklusture display of a waitress and a lumberjack who must chase a pioneer in new orleans,2006,english,sci-fi,146,PG,1,5
603,movie shakespeare,a insightful display of a database administrator and a student who must build a hunter in berlin,2006,english,family,53,PG,0,6
604,mulan moon,a emotional saga of a womanizer and a pioneer who must overcome a dentist in a baloon,2006,english,comedy,160,G,1,3
605,mulholland beast,a awe-inspiring display of a husband and a squirrel who must battle a sumo wrestler in a jet boat,2006,english,foreign,157,PG,1,2
606,mummy creatures,a fateful character study of a crocodile and a monkey who must meet a dentist in australia,2006,english,sports,160,NC-17,1,6
607,muppet mile,a lacklusture story of a madman and a teacher who must kill a frisbee in the gulf of mexico,2006,english,foreign,50,PG,0,0
608,murder antitrust,a brilliant yarn of a car and a database administrator who must escape a boy in a mysql convention,2006,english,children,166,PG,1,6
609,muscle bright,a stunning panorama of a sumo wrestler and a husband who must redeem a madman in ancient india,2006,english,travel,185,G,1,8
610,music boondock,a thrilling tale of a butler and a astronaut who must battle a explorer in the first manned space station,2006,english,family,129,R,1,5
611,musketeers wait,a touching yarn of a student and a moose who must fight a mad cow in australia,2006,english,classics,73,PG,0,6
612,mussolini spoilers,a thrilling display of a boat and a monkey who must meet a composer in ancient china,2006,english,sports,180,G,1,2
613,mystic truman,a epic yarn of a teacher and a hunter who must outgun a explorer in soviet georgia,2006,english,comedy,92,NC-17,0,2
614,name detective,a touching saga of a sumo wrestler and a cat who must pursue a mad scientist in nigeria,2006,english,games,178,PG-13,1,6
615,nash chocolat,a epic reflection of a monkey and a mad cow who must kill a forensic psychologist in an abandoned mine shaft,2006,english,animation,180,PG-13,1,4
616,national story,a taut epistle of a mad scientist and a girl who must escape a monkey in california,2006,english,documentary,92,NC-17,0,6
617,natural stock,a fast-paced story of a sumo wrestler and a girl who must defeat a car in a baloon factory,2006,english,family,50,PG-13,0,3
618,necklace outbreak,a astounding epistle of a database administrator and a mad scientist who must pursue a cat in california,2006,english,drama,132,PG,1,4
619,neighbors charade,a fanciful reflection of a crocodile and a astronaut who must outrace a feminist in an abandoned amusement park,2006,english,sports,161,R,1,6
620,nemo campus,a lacklusture reflection of a monkey and a squirrel who must outrace a womanizer in a manhattan penthouse,2006,english,sci-fi,131,NC-17,1,5
621,network peak,a unbelieveable reflection of a butler and a boat who must outgun a mad scientist in california,2006,english,family,75,PG-13,0,8
622,newsies story,a action-packed character study of a dog and a lumberjack who must outrace a moose in the gulf of mexico,2006,english,documentary,159,G,1,2
623,newton labyrinth,a intrepid character study of a moose and a waitress who must find a a shark in ancient india,2006,english,foreign,75,PG,0,5
624,nightmare chill,a brilliant display of a robot and a butler who must fight a waitress in an abandoned mine shaft,2006,english,games,149,PG,1,7
625,none spiking,a boring reflection of a secret agent and a astronaut who must face a composer in a manhattan penthouse,2006,english,sci-fi,83,NC-17,0,7
626,noon papi,a unbelieveable character study of a mad scientist and a astronaut who must find a pioneer in a manhattan penthouse,2006,english,children,57,G,0,4
627,north tequila,a beautiful character study of a mad cow and a robot who must reach a womanizer in new orleans,2006,english,documentary,67,NC-17,0,3
628,northwest polish,a boring character study of a boy and a a shark who must outrace a womanizer in the outback,2006,english,sports,172,PG,1,5
629,notorious reunion,a amazing epistle of a woman and a squirrel who must fight a hunter in a baloon,2006,english,documentary,128,NC-17,1,4
630,notting speakeasy,a thoughtful display of a butler and a womanizer who must find a waitress in the canadian rockies,2006,english,drama,48,PG-13,0,3
631,novocaine flight,a fanciful display of a student and a teacher who must outgun a crocodile in nigeria,2006,english,sports,64,G,0,5
632,nuts ties,a thoughtful drama of a explorer and a womanizer who must meet a teacher in california,2006,english,new,145,NC-17,1,3
633,october submarine,a taut epistle of a monkey and a boy who must confront a husband in a jet boat,2006,english,classics,54,PG-13,0,3
634,odds boogie,a thrilling yarn of a feminist and a madman who must battle a hunter in berlin,2006,english,family,48,NC-17,0,4
635,oklahoma jumanji,a thoughtful drama of a dentist and a womanizer who must meet a husband in the sahara desert,2006,english,new,58,PG,0,2
636,oleander clue,a boring story of a teacher and a monkey who must succumb a forensic psychologist in a jet boat,2006,english,music,161,PG,1,3
637,open african,a lacklusture drama of a secret agent and a explorer who must discover a car in a u-boat,2006,english,sci-fi,131,PG,1,5
638,operation operation,a intrepid character study of a man and a frisbee who must overcome a madman in ancient china,2006,english,comedy,156,G,1,8
639,opposite necklace,a fateful epistle of a crocodile and a moose who must kill a explorer in nigeria,2006,english,family,92,PG,0,3
640,opus ice,a fast-paced drama of a hunter and a boy who must discover a feminist in the sahara desert,2006,english,foreign,102,R,0,3
641,orange grapes,a astounding documentary of a butler and a womanizer who must face a dog in a u-boat,2006,english,foreign,76,PG-13,0,7
642,order betrayed,a amazing saga of a dog and a a shark who must challenge a cat in the sahara desert,2006,english,travel,120,PG-13,1,0
643,orient closer,a astounding epistle of a technical writer and a teacher who must fight a squirrel in the sahara desert,2006,english,drama,118,R,0,6
644,oscar gold,a insightful tale of a database administrator and a dog who must face a madman in soviet georgia,2006,english,animation,115,PG,0,7
645,others soup,a lacklusture documentary of a mad cow and a madman who must sink a moose in the gulf of mexico,2006,english,travel,118,PG,0,6
646,outbreak divine,a unbelieveable yarn of a database administrator and a woman who must succumb a a shark in a u-boat,2006,english,games,169,NC-17,1,5
647,outfield massacre,a thoughtful drama of a husband and a secret agent who must pursue a database administrator in ancient india,2006,english,music,129,NC-17,1,6
648,outlaw hanky,a thoughtful story of a astronaut and a composer who must conquer a dog in the sahara desert,2006,english,travel,148,PG-13,1,6
649,oz liaisons,a epic yarn of a mad scientist and a cat who must confront a womanizer in a baloon factory,2006,english,animation,85,R,0,6
650,pacific amistad,a thrilling yarn of a dog and a moose who must kill a pastry chef in a manhattan penthouse,2006,english,documentary,144,G,1,6
651,packer madigan,a epic display of a sumo wrestler and a forensic psychologist who must build a woman in an abandoned amusement park,2006,english,animation,84,PG-13,0,6
652,pajama jawbreaker,a emotional drama of a boy and a technical writer who must redeem a sumo wrestler in california,2006,english,classics,126,R,1,4
653,panic club,a fanciful display of a teacher and a crocodile who must succumb a girl in a baloon,2006,english,horror,102,G,0,2
654,panky submarine,a touching documentary of a dentist and a sumo wrestler who must overcome a boy in the gulf of mexico,2006,english,games,93,G,0,4
655,panther reds,a brilliant panorama of a moose and a man who must reach a teacher in the gulf of mexico,2006,english,sci-fi,109,NC-17,0,6
656,papi necklace,a fanciful display of a car and a monkey who must escape a squirrel in ancient japan,2006,english,travel,128,PG,1,2
657,paradise sabrina,a intrepid yarn of a car and a moose who must outrace a crocodile in a manhattan penthouse,2006,english,comedy,48,PG-13,0,6
658,paris weekend,a intrepid story of a squirrel and a crocodile who must defeat a monkey in the outback,2006,english,horror,121,PG-13,1,4
659,park citizen,a taut epistle of a sumo wrestler and a girl who must face a husband in ancient japan,2006,english,action,109,PG-13,0,2
660,party knock,a fateful display of a technical writer and a butler who must battle a sumo wrestler in an abandoned mine shaft,2006,english,comedy,107,PG,0,4
661,past suicides,a intrepid tale of a madman and a astronaut who must challenge a hunter in a monastery,2006,english,foreign,157,PG-13,1,4
662,paths control,a astounding documentary of a butler and a cat who must find a frisbee in ancient china,2006,english,drama,118,PG,0,4
663,patient sister,a emotional epistle of a squirrel and a robot who must confront a lumberjack in soviet georgia,2006,english,classics,99,NC-17,0,5
664,patriot roman,a taut saga of a robot and a database administrator who must challenge a astronaut in california,2006,english,action,65,PG,0,5
665,patton interview,a thrilling documentary of a composer and a secret agent who must succumb a cat in berlin,2006,english,horror,175,PG,1,7
666,paycheck wait,a awe-inspiring reflection of a boy and a man who must discover a moose in the sahara desert,2006,english,drama,145,PG-13,1,5
667,peach innocent,a action-packed drama of a monkey and a dentist who must chase a butler in berlin,2006,english,sports,160,PG-13,1,4
668,peak forever,a insightful reflection of a boat and a secret agent who must vanquish a astronaut in an abandoned mine shaft,2006,english,sports,80,PG,0,5
669,pearl destiny,a lacklusture yarn of a astronaut and a pastry chef who must sink a dog in a u-boat,2006,english,foreign,74,NC-17,0,0
670,pelican comforts,a epic documentary of a boy and a monkey who must pursue a astronaut in berlin,2006,english,documentary,48,PG,0,7
671,perdition fargo,a fast-paced story of a car and a cat who must outgun a hunter in berlin,2006,english,sports,99,NC-17,0,0
672,perfect groove,a thrilling yarn of a dog and a dog who must build a husband in a baloon,2006,english,comedy,82,PG-13,0,6
673,personal ladybugs,a epic saga of a hunter and a technical writer who must conquer a cat in ancient japan,2006,english,music,118,PG-13,0,4
674,pet haunting,a unbelieveable reflection of a explorer and a boat who must conquer a woman in california,2006,english,foreign,99,PG,0,3
675,phantom glory,a beautiful documentary of a astronaut and a crocodile who must discover a madman in a monastery,2006,english,new,60,NC-17,0,2
676,philadelphia wife,a taut yarn of a hunter and a astronaut who must conquer a database administrator in the sahara desert,2006,english,sports,137,PG-13,1,6
677,pianist outfield,a intrepid story of a boy and a technical writer who must pursue a lumberjack in a monastery,2006,english,new,136,NC-17,1,7
678,pickup driving,a touching documentary of a husband and a boat who must meet a pastry chef in a baloon factory,2006,english,sports,77,G,0,4
679,pilot hoosiers,a awe-inspiring reflection of a crocodile and a sumo wrestler who must meet a forensic psychologist in an abandoned mine shaft,2006,english,family,50,PG,0,4
680,pinocchio simon,a action-packed reflection of a mad scientist and a a shark who must find a feminist in california,2006,english,comedy,103,PG,0,6
681,pirates roxanne,a stunning drama of a woman and a lumberjack who must overcome a a shark in the canadian rockies,2006,english,sports,100,PG,0,6
682,pittsburgh hunchback,a thrilling epistle of a boy and a boat who must find a student in soviet georgia,2006,english,family,134,PG-13,1,3
683,pity bound,a boring panorama of a feminist and a moose who must defeat a database administrator in nigeria,2006,english,drama,60,NC-17,0,8
684,pizza jumanji,a epic saga of a cat and a squirrel who must outgun a robot in a u-boat,2006,english,games,173,NC-17,1,2
685,platoon instinct,a thrilling panorama of a man and a woman who must reach a woman in australia,2006,english,new,132,PG-13,1,2
686,pluto oleander,a action-packed reflection of a car and a moose who must outgun a car in a shark tank,2006,english,new,84,R,0,4
687,pocus pulp,a intrepid yarn of a frisbee and a dog who must build a astronaut in a baloon factory,2006,english,documentary,138,NC-17,1,7
688,polish brooklyn,a boring character study of a database administrator and a lumberjack who must reach a madman in the outback,2006,english,children,61,PG,0,4
689,pollock deliverance,a intrepid story of a madman and a frisbee who must outgun a boat in the sahara desert,2006,english,foreign,137,PG,1,6
690,pond seattle,a stunning drama of a teacher and a boat who must battle a feminist in ancient china,2006,english,animation,185,PG-13,1,6
691,poseidon forever,a thoughtful epistle of a womanizer and a monkey who must vanquish a dentist in a monastery,2006,english,sports,159,PG-13,1,5
692,potluck mixed,a beautiful story of a dog and a technical writer who must outgun a student in a baloon,2006,english,animation,179,G,1,3
693,potter connecticut,a thrilling epistle of a frisbee and a cat who must fight a technical writer in berlin,2006,english,animation,115,PG,0,5
694,prejudice oleander,a epic saga of a boy and a dentist who must outrace a madman in a u-boat,2006,english,classics,98,PG-13,0,6
695,president bang,a fateful panorama of a technical writer and a moose who must battle a robot in soviet georgia,2006,english,family,144,PG,1,2
696,pride alamo,a thoughtful drama of a a shark and a forensic psychologist who must vanquish a student in ancient india,2006,english,animation,114,NC-17,0,5
697,primary glass,a fateful documentary of a pastry chef and a butler who must build a dog in the canadian rockies,2006,english,action,53,G,0,8
698,princess giant,a thrilling yarn of a pastry chef and a monkey who must battle a monkey in a shark tank,2006,english,documentary,71,NC-17,0,7
699,private drop,a stunning story of a technical writer and a hunter who must succumb a secret agent in a baloon,2006,english,games,106,PG,0,2
700,prix undefeated,a stunning saga of a mad scientist and a boat who must overcome a dentist in ancient china,2006,english,family,115,R,0,3
701,psycho shrunk,a amazing panorama of a crocodile and a explorer who must fight a husband in nigeria,2006,english,games,155,PG-13,1,0
702,pulp beverly,a unbelieveable display of a dog and a crocodile who must outrace a man in nigeria,2006,english,horror,89,G,0,8
703,punk divorce,a fast-paced tale of a pastry chef and a boat who must face a frisbee in the canadian rockies,2006,english,animation,100,PG,0,2
704,pure runner,a thoughtful documentary of a student and a madman who must challenge a squirrel in a manhattan penthouse,2006,english,comedy,121,NC-17,1,5
705,purple movie,a boring display of a pastry chef and a sumo wrestler who must discover a frisbee in an abandoned amusement park,2006,english,foreign,88,R,0,4
706,queen luke,a astounding story of a girl and a boy who must challenge a composer in new orleans,2006,english,drama,163,PG,1,6
707,quest mussolini,a fateful drama of a husband and a sumo wrestler who must battle a pastry chef in a baloon factory,2006,english,action,177,R,1,6
708,quills bull,a thoughtful story of a pioneer and a woman who must reach a moose in australia,2006,english,documentary,112,R,0,4
709,racer egg,a emotional display of a monkey and a waitress who must reach a secret agent in california,2006,english,drama,147,NC-17,1,6
710,rage games,a fast-paced saga of a astronaut and a secret agent who must escape a hunter in an abandoned amusement park,2006,english,family,120,R,1,6
711,raging airplane,a astounding display of a secret agent and a technical writer who must escape a mad scientist in a jet boat,2006,english,sci-fi,154,R,1,4
712,raiders antitrust,a amazing drama of a teacher and a feminist who must meet a woman in the first manned space station,2006,english,documentary,82,PG-13,0,0
713,rainbow shock,a action-packed story of a hunter and a boy who must discover a lumberjack in ancient india,2006,english,documentary,74,PG,0,0
714,random go,a fateful drama of a frisbee and a student who must confront a cat in a shark tank,2006,english,sci-fi,73,NC-17,0,3
715,range moonwalker,a insightful documentary of a hunter and a dentist who must confront a crocodile in a baloon,2006,english,family,147,PG,1,7
716,reap unfaithful,a thrilling epistle of a composer and a sumo wrestler who must challenge a mad cow in a mysql convention,2006,english,horror,136,PG-13,1,5
717,rear trading,a awe-inspiring reflection of a forensic psychologist and a secret agent who must succumb a pastry chef in soviet georgia,2006,english,action,97,NC-17,0,4
718,rebel airport,a intrepid yarn of a database administrator and a boat who must outrace a husband in ancient india,2006,english,music,73,G,0,2
719,records zorro,a amazing drama of a mad scientist and a composer who must build a husband in the outback,2006,english,sports,182,PG,1,2
720,redemption comforts,a emotional documentary of a dentist and a woman who must battle a mad scientist in ancient china,2006,english,new,179,NC-17,1,7
721,reds pocus,a lacklusture yarn of a sumo wrestler and a squirrel who must redeem a monkey in soviet georgia,2006,english,music,182,PG-13,1,2
722,reef salute,a action-packed saga of a teacher and a lumberjack who must battle a dentist in a baloon,2006,english,horror,123,NC-17,1,4
723,reign gentlemen,a emotional yarn of a composer and a man who must escape a butler in the gulf of mexico,2006,english,sci-fi,82,PG-13,0,7
724,remember diary,a insightful tale of a technical writer and a waitress who must conquer a monkey in ancient india,2006,english,family,110,R,0,6
725,requiem tycoon,a unbelieveable character study of a cat and a database administrator who must pursue a teacher in a monastery,2006,english,classics,167,R,1,6
726,reservoir adaptation,a intrepid drama of a teacher and a moose who must kill a car in california,2006,english,foreign,61,PG-13,0,3
727,resurrection silverado,a epic yarn of a robot and a explorer who must challenge a girl in a mysql convention,2006,english,family,117,PG,0,5
728,reunion witches,a unbelieveable documentary of a database administrator and a frisbee who must redeem a mad scientist in a baloon factory,2006,english,drama,63,R,0,5
729,rider caddyshack,a taut reflection of a monkey and a womanizer who must chase a moose in nigeria,2006,english,sports,177,PG,1,4
730,ridgemont submarine,a unbelieveable drama of a waitress and a composer who must sink a mad cow in ancient japan,2006,english,new,46,PG-13,0,8
731,right cranes,a fateful character study of a boat and a cat who must find a database administrator in a jet boat,2006,english,classics,153,PG-13,1,3
732,rings heartbreakers,a amazing yarn of a sumo wrestler and a boat who must conquer a waitress in new orleans,2006,english,action,58,G,0,4
733,river outlaw,a thrilling character study of a squirrel and a lumberjack who must face a hunter in a mysql convention,2006,english,sports,149,PG-13,1,7
734,road roxanne,a boring character study of a waitress and a astronaut who must fight a crocodile in ancient japan,2006,english,documentary,158,R,1,6
735,robbers joon,a thoughtful story of a mad scientist and a waitress who must confront a forensic psychologist in soviet georgia,2006,english,children,102,PG-13,0,7
736,robbery bright,a taut reflection of a robot and a squirrel who must fight a boat in ancient japan,2006,english,family,134,R,1,4
737,rock instinct,a astounding character study of a robot and a moose who must overcome a astronaut in ancient india,2006,english,horror,102,G,0,6
738,rocketeer mother,a awe-inspiring character study of a robot and a sumo wrestler who must discover a womanizer in a shark tank,2006,english,foreign,178,PG-13,1,8
739,rocky war,a fast-paced display of a squirrel and a explorer who must outgun a mad scientist in nigeria,2006,english,drama,145,PG-13,1,5
740,rollercoaster bringing,a beautiful drama of a robot and a lumberjack who must discover a technical writer in a shark tank,2006,english,horror,153,PG-13,1,3
741,roman punk,a thoughtful panorama of a mad cow and a student who must battle a forensic psychologist in berlin,2006,english,music,81,NC-17,0,6
742,roof champion,a lacklusture reflection of a car and a explorer who must find a monkey in a baloon,2006,english,games,101,R,0,0
743,room roman,a awe-inspiring panorama of a composer and a secret agent who must sink a composer in a shark tank,2006,english,animation,60,PG,0,6
744,roots remember,a brilliant drama of a mad cow and a hunter who must escape a hunter in berlin,2006,english,classics,89,PG-13,0,5
745,roses treasure,a astounding panorama of a monkey and a secret agent who must defeat a woman in the first manned space station,2006,english,sports,162,PG-13,1,8
746,rouge squad,a awe-inspiring drama of a astronaut and a frisbee who must conquer a mad scientist in australia,2006,english,games,118,NC-17,0,5
747,roxanne rebel,a astounding story of a pastry chef and a database administrator who must fight a man in the outback,2006,english,games,171,R,1,5
748,rugrats shakespeare,a touching saga of a crocodile and a crocodile who must discover a technical writer in nigeria,2006,english,action,109,PG-13,0,8
749,rules human,a beautiful epistle of a astronaut and a student who must confront a monkey in an abandoned fun house,2006,english,horror,153,R,1,4
750,run pacific,a touching tale of a cat and a pastry chef who must conquer a pastry chef in a mysql convention,2006,english,new,145,R,1,3
751,runaway tenenbaums,a thoughtful documentary of a boat and a man who must meet a boat in an abandoned fun house,2006,english,new,181,NC-17,1,2
752,runner madigan,a thoughtful documentary of a crocodile and a robot who must outrace a womanizer in the outback,2006,english,music,101,NC-17,0,3
753,rush goodfellas,a emotional display of a man and a dentist who must challenge a squirrel in australia,2006,english,family,48,PG,0,8
754,rushmore mermaid,a boring story of a woman and a moose who must reach a husband in a shark tank,2006,english,comedy,150,PG-13,1,2
755,sabrina midnight,a emotional story of a squirrel and a crocodile who must succumb a husband in the sahara desert,2006,english,children,99,PG,0,7
756,saddle antitrust,a stunning epistle of a feminist and a a shark who must battle a woman in an abandoned fun house,2006,english,comedy,80,PG-13,0,3
757,sagebrush clueless,a insightful story of a lumberjack and a hunter who must kill a boy in ancient japan,2006,english,documentary,106,G,0,5
758,saints bride,a fateful tale of a technical writer and a composer who must pursue a explorer in the gulf of mexico,2006,english,drama,125,G,1,3
759,salute apollo,a awe-inspiring character study of a boy and a feminist who must sink a crocodile in ancient china,2006,english,new,73,R,0,6
760,samurai lion,a fast-paced story of a pioneer and a astronaut who must reach a boat in a baloon,2006,english,new,110,G,0,7
761,santa paris,a emotional documentary of a moose and a car who must redeem a mad cow in a baloon factory,2006,english,children,154,PG,1,3
762,sassy packer,a fast-paced documentary of a dog and a teacher who must find a moose in a manhattan penthouse,2006,english,games,154,G,1,4
763,satisfaction confidential,a lacklusture yarn of a dentist and a butler who must meet a secret agent in ancient china,2006,english,sports,75,G,0,5
764,saturday lambs,a thoughtful reflection of a mad scientist and a moose who must kill a husband in a baloon,2006,english,sports,150,G,1,8
765,saturn name,a fateful epistle of a butler and a boy who must redeem a teacher in berlin,2006,english,comedy,182,R,1,4
766,savannah town,a awe-inspiring tale of a astronaut and a database administrator who must chase a secret agent in the gulf of mexico,2006,english,drama,84,PG-13,0,3
767,scalawag duck,a fateful reflection of a car and a teacher who must confront a waitress in a monastery,2006,english,music,183,NC-17,1,8
768,scarface bang,a emotional yarn of a teacher and a girl who must find a teacher in a baloon factory,2006,english,children,102,PG-13,0,6
769,school jacket,a intrepid yarn of a monkey and a boy who must fight a composer in a manhattan penthouse,2006,english,foreign,151,PG-13,1,2
770,scissorhands slums,a awe-inspiring drama of a girl and a technical writer who must meet a feminist in the canadian rockies,2006,english,foreign,147,G,1,3
771,scorpion apollo,a awe-inspiring documentary of a technical writer and a husband who must meet a monkey in an abandoned fun house,2006,english,drama,137,NC-17,1,7
772,sea virgin,a fast-paced documentary of a technical writer and a pastry chef who must escape a moose in a u-boat,2006,english,drama,80,PG,0,6
773,seabiscuit punk,a insightful saga of a man and a forensic psychologist who must discover a mad cow in a mysql convention,2006,english,sports,112,NC-17,0,8
774,searchers wait,a fast-paced tale of a car and a mad scientist who must kill a womanizer in ancient japan,2006,english,comedy,182,NC-17,1,4
775,seattle expecations,a insightful reflection of a crocodile and a sumo wrestler who must meet a technical writer in the sahara desert,2006,english,drama,110,PG-13,0,5
776,secret groundhog,a astounding story of a cat and a database administrator who must build a technical writer in new orleans,2006,english,documentary,90,PG,0,5
777,secretary rouge,a action-packed panorama of a mad cow and a composer who must discover a robot in a baloon factory,2006,english,sports,158,PG,1,6
778,secrets paradise,a fateful saga of a cat and a frisbee who must kill a girl in a manhattan penthouse,2006,english,family,109,G,0,6
779,sense greek,a taut saga of a lumberjack and a pastry chef who must escape a sumo wrestler in an abandoned fun house,2006,english,sports,54,R,0,2
780,sensibility rear,a emotional tale of a robot and a sumo wrestler who must redeem a pastry chef in a baloon factory,2006,english,family,98,PG,0,3
781,seven swarm,a unbelieveable character study of a dog and a mad cow who must kill a monkey in berlin,2006,english,games,127,R,1,2
782,shakespeare saddle,a fast-paced panorama of a lumberjack and a database administrator who must defeat a madman in a mysql convention,2006,english,sports,60,PG-13,0,6
783,shane darkness,a action-packed saga of a moose and a lumberjack who must find a woman in berlin,2006,english,travel,93,PG,0,4
784,shanghai tycoon,a fast-paced character study of a crocodile and a lumberjack who must build a husband in an abandoned fun house,2006,english,travel,47,PG,0,6
785,shawshank bubble,a lacklusture story of a moose and a monkey who must confront a butler in an abandoned amusement park,2006,english,travel,80,PG,0,6
786,shepherd midsummer,a thoughtful drama of a robot and a womanizer who must kill a lumberjack in a baloon,2006,english,children,113,R,0,7
787,shining roses,a awe-inspiring character study of a astronaut and a forensic psychologist who must challenge a madman in ancient india,2006,english,travel,125,G,1,3
788,ship wonderland,a thrilling saga of a monkey and a frisbee who must escape a explorer in the outback,2006,english,documentary,104,R,0,4
789,shock cabin,a fateful tale of a mad cow and a crocodile who must meet a husband in new orleans,2006,english,foreign,79,PG-13,0,8
790,shootist superfly,a fast-paced story of a crocodile and a a shark who must sink a pioneer in berlin,2006,english,drama,67,PG-13,0,7
791,show lord,a fanciful saga of a student and a girl who must find a butler in ancient japan,2006,english,documentary,167,PG-13,1,6
792,shrek license,a fateful yarn of a secret agent and a feminist who must find a feminist in a jet boat,2006,english,foreign,154,PG-13,1,3
793,shrunk divine,a fateful character study of a waitress and a technical writer who must battle a hunter in a baloon,2006,english,action,139,R,1,4
794,side ark,a stunning panorama of a crocodile and a womanizer who must meet a feminist in the canadian rockies,2006,english,action,52,G,0,4
795,siege madre,a boring tale of a frisbee and a crocodile who must vanquish a moose in an abandoned mine shaft,2006,english,family,111,R,0,4
796,sierra divide,a emotional character study of a frisbee and a mad scientist who must build a madman in california,2006,english,sports,135,NC-17,1,5
797,silence kane,a emotional drama of a sumo wrestler and a dentist who must confront a sumo wrestler in a baloon,2006,english,music,67,R,0,5
798,silverado goldfinger,a stunning epistle of a sumo wrestler and a man who must challenge a waitress in ancient india,2006,english,sci-fi,74,PG,0,4
799,simon north,a thrilling documentary of a technical writer and a a shark who must face a pioneer in a shark tank,2006,english,horror,51,NC-17,0,2
800,sinners atlantis,a epic display of a dog and a boat who must succumb a mad scientist in an abandoned mine shaft,2006,english,horror,126,PG-13,1,6
801,sister freddy,a stunning saga of a butler and a woman who must pursue a explorer in australia,2006,english,children,152,PG-13,1,0
802,sky miracle,a epic drama of a mad scientist and a explorer who must succumb a waitress in an abandoned fun house,2006,english,action,132,PG,1,0
803,slacker liaisons,a fast-paced tale of a a shark and a student who must meet a crocodile in ancient china,2006,english,drama,179,R,1,6
804,sleeping suspects,a stunning reflection of a sumo wrestler and a explorer who must sink a frisbee in a mysql convention,2006,english,horror,129,PG-13,1,7
805,sleepless monsoon,a amazing saga of a moose and a pastry chef who must escape a butler in australia,2006,english,animation,64,G,0,5
806,sleepy japanese,a emotional epistle of a moose and a composer who must fight a technical writer in the outback,2006,english,new,137,PG,1,5
807,sleuth orient,a fateful character study of a husband and a dog who must find a feminist in ancient india,2006,english,games,87,NC-17,0,5
808,sling luke,a intrepid character study of a robot and a monkey who must reach a secret agent in an abandoned amusement park,2006,english,classics,84,R,0,2
809,slipper fidelity,a taut reflection of a secret agent and a man who must redeem a explorer in a mysql convention,2006,english,sports,156,PG-13,1,4
810,slums duck,a amazing character study of a teacher and a database administrator who must defeat a waitress in a jet boat,2006,english,family,147,PG,1,7
811,smile earring,a intrepid drama of a teacher and a butler who must build a pastry chef in berlin,2006,english,travel,60,G,0,3
812,smoking barbarella,a lacklusture saga of a mad cow and a mad scientist who must sink a cat in a mysql convention,2006,english,documentary,50,PG-13,0,6
813,smoochy control,a thrilling documentary of a husband and a feminist who must face a mad scientist in ancient china,2006,english,sports,184,R,1,4
814,snatch slipper,a insightful panorama of a woman and a feminist who must defeat a forensic psychologist in berlin,2006,english,comedy,110,PG,0,7
815,snatchers montezuma,a boring epistle of a sumo wrestler and a woman who must escape a man in the canadian rockies,2006,english,classics,74,PG-13,0,3
816,snowman rollercoaster,a fateful display of a lumberjack and a girl who must succumb a mad cow in a manhattan penthouse,2006,english,animation,62,G,0,7
817,soldiers evolution,a lacklusture panorama of a a shark and a pioneer who must confront a student in the first manned space station,2006,english,sci-fi,185,R,1,2
818,something duck,a boring character study of a car and a husband who must outgun a frisbee in the first manned space station,2006,english,drama,180,NC-17,1,5
819,song hedwig,a amazing documentary of a man and a husband who must confront a squirrel in a mysql convention,2006,english,music,165,PG-13,1,3
820,sons interview,a taut character study of a explorer and a mad cow who must battle a hunter in ancient china,2006,english,animation,184,NC-17,1,6
821,sorority queen,a fast-paced display of a squirrel and a composer who must fight a forensic psychologist in a jet boat,2006,english,foreign,184,NC-17,1,4
822,soup wisdom,a fast-paced display of a robot and a butler who must defeat a butler in a mysql convention,2006,english,family,169,R,1,2
823,south wait,a amazing documentary of a car and a robot who must escape a lumberjack in an abandoned amusement park,2006,english,action,143,R,1,7
824,spartacus cheaper,a thrilling panorama of a pastry chef and a secret agent who must overcome a student in a manhattan penthouse,2006,english,family,52,NC-17,0,4
825,speakeasy date,a lacklusture drama of a forensic psychologist and a car who must redeem a man in a manhattan penthouse,2006,english,action,165,PG-13,1,3
826,speed suit,a brilliant display of a frisbee and a mad scientist who must succumb a robot in ancient china,2006,english,travel,124,PG-13,1,2
827,spice sorority,a fateful display of a pioneer and a hunter who must defeat a husband in an abandoned mine shaft,2006,english,drama,141,NC-17,1,6
828,spiking element,a lacklusture epistle of a dentist and a technical writer who must find a dog in a monastery,2006,english,classics,79,G,0,4
829,spinal rocky,a lacklusture epistle of a sumo wrestler and a squirrel who must defeat a explorer in california,2006,english,family,138,PG-13,1,5
830,spirit flintstones,a brilliant yarn of a cat and a car who must confront a explorer in ancient japan,2006,english,horror,149,R,1,4
831,spirited casualties,a taut story of a waitress and a man who must face a car in a baloon factory,2006,english,sci-fi,138,PG-13,1,3
832,splash gump,a taut saga of a crocodile and a boat who must conquer a hunter in a shark tank,2006,english,family,175,PG,1,4
833,splendor patton,a taut story of a dog and a explorer who must find a astronaut in berlin,2006,english,children,134,R,1,7
834,spoilers hellfighters,a fanciful story of a technical writer and a squirrel who must defeat a dog in the gulf of mexico,2006,english,documentary,151,G,1,3
835,spy mile,a thrilling documentary of a feminist and a feminist who must confront a feminist in a baloon,2006,english,games,112,PG-13,0,8
836,squad fish,a fast-paced display of a pastry chef and a dog who must kill a teacher in berlin,2006,english,sports,136,PG,1,3
837,stage world,a lacklusture panorama of a woman and a frisbee who must chase a crocodile in a jet boat,2006,english,comedy,85,PG,0,3
838,stagecoach armageddon,a touching display of a pioneer and a butler who must chase a car in california,2006,english,action,112,R,0,6
839,stallion sundance,a fast-paced tale of a car and a dog who must outgun a a shark in australia,2006,english,sci-fi,130,PG-13,1,2
840,stampede disturbing,a unbelieveable tale of a woman and a lumberjack who must fight a frisbee in a u-boat,2006,english,games,75,R,0,4
841,star operation,a insightful character study of a girl and a car who must pursue a mad cow in a shark tank,2006,english,sports,181,PG,1,7
842,state wasteland,a beautiful display of a cat and a pastry chef who must outrace a mad cow in a jet boat,2006,english,games,113,NC-17,0,4
843,steel santa,a fast-paced yarn of a composer and a frisbee who must face a moose in nigeria,2006,english,classics,143,NC-17,1,7
844,steers armageddon,a stunning character study of a car and a girl who must succumb a car in a mysql convention,2006,english,sports,140,PG,1,4
845,stepmom dream,a touching epistle of a crocodile and a teacher who must build a forensic psychologist in a mysql convention,2006,english,foreign,48,NC-17,0,7
846,sting personal,a fanciful drama of a frisbee and a dog who must fight a madman in a jet boat,2006,english,new,93,NC-17,0,8
847,stock glass,a boring epistle of a crocodile and a lumberjack who must outgun a moose in ancient china,2006,english,new,160,PG,1,4
848,stone fire,a intrepid drama of a astronaut and a crocodile who must find a boat in soviet georgia,2006,english,travel,94,G,0,3
849,storm happiness,a insightful drama of a feminist and a a shark who must vanquish a boat in a shark tank,2006,english,animation,57,NC-17,0,8
850,story side,a lacklusture saga of a boy and a cat who must sink a dentist in an abandoned mine shaft,2006,english,action,163,R,1,7
851,straight hours,a boring panorama of a secret agent and a girl who must sink a waitress in the outback,2006,english,sports,151,R,1,6
852,strangelove desire,a awe-inspiring panorama of a lumberjack and a waitress who must defeat a crocodile in an abandoned amusement park,2006,english,children,103,NC-17,0,7
853,stranger strangers,a awe-inspiring yarn of a womanizer and a explorer who must fight a woman in the first manned space station,2006,english,children,139,G,1,3
854,strangers graffiti,a brilliant character study of a secret agent and a man who must find a cat in the gulf of mexico,2006,english,horror,119,R,0,4
855,streak ridgemont,a astounding character study of a hunter and a waitress who must sink a man in new orleans,2006,english,documentary,132,PG-13,1,4
856,streetcar intentions,a insightful character study of a waitress and a crocodile who must sink a waitress in the gulf of mexico,2006,english,horror,73,R,0,8
857,strictly scarface,a touching reflection of a crocodile and a dog who must chase a hunter in an abandoned fun house,2006,english,comedy,144,PG-13,1,7
858,submarine bed,a amazing display of a car and a monkey who must fight a teacher in soviet georgia,2006,english,comedy,127,R,1,4
859,sugar wonka,a touching story of a dentist and a database administrator who must conquer a astronaut in an abandoned amusement park,2006,english,animation,114,PG,0,6
860,suicides silence,a emotional character study of a car and a girl who must face a composer in a u-boat,2006,english,sci-fi,93,G,0,0
861,suit walls,a touching panorama of a lumberjack and a frisbee who must build a dog in australia,2006,english,games,111,R,0,6
862,summer scarface,a emotional panorama of a lumberjack and a hunter who must meet a girl in a shark tank,2006,english,classics,53,G,0,5
863,sun confessions,a beautiful display of a mad cow and a dog who must redeem a waitress in an abandoned amusement park,2006,english,sci-fi,141,R,1,7
864,sundance invasion,a epic drama of a lumberjack and a explorer who must confront a hunter in a baloon factory,2006,english,children,92,NC-17,0,6
865,sunrise league,a beautiful epistle of a madman and a butler who must face a crocodile in a manhattan penthouse,2006,english,animation,135,PG-13,1,6
866,sunset racer,a awe-inspiring reflection of a astronaut and a a shark who must defeat a forensic psychologist in california,2006,english,family,48,NC-17,0,2
867,super wyoming,a action-packed saga of a pastry chef and a explorer who must discover a a shark in the outback,2006,english,family,58,PG,0,4
868,superfly trip,a beautiful saga of a lumberjack and a teacher who must build a technical writer in an abandoned fun house,2006,english,travel,114,PG,0,3
869,suspects quills,a emotional epistle of a pioneer and a crocodile who must battle a man in a manhattan penthouse,2006,english,action,47,PG,0,7
870,swarm gold,a insightful panorama of a crocodile and a boat who must conquer a sumo wrestler in a mysql convention,2006,english,horror,123,PG-13,1,8
871,sweden shining,a taut documentary of a car and a robot who must conquer a boy in the canadian rockies,2006,english,comedy,176,PG,1,5
872,sweet brotherhood,a unbelieveable epistle of a sumo wrestler and a hunter who must chase a forensic psychologist in a baloon,2006,english,travel,185,R,1,3
873,sweethearts suspects,a brilliant character study of a frisbee and a sumo wrestler who must confront a woman in the gulf of mexico,2006,english,children,108,G,0,8
874,tadpole park,a beautiful tale of a frisbee and a moose who must vanquish a dog in an abandoned amusement park,2006,english,classics,155,PG,1,0
875,talented homicide,a lacklusture panorama of a dentist and a forensic psychologist who must outrace a pioneer in a u-boat,2006,english,sports,173,PG,1,7
876,tarzan videotape,a fast-paced display of a lumberjack and a mad scientist who must succumb a sumo wrestler in the sahara desert,2006,english,horror,91,PG-13,0,2
877,taxi kick,a amazing epistle of a girl and a woman who must outrace a waitress in soviet georgia,2006,english,music,64,PG-13,0,5
878,teen apollo,a awe-inspiring drama of a dog and a man who must escape a robot in a shark tank,2006,english,travel,74,G,0,4
879,telegraph voyage,a fateful yarn of a husband and a dog who must battle a waitress in a jet boat,2006,english,music,148,PG,1,7
880,telemark heartbreakers,a action-packed panorama of a technical writer and a man who must build a forensic psychologist in a manhattan penthouse,2006,english,animation,152,PG-13,1,8
881,temple attraction,a action-packed saga of a forensic psychologist and a woman who must battle a womanizer in soviet georgia,2006,english,horror,71,PG,0,4
882,tenenbaums command,a taut display of a pioneer and a man who must reach a girl in the gulf of mexico,2006,english,drama,99,PG-13,0,4
883,tequila past,a action-packed panorama of a mad scientist and a robot who must challenge a student in nigeria,2006,english,children,53,PG,0,2
884,terminator club,a touching story of a crocodile and a girl who must sink a man in the gulf of mexico,2006,english,music,88,R,0,3
885,texas watch,a awe-inspiring yarn of a student and a teacher who must fight a teacher in an abandoned amusement park,2006,english,horror,179,NC-17,1,2
886,theory mermaid,a fateful yarn of a composer and a monkey who must vanquish a womanizer in the first manned space station,2006,english,animation,184,PG-13,1,4
887,thief pelican,a touching documentary of a madman and a mad scientist who must outrace a feminist in an abandoned mine shaft,2006,english,animation,135,PG-13,1,6
888,thin sagebrush,a emotional drama of a husband and a lumberjack who must build a cat in ancient india,2006,english,documentary,53,PG-13,0,4
889,ties hunger,a insightful saga of a astronaut and a explorer who must pursue a mad scientist in a u-boat,2006,english,children,111,R,0,3
890,tights dawn,a thrilling epistle of a boat and a secret agent who must face a boy in a baloon,2006,english,sports,172,R,1,7
891,timberland sky,a boring display of a man and a dog who must redeem a girl in a u-boat,2006,english,classics,69,G,0,7
892,titanic boondock,a brilliant reflection of a feminist and a dog who must fight a boy in a baloon factory,2006,english,animation,104,R,0,7
893,titans jerk,a unbelieveable panorama of a feminist and a sumo wrestler who must challenge a technical writer in ancient china,2006,english,sci-fi,91,PG,0,8
894,tomatoes hellfighters,a thoughtful epistle of a madman and a astronaut who must overcome a monkey in a shark tank,2006,english,travel,68,PG,0,5
895,tomorrow hustler,a thoughtful story of a moose and a husband who must face a secret agent in the sahara desert,2006,english,classics,142,R,1,7
896,tootsie pilot,a awe-inspiring documentary of a womanizer and a pastry chef who must kill a lumberjack in berlin,2006,english,children,157,PG,1,4
897,torque bound,a emotional display of a crocodile and a husband who must reach a man in ancient japan,2006,english,drama,179,G,1,8
898,tourist pelican,a boring story of a butler and a astronaut who must outrace a pioneer in australia,2006,english,sports,152,PG-13,1,5
899,towers hurricane,a fateful display of a monkey and a car who must sink a husband in a mysql convention,2006,english,classics,144,NC-17,1,3
900,town ark,a awe-inspiring documentary of a moose and a madman who must meet a dog in an abandoned mine shaft,2006,english,foreign,136,R,1,4
901,tracy cider,a touching reflection of a database administrator and a madman who must build a lumberjack in nigeria,2006,english,animation,142,G,1,7
902,trading pinocchio,a emotional character study of a student and a explorer who must discover a frisbee in the first manned space station,2006,english,sports,170,PG,1,7
903,traffic hobbit,a amazing epistle of a squirrel and a lumberjack who must succumb a database administrator in a u-boat,2006,english,travel,139,G,1,2
904,train bunch,a thrilling character study of a robot and a squirrel who must face a dog in ancient india,2006,english,horror,71,R,0,2
905,trainspotting strangers,a fast-paced drama of a pioneer and a mad cow who must challenge a madman in ancient japan,2006,english,comedy,132,PG-13,1,3
906,tramp others,a brilliant display of a composer and a cat who must succumb a a shark in ancient india,2006,english,comedy,171,PG,1,5
907,translation summer,a touching reflection of a man and a monkey who must pursue a womanizer in a mysql convention,2006,english,drama,168,PG-13,1,4
908,trap guys,a unbelieveable story of a boy and a mad cow who must challenge a database administrator in the sahara desert,2006,english,foreign,110,G,0,4
909,treasure command,a emotional saga of a car and a madman who must discover a pioneer in california,2006,english,horror,102,PG-13,0,0
910,treatment jekyll,a boring story of a teacher and a student who must outgun a cat in an abandoned mine shaft,2006,english,drama,87,PG,0,2
911,trip newton,a fanciful character study of a lumberjack and a car who must discover a cat in an abandoned amusement park,2006,english,action,64,PG-13,0,8
912,trojan tomorrow,a astounding panorama of a husband and a sumo wrestler who must pursue a boat in ancient india,2006,english,sci-fi,52,PG,0,6
913,troopers metal,a fanciful drama of a monkey and a feminist who must sink a man in berlin,2006,english,new,115,R,0,6
914,trouble date,a lacklusture panorama of a forensic psychologist and a woman who must kill a explorer in ancient japan,2006,english,travel,61,PG,0,6
915,truman crazy,a thrilling epistle of a moose and a boy who must meet a database administrator in a monastery,2006,english,action,92,G,0,6
916,turn star,a stunning tale of a man and a monkey who must chase a student in new orleans,2006,english,animation,80,G,0,4
917,tuxedo mile,a boring drama of a man and a forensic psychologist who must face a frisbee in ancient india,2006,english,sports,152,R,1,5
918,twisted pirates,a touching display of a frisbee and a boat who must kill a girl in a mysql convention,2006,english,children,152,PG,1,4
919,tycoon gathering,a emotional display of a husband and a a shark who must succumb a madman in a manhattan penthouse,2006,english,games,82,G,0,4
920,unbreakable karate,a amazing character study of a robot and a student who must chase a robot in australia,2006,english,new,62,G,0,5
921,uncut suicides,a intrepid yarn of a explorer and a pastry chef who must pursue a mad cow in a u-boat,2006,english,music,172,PG-13,1,4
922,undefeated dalmations,a unbelieveable display of a crocodile and a feminist who must overcome a moose in an abandoned amusement park,2006,english,horror,107,PG-13,0,7
923,unfaithful kill,a taut documentary of a waitress and a mad scientist who must battle a technical writer in new orleans,2006,english,drama,78,R,0,3
924,unforgiven zoolander,a taut epistle of a monkey and a sumo wrestler who must vanquish a a shark in a baloon factory,2006,english,sci-fi,129,PG,1,5
925,united pilot,a fast-paced reflection of a cat and a mad cow who must fight a car in the sahara desert,2006,english,documentary,164,R,1,5
926,untouchables sunrise,a amazing documentary of a woman and a astronaut who must outrace a teacher in an abandoned fun house,2006,english,documentary,120,NC-17,1,2
927,uprising uptown,a fanciful reflection of a boy and a butler who must pursue a woman in berlin,2006,english,action,174,NC-17,1,4
928,uptown young,a fateful documentary of a dog and a hunter who must pursue a teacher in an abandoned amusement park,2006,english,children,84,PG,0,3
929,usual untouchables,a touching display of a explorer and a lumberjack who must fight a forensic psychologist in a shark tank,2006,english,foreign,128,PG-13,1,4
930,vacation boondock,a fanciful character study of a secret agent and a mad scientist who must reach a teacher in australia,2006,english,sci-fi,145,R,1,6
931,valentine vanishing,a thrilling display of a husband and a butler who must reach a pastry chef in california,2006,english,travel,48,PG-13,0,3
932,valley packer,a astounding documentary of a astronaut and a boy who must outrace a sumo wrestler in berlin,2006,english,comedy,73,G,0,4
933,vampire whale,a epic story of a lumberjack and a monkey who must confront a pioneer in a mysql convention,2006,english,new,126,NC-17,1,3
934,vanilla day,a fast-paced saga of a girl and a forensic psychologist who must redeem a girl in nigeria,2006,english,games,122,NC-17,1,3
935,vanished garden,a intrepid character study of a squirrel and a a shark who must kill a lumberjack in california,2006,english,new,142,R,1,2
936,vanishing rocky,a brilliant reflection of a man and a woman who must conquer a pioneer in a mysql convention,2006,english,music,123,NC-17,1,6
937,varsity trip,a action-packed character study of a astronaut and a explorer who must reach a monkey in a mysql convention,2006,english,new,85,NC-17,0,5
938,velvet terminator,a lacklusture tale of a pastry chef and a technical writer who must confront a crocodile in an abandoned amusement park,2006,english,comedy,173,R,1,6
939,vertigo northwest,a unbelieveable display of a mad scientist and a mad scientist who must outgun a mad cow in ancient japan,2006,english,comedy,90,R,0,4
940,victory academy,a insightful epistle of a mad scientist and a explorer who must challenge a cat in the sahara desert,2006,english,sports,64,PG-13,0,3
941,videotape arsenic,a lacklusture display of a girl and a astronaut who must succumb a student in australia,2006,english,games,145,NC-17,1,7
942,vietnam smoochy,a lacklusture display of a butler and a man who must sink a explorer in soviet georgia,2006,english,drama,174,PG-13,1,4
943,villain desperate,a boring yarn of a pioneer and a feminist who must redeem a cat in an abandoned amusement park,2006,english,documentary,76,PG-13,0,0
944,virgin daisy,a awe-inspiring documentary of a robot and a mad scientist who must reach a database administrator in a shark tank,2006,english,drama,179,PG-13,1,5
945,virginian pluto,a emotional panorama of a dentist and a crocodile who must meet a boy in berlin,2006,english,documentary,164,R,1,8
946,virtual spoilers,a fateful tale of a database administrator and a squirrel who must discover a student in soviet georgia,2006,english,family,144,NC-17,1,4
947,vision torque,a thoughtful documentary of a dog and a man who must sink a man in a shark tank,2006,english,foreign,59,PG-13,0,2
948,voice peach,a amazing panorama of a pioneer and a student who must overcome a mad scientist in a manhattan penthouse,2006,english,new,139,PG-13,1,6
949,volcano texas,a awe-inspiring yarn of a hunter and a feminist who must challenge a dentist in the outback,2006,english,games,157,NC-17,1,6
950,volume house,a boring tale of a dog and a woman who must meet a dentist in california,2006,english,classics,132,PG,1,0
951,voyage legally,a epic tale of a squirrel and a hunter who must conquer a boy in an abandoned mine shaft,2006,english,classics,78,PG-13,0,7
952,wagon jaws,a intrepid drama of a moose and a boat who must kill a explorer in a manhattan penthouse,2006,english,documentary,152,PG,1,3
953,wait cider,a intrepid epistle of a woman and a forensic psychologist who must succumb a astronaut in a manhattan penthouse,2006,english,animation,112,PG-13,0,6
954,wake jaws,a beautiful saga of a feminist and a composer who must challenge a moose in berlin,2006,english,new,73,G,0,0
955,walls artist,a insightful panorama of a teacher and a teacher who must overcome a mad cow in an abandoned fun house,2006,english,children,135,PG,1,0
956,wanda chamber,a insightful drama of a a shark and a pioneer who must find a womanizer in the outback,2006,english,games,107,PG-13,0,4
957,war notting,a boring drama of a teacher and a sumo wrestler who must challenge a secret agent in the canadian rockies,2006,english,foreign,80,G,0,5
958,wardrobe phantom,a action-packed display of a mad cow and a astronaut who must kill a car in ancient india,2006,english,drama,178,G,1,6
959,warlock werewolf,a astounding yarn of a pioneer and a crocodile who must defeat a a shark in the outback,2006,english,children,83,G,0,2
960,wars pluto,a taut reflection of a teacher and a database administrator who must chase a madman in the sahara desert,2006,english,documentary,128,G,1,3
961,wash heavenly,a awe-inspiring reflection of a cat and a pioneer who must escape a hunter in ancient china,2006,english,foreign,161,R,1,5
962,wasteland divine,a fanciful story of a database administrator and a womanizer who must fight a database administrator in ancient china,2006,english,classics,85,PG,0,4
963,watch tracy,a fast-paced yarn of a dog and a frisbee who must conquer a hunter in nigeria,2006,english,animation,78,PG,0,5
964,waterfront deliverance,a unbelieveable documentary of a dentist and a technical writer who must build a womanizer in nigeria,2006,english,action,61,G,0,5
965,watership frontier,a emotional yarn of a boat and a crocodile who must meet a moose in soviet georgia,2006,english,horror,112,G,0,2
966,wedding apollo,a action-packed tale of a student and a waitress who must conquer a lumberjack in an abandoned mine shaft,2006,english,documentary,70,PG,0,6
967,weekend personal,a fast-paced documentary of a car and a butler who must find a frisbee in a jet boat,2006,english,sci-fi,134,R,1,5
968,werewolf lola,a fanciful story of a man and a sumo wrestler who must outrace a student in a monastery,2006,english,action,79,G,0,3
969,west lion,a intrepid drama of a butler and a lumberjack who must challenge a database administrator in a manhattan penthouse,2006,english,drama,159,G,1,4
970,westward seabiscuit,a lacklusture tale of a butler and a husband who must face a boy in ancient china,2006,english,classics,52,NC-17,0,7
971,whale bikini,a intrepid story of a pastry chef and a database administrator who must kill a feminist in a mysql convention,2006,english,foreign,109,PG-13,0,4
972,whisperer giant,a intrepid story of a dentist and a hunter who must confront a monkey in ancient japan,2006,english,sci-fi,59,PG-13,0,6
973,wife turn,a awe-inspiring epistle of a teacher and a feminist who must confront a pioneer in ancient japan,2006,english,documentary,183,NC-17,1,8
974,wild apollo,a beautiful story of a monkey and a sumo wrestler who must conquer a a shark in a mysql convention,2006,english,new,181,R,1,2
975,willow tracy,a brilliant panorama of a boat and a astronaut who must challenge a teacher in a manhattan penthouse,2006,english,family,137,R,1,5
976,wind phantom,a touching saga of a madman and a forensic psychologist who must build a sumo wrestler in an abandoned mine shaft,2006,english,games,111,R,0,6
977,window side,a astounding character study of a womanizer and a hunter who must escape a robot in a monastery,2006,english,travel,85,R,0,3
978,wisdom worker,a unbelieveable saga of a forensic psychologist and a student who must face a squirrel in the first manned space station,2006,english,comedy,98,R,0,3
979,witches panic,a awe-inspiring drama of a secret agent and a hunter who must fight a moose in nigeria,2006,english,drama,100,NC-17,0,7
980,wizard coldblooded,a lacklusture display of a robot and a girl who must defeat a sumo wrestler in a mysql convention,2006,english,music,75,PG,0,5
981,wolves desire,a fast-paced drama of a squirrel and a robot who must succumb a technical writer in a manhattan penthouse,2006,english,travel,55,NC-17,0,6
982,women dorado,a insightful documentary of a waitress and a butler who must vanquish a composer in australia,2006,english,action,126,R,1,7
983,won dares,a unbelieveable documentary of a teacher and a monkey who must defeat a explorer in a u-boat,2006,english,music,105,PG,0,3
984,wonderful drop,a boring panorama of a woman and a madman who must overcome a butler in a u-boat,2006,english,foreign,126,NC-17,1,2
985,wonderland christmas,a awe-inspiring character study of a waitress and a car who must pursue a mad scientist in the first manned space station,2006,english,sci-fi,111,PG,0,7
986,wonka sea,a brilliant saga of a boat and a mad scientist who must meet a moose in ancient india,2006,english,animation,85,NC-17,0,6
987,words hunter,a action-packed reflection of a composer and a mad scientist who must face a pioneer in a mysql convention,2006,english,music,116,PG,0,4
988,worker tarzan,a action-packed yarn of a secret agent and a technical writer who must battle a sumo wrestler in the first manned space station,2006,english,travel,139,R,1,5
989,working microcosmos,a stunning epistle of a dentist and a dog who must kill a madman in ancient china,2006,english,travel,74,R,0,6
990,world leathernecks,a unbelieveable tale of a pioneer and a astronaut who must overcome a robot in an abandoned amusement park,2006,english,horror,171,PG-13,1,2
991,worst banger,a thrilling drama of a madman and a dentist who must conquer a boy in the outback,2006,english,action,185,PG,1,5
992,wrath mile,a intrepid reflection of a technical writer and a hunter who must defeat a sumo wrestler in a monastery,2006,english,documentary,176,NC-17,1,4
993,wrong behavior,a emotional saga of a crocodile and a sumo wrestler who must discover a mad cow in new orleans,2006,english,children,178,PG-13,1,7
994,wyoming storm,a awe-inspiring panorama of a robot and a boat who must overcome a feminist in a u-boat,2006,english,new,100,PG-13,0,3
995,yentl idaho,a amazing display of a robot and a astronaut who must fight a womanizer in berlin,2006,english,horror,86,R,0,6
996,young language,a unbelieveable yarn of a boat and a database administrator who must meet a boy in the first manned space station,2006,english,documentary,183,G,1,2
997,youth kick,a touching drama of a teacher and a cat who must challenge a technical writer in a u-boat,2006,english,music,179,NC-17,1,2
998,zhivago core,a fateful yarn of a composer and a man who must face a boy in the canadian rockies,2006,english,horror,105,NC-17,0,2
999,zoolander fiction,a fateful reflection of a waitress and a boat who must discover a sumo wrestler in ancient china,2006,english,children,101,R,0,5
1000,zorro ark,a intrepid panorama of a mad scientist and a boy who must redeem a boy in a monastery,2006,english,comedy,50,NC-17,0,8
