film_id,title,description,release_year,language,category,length,rating,inventory_count,tipo_produccion
1,Academy dinosaur,A epic drama of a feminist and a mad scientist who must battle a teacher in the canadian rockies,2006,English,Documentary,86,PG,8,pelicula
2,Ace goldfinger,A astounding epistle of a database administrator and a explorer who must find a car in ancient china,2006,English,Horror,48,G,3,cortometraje
3,Adaptation holes,A astounding reflection of a lumberjack and a car who must sink a lumberjack in a baloon factory,2006,English,Documentary,50,NC-17,4,cortometraje
4,Affair prejudice,A fanciful documentary of a frisbee and a lumberjack who must chase a monkey in a shark tank,2006,English,Horror,117,G,7,pelicula
5,African egg,A fast-paced documentary of a pastry chef and a dentist who must pursue a forensic psychologist in the gulf of mexico,2006,English,Family,130,G,3,pelicula
6,Agent truman,A intrepid panorama of a robot and a boy who must escape a sumo wrestler in ancient china,2006,English,Foreign,169,PG,6,pelicula
7,Airplane sierra,A touching saga of a hunter and a butler who must discover a butler in a jet boat,2006,English,Comedy,62,PG-13,5,cortometraje
8,Airport pollock,A epic tale of a moose and a girl who must confront a monkey in ancient india,2006,English,Horror,54,R,4,cortometraje
9,Alabama devil,A thoughtful panorama of a database administrator and a mad scientist who must outgun a mad scientist in a jet boat,2006,English,Horror,114,PG-13,5,pelicula
10,Aladdin calendar,A action-packed tale of a man and a lumberjack who must reach a feminist in ancient china,2006,English,Sports,63,NC-17,7,cortometraje
11,Alamo videotape,A boring epistle of a butler and a cat who must fight a pastry chef in a mysql convention,2006,English,Foreign,126,G,7,pelicula
12,Alaska phantom,A fanciful saga of a hunter and a pastry chef who must vanquish a boy in australia,2006,English,Music,136,PG,7,pelicula
13,Ali forever,A action-packed drama of a dentist and a crocodile who must battle a feminist in the canadian rockies,2006,English,Horror,150,PG,4,pelicula
14,Alice fantasia,A emotional drama of a a shark and a database administrator who must vanquish a pioneer in soviet georgia,2006,English,Classics,94,NC-17,0,pelicula
15,Alien center,A brilliant drama of a cat and a mad scientist who must battle a feminist in a mysql convention,2006,English,Foreign,46,NC-17,6,cortometraje
16,Alley evolution,A fast-paced drama of a robot and a composer who must battle a astronaut in new orleans,2006,English,Foreign,180,NC-17,4,pelicula
17,Alone trip,A fast-paced character study of a composer and a dog who must outgun a boat in an abandoned fun house,2006,English,Music,82,R,6,pelicula
18,Alter victory,A thoughtful drama of a composer and a feminist who must meet a secret agent in the canadian rockies,2006,English,Animation,57,PG-13,6,cortometraje
19,Amadeus holy,A emotional display of a pioneer and a technical writer who must battle a man in a baloon,2006,English,Action,113,PG,6,pelicula
20,Amelie hellfighters,A boring drama of a woman and a squirrel who must conquer a student in a baloon,2006,English,Music,79,R,3,pelicula
21,American circus,A insightful drama of a girl and a astronaut who must face a database administrator in a shark tank,2006,English,Action,129,R,6,pelicula
22,Amistad midsummer,A emotional character study of a dentist and a crocodile who must meet a sumo wrestler in california,2006,English,New,85,G,7,pelicula
23,Anaconda confessions,A lacklusture display of a dentist and a dentist who must fight a girl in australia,2006,English,Animation,92,R,5,pelicula
24,Analyze hoosiers,A thoughtful display of a explorer and a pastry chef who must overcome a feminist in the sahara desert,2006,English,Horror,181,R,4,pelicula
25,Angels life,A thoughtful display of a woman and a astronaut who must battle a robot in berlin,2006,English,New,74,G,6,pelicula
26,Annie identity,A amazing panorama of a pastry chef and a boat who must escape a woman in an abandoned amusement park,2006,English,Sci-fi,86,G,5,pelicula
27,Anonymous human,A amazing reflection of a database administrator and a astronaut who must outrace a database administrator in a shark tank,2006,English,Sports,179,NC-17,4,pelicula
28,Anthem luke,A touching panorama of a waitress and a woman who must outrace a dog in an abandoned amusement park,2006,English,Comedy,91,PG-13,3,pelicula
29,Antitrust tomatoes,A fateful yarn of a womanizer and a feminist who must succumb a database administrator in ancient india,2006,English,Action,168,NC-17,2,pelicula
30,Anything savannah,A epic story of a pastry chef and a woman who must chase a feminist in an abandoned fun house,2006,English,Horror,82,R,2,pelicula
31,Apache divine,A awe-inspiring reflection of a pastry chef and a teacher who must overcome a sumo wrestler in a u-boat,2006,English,Family,92,NC-17,8,pelicula
32,Apocalypse flamingos,A astounding story of a dog and a squirrel who must defeat a woman in an abandoned amusement park,2006,English,New,119,R,2,pelicula
33,Apollo teen,A action-packed reflection of a crocodile and a explorer who must find a sumo wrestler in an abandoned mine shaft,2006,English,Drama,153,PG-13,0,pelicula
34,Arabia dogma,A touching epistle of a madman and a mad cow who must defeat a student in nigeria,2006,English,Horror,62,NC-17,4,cortometraje
35,Arachnophobia rollercoaster,A action-packed reflection of a pastry chef and a composer who must discover a mad scientist in the first manned space station,2006,English,Horror,147,PG-13,7,pelicula
36,Argonauts town,A emotional epistle of a forensic psychologist and a butler who must challenge a waitress in an abandoned mine shaft,2006,English,Animation,127,PG-13,0,pelicula
37,Arizona bang,A brilliant panorama of a mad scientist and a mad cow who must meet a pioneer in a monastery,2006,English,Classics,121,PG,7,pelicula
38,Ark ridgemont,A beautiful yarn of a pioneer and a monkey who must pursue a explorer in the sahara desert,2006,English,Action,68,NC-17,0,cortometraje
39,Armageddon lost,A fast-paced tale of a boat and a teacher who must succumb a composer in an abandoned mine shaft,2006,English,Sci-fi,99,G,7,pelicula
40,Army flintstones,A boring saga of a database administrator and a womanizer who must battle a waitress in nigeria,2006,English,Documentary,148,R,4,pelicula
41,Arsenic independence,A fanciful documentary of a mad cow and a womanizer who must find a dentist in berlin,2006,English,Travel,137,PG,0,pelicula
42,Artist coldblooded,A stunning reflection of a robot and a moose who must challenge a woman in california,2006,English,Sports,170,NC-17,4,pelicula
43,Atlantis cause,A thrilling yarn of a feminist and a hunter who must fight a technical writer in a shark tank,2006,English,Family,170,G,7,pelicula
44,Attacks hate,A fast-paced panorama of a technical writer and a mad scientist who must find a feminist in an abandoned mine shaft,2006,English,Sci-fi,113,PG-13,5,pelicula
45,Attraction newton,A astounding panorama of a composer and a frisbee who must reach a husband in ancient japan,2006,English,New,83,PG-13,6,pelicula
46,Autumn crow,A beautiful tale of a dentist and a mad cow who must battle a moose in the sahara desert,2006,English,Games,108,G,3,pelicula
47,Baby hall,A boring character study of a a shark and a girl who must outrace a feminist in an abandoned mine shaft,2006,English,Foreign,153,NC-17,2,pelicula
48,Backlash undefeated,A stunning character study of a mad scientist and a mad cow who must kill a car in a monastery,2006,English,Children,118,PG-13,4,pelicula
49,Badman dawn,A emotional panorama of a pioneer and a composer who must escape a mad scientist in a jet boat,2006,English,Sci-fi,162,R,6,pelicula
50,Baked cleopatra,A stunning drama of a forensic psychologist and a husband who must overcome a waitress in a monastery,2006,English,Family,182,G,5,pelicula
51,Balloon homeward,A insightful panorama of a forensic psychologist and a mad cow who must build a mad scientist in the first manned space station,2006,English,Music,75,NC-17,6,pelicula
52,Ballroom mockingbird,A thrilling documentary of a composer and a monkey who must find a feminist in california,2006,English,Foreign,173,G,2,pelicula
53,Bang kwai,A epic drama of a madman and a cat who must face a a shark in an abandoned amusement park,2006,English,Family,87,NC-17,2,pelicula
54,Banger pinocchio,A awe-inspiring drama of a car and a pastry chef who must chase a crocodile in the first manned space station,2006,English,Music,113,R,5,pelicula
55,Barbarella streetcar,A awe-inspiring story of a feminist and a cat who must conquer a dog in a monastery,2006,English,Sci-fi,65,G,6,cortometraje
56,Barefoot manchurian,A intrepid story of a cat and a student who must vanquish a girl in an abandoned amusement park,2006,English,Action,129,G,5,pelicula
57,Basic easy,A stunning epistle of a man and a husband who must reach a mad scientist in a jet boat,2006,English,Travel,90,PG-13,7,pelicula
58,Beach heartbreakers,A fateful display of a womanizer and a mad scientist who must outgun a a shark in soviet georgia,2006,English,Documentary,122,G,4,pelicula
59,Bear graceland,A astounding saga of a dog and a boy who must kill a teacher in the first manned space station,2006,English,Children,160,R,5,pelicula
60,Beast hunchback,A awe-inspiring epistle of a student and a squirrel who must defeat a boy in ancient china,2006,English,Classics,89,R,3,pelicula
61,Beauty grease,A fast-paced display of a composer and a moose who must sink a robot in an abandoned mine shaft,2006,English,Drama,175,G,6,pelicula
62,Bed highball,A astounding panorama of a lumberjack and a dog who must redeem a woman in an abandoned fun house,2006,English,Documentary,106,NC-17,2,pelicula
63,Bedazzled married,A astounding character study of a madman and a robot who must meet a mad scientist in an abandoned fun house,2006,English,Family,73,PG,4,pelicula
64,Beethoven exorcist,A epic display of a pioneer and a student who must challenge a butler in the gulf of mexico,2006,English,Drama,151,PG-13,3,pelicula
65,Behavior runaway,A unbelieveable drama of a student and a husband who must outrace a sumo wrestler in berlin,2006,English,Horror,100,PG,4,pelicula
66,Beneath rush,A astounding panorama of a man and a monkey who must discover a man in the first manned space station,2006,English,Children,53,NC-17,3,cortometraje
67,Berets agent,A taut saga of a crocodile and a boy who must overcome a technical writer in ancient china,2006,English,Action,77,PG-13,6,pelicula
68,Betrayed rear,A emotional character study of a boat and a pioneer who must find a explorer in a shark tank,2006,English,Children,122,NC-17,4,pelicula
69,Beverly outlaw,A fanciful documentary of a womanizer and a boat who must defeat a madman in the first manned space station,2006,English,Sci-fi,85,R,8,pelicula
70,Bikini borrowers,A astounding drama of a astronaut and a cat who must discover a woman in the first manned space station,2006,English,Animation,142,NC-17,4,pelicula
71,Bilko anonymous,A emotional reflection of a teacher and a man who must meet a cat in the first manned space station,2006,English,Family,100,PG-13,4,pelicula
72,Bill others,A stunning saga of a mad scientist and a forensic psychologist who must challenge a squirrel in a mysql convention,2006,English,Documentary,93,PG,6,pelicula
73,Bingo talented,A touching tale of a girl and a crocodile who must discover a waitress in nigeria,2006,English,Sci-fi,150,PG-13,8,pelicula
74,Birch antitrust,A fanciful panorama of a husband and a pioneer who must outgun a dog in a baloon,2006,English,Music,162,PG,5,pelicula
75,Bird independence,A thrilling documentary of a car and a student who must sink a hunter in the canadian rockies,2006,English,Travel,163,G,3,pelicula
76,Birdcage casper,A fast-paced saga of a frisbee and a astronaut who must overcome a feminist in ancient india,2006,English,Music,103,NC-17,3,pelicula
77,Birds perdition,A boring story of a womanizer and a pioneer who must face a dog in california,2006,English,New,61,G,6,cortometraje
78,Blackout private,A intrepid yarn of a pastry chef and a mad scientist who must challenge a secret agent in ancient japan,2006,English,Animation,85,PG,7,pelicula
79,Blade polish,A thoughtful character study of a frisbee and a pastry chef who must fight a dentist in the first manned space station,2006,English,Drama,114,PG-13,6,pelicula
80,Blanket beverly,A emotional documentary of a student and a girl who must build a boat in nigeria,2006,English,Family,148,G,4,pelicula
81,Blindness gun,A touching drama of a robot and a dentist who must meet a hunter in a jet boat,2006,English,Sci-fi,103,PG-13,4,pelicula
82,Blood argonauts,A boring drama of a explorer and a man who must kill a lumberjack in a manhattan penthouse,2006,English,Family,71,G,2,pelicula
83,Blues instinct,A insightful documentary of a boat and a composer who must meet a forensic psychologist in an abandoned fun house,2006,English,Family,50,G,5,cortometraje
84,Boiled dares,A awe-inspiring story of a waitress and a dog who must discover a dentist in ancient japan,2006,English,Travel,102,PG,4,pelicula
85,Bonnie holocaust,A fast-paced story of a crocodile and a robot who must find a moose in ancient japan,2006,English,Documentary,63,G,4,cortometraje
86,Boogie amelie,A lacklusture character study of a husband and a sumo wrestler who must succumb a technical writer in the gulf of mexico,2006,English,Music,121,R,8,pelicula
87,Boondock ballroom,A fateful panorama of a crocodile and a boy who must defeat a monkey in the gulf of mexico,2006,English,Travel,76,NC-17,0,pelicula
88,Born spinal,A touching epistle of a frisbee and a husband who must pursue a student in nigeria,2006,English,Travel,179,PG,4,pelicula
89,Borrowers bedazzled,A brilliant epistle of a teacher and a sumo wrestler who must defeat a man in an abandoned fun house,2006,English,Animation,63,G,6,cortometraje
90,Boulevard mob,A fateful epistle of a moose and a monkey who must confront a lumberjack in ancient china,2006,English,New,63,R,6,cortometraje
91,Bound cheaper,A thrilling panorama of a database administrator and a astronaut who must challenge a lumberjack in a baloon,2006,English,Classics,98,PG,8,pelicula
92,Bowfinger gables,A fast-paced yarn of a waitress and a composer who must outgun a dentist in california,2006,English,Horror,72,NC-17,4,pelicula
93,Brannigan sunrise,A amazing epistle of a moose and a crocodile who must outrace a dog in berlin,2006,English,New,121,PG,3,pelicula
94,Braveheart human,A insightful story of a dog and a pastry chef who must battle a girl in berlin,2006,English,Family,176,PG-13,2,pelicula
95,Breakfast goldfinger,A beautiful reflection of a student and a student who must fight a moose in berlin,2006,English,New,123,G,5,pelicula
96,Breaking home,A beautiful display of a secret agent and a monkey who must battle a sumo wrestler in an abandoned mine shaft,2006,English,New,169,PG-13,3,pelicula
97,Bride intrigue,A epic tale of a robot and a monkey who must vanquish a man in new orleans,2006,English,Action,56,G,6,cortometraje
98,Bright encounters,A fateful yarn of a lumberjack and a feminist who must conquer a student in a jet boat,2006,English,Drama,73,PG-13,3,pelicula
99,Bringing hysterical,A fateful saga of a a shark and a technical writer who must find a woman in a jet boat,2006,English,Comedy,136,PG,6,pelicula
100,Brooklyn desert,A beautiful drama of a dentist and a composer who must battle a sumo wrestler in the first manned space station,2006,English,Foreign,161,R,6,pelicula
101,Brotherhood blanket,A fateful character study of a butler and a technical writer who must sink a astronaut in ancient japan,2006,English,Documentary,73,R,6,pelicula
102,Bubble grosse,A awe-inspiring panorama of a crocodile and a moose who must confront a girl in a baloon,2006,English,Sports,60,R,2,cortometraje
103,Bucket brotherhood,A amazing display of a girl and a womanizer who must succumb a lumberjack in a baloon factory,2006,English,Travel,133,PG,8,pelicula
104,Bugsy song,A awe-inspiring character study of a secret agent and a boat who must find a squirrel in the first manned space station,2006,English,Foreign,119,G,3,pelicula
105,Bull shawshank,A fanciful drama of a moose and a squirrel who must conquer a pioneer in the canadian rockies,2006,English,Action,125,NC-17,5,pelicula
106,Bulworth commandments,A amazing display of a mad cow and a pioneer who must redeem a sumo wrestler in the outback,2006,English,Games,61,G,2,cortometraje
107,Bunch minds,A emotional story of a feminist and a feminist who must escape a pastry chef in a mysql convention,2006,English,Drama,63,G,2,cortometraje
108,Butch panther,A lacklusture yarn of a feminist and a database administrator who must face a hunter in new orleans,2006,English,New,67,PG-13,0,cortometraje
109,Butterfly chocolat,A fateful story of a girl and a composer who must conquer a husband in a shark tank,2006,English,New,89,G,8,pelicula
110,Cabin flash,A stunning epistle of a boat and a man who must challenge a a shark in a baloon factory,2006,English,Children,53,NC-17,4,cortometraje
111,Caddyshack jedi,A awe-inspiring epistle of a woman and a madman who must fight a robot in soviet georgia,2006,English,Action,52,NC-17,4,cortometraje
112,Calendar gunfight,A thrilling drama of a frisbee and a lumberjack who must sink a man in nigeria,2006,English,Foreign,120,NC-17,7,pelicula
113,California birds,A thrilling yarn of a database administrator and a robot who must battle a database administrator in ancient india,2006,English,Sports,75,NC-17,4,pelicula
114,Camelot vacation,A touching character study of a woman and a waitress who must battle a pastry chef in a mysql convention,2006,English,Sci-fi,61,NC-17,7,cortometraje
115,Campus remember,A astounding drama of a crocodile and a mad cow who must build a robot in a jet boat,2006,English,Action,167,R,7,pelicula
116,Candidate perdition,A brilliant epistle of a composer and a database administrator who must vanquish a mad scientist in the first manned space station,2006,English,Classics,70,R,6,pelicula
117,Candles grapes,A fanciful character study of a monkey and a explorer who must build a astronaut in an abandoned fun house,2006,English,Games,135,NC-17,6,pelicula
118,Canyon stock,A thoughtful reflection of a waitress and a feminist who must escape a squirrel in a manhattan penthouse,2006,English,Animation,85,R,6,pelicula
119,Caper motions,A fateful saga of a moose and a car who must pursue a woman in a mysql convention,2006,English,Comedy,176,G,7,pelicula
120,Caribbean liberty,A fanciful tale of a pioneer and a technical writer who must outgun a pioneer in a shark tank,2006,English,Sports,92,NC-17,3,pelicula
121,Carol texas,A astounding character study of a composer and a student who must overcome a composer in a monastery,2006,English,Animation,151,PG,6,pelicula
122,Carrie bunch,A amazing epistle of a student and a astronaut who must discover a frisbee in the canadian rockies,2006,English,Horror,114,PG,7,pelicula
123,Casablanca super,A amazing panorama of a crocodile and a forensic psychologist who must pursue a secret agent in the first manned space station,2006,English,Travel,85,G,5,pelicula
124,Casper dragonfly,A intrepid documentary of a boat and a crocodile who must chase a robot in the sahara desert,2006,English,Children,163,PG-13,3,pelicula
125,Cassidy wyoming,A intrepid drama of a frisbee and a hunter who must kill a secret agent in new orleans,2006,English,Travel,61,NC-17,2,cortometraje
126,Casualties encino,A insightful yarn of a a shark and a pastry chef who must face a boy in a monastery,2006,English,Action,179,G,3,pelicula
127,Cat coneheads,A fast-paced panorama of a girl and a a shark who must confront a boy in ancient india,2006,English,Comedy,112,G,8,pelicula
128,Catch amistad,A boring reflection of a lumberjack and a feminist who must discover a woman in nigeria,2006,English,Foreign,183,G,0,pelicula
129,Cause date,A taut tale of a explorer and a pastry chef who must conquer a hunter in a mysql convention,2006,English,Documentary,179,R,6,pelicula
130,Celebrity horn,A amazing documentary of a secret agent and a astronaut who must vanquish a hunter in a shark tank,2006,English,Action,110,PG-13,6,pelicula
131,Center dinosaur,A beautiful character study of a sumo wrestler and a dentist who must find a dog in california,2006,English,Classics,152,PG,6,pelicula
132,Chainsaw uptown,A beautiful documentary of a boy and a robot who must discover a squirrel in australia,2006,English,Sci-fi,114,PG,6,pelicula
133,Chamber italian,A fateful reflection of a moose and a husband who must overcome a monkey in nigeria,2006,English,Music,117,NC-17,4,pelicula
134,Champion flatliners,A amazing story of a mad cow and a dog who must kill a husband in a monastery,2006,English,Animation,51,PG,3,cortometraje
135,Chance resurrection,A astounding story of a forensic psychologist and a forensic psychologist who must overcome a moose in ancient china,2006,English,Sports,70,R,7,pelicula
136,Chaplin license,A boring drama of a dog and a forensic psychologist who must outrace a explorer in ancient india,2006,English,New,146,NC-17,3,pelicula
137,Charade duffel,A action-packed display of a man and a waitress who must build a dog in a mysql convention,2006,English,Sci-fi,66,PG,4,cortometraje
138,Chariots conspiracy,A unbelieveable epistle of a robot and a husband who must chase a robot in the first manned space station,2006,English,Sci-fi,71,R,5,pelicula
139,Chasing fight,A astounding saga of a technical writer and a butler who must battle a butler in a shark tank,2006,English,Family,114,PG,6,pelicula
140,Cheaper clyde,A emotional character study of a pioneer and a girl who must discover a dog in ancient japan,2006,English,Sci-fi,87,G,5,pelicula
141,Chicago north,A fateful yarn of a mad cow and a waitress who must battle a student in california,2006,English,Games,185,PG-13,5,pelicula
142,Chicken hellfighters,A emotional drama of a dog and a explorer who must outrace a technical writer in australia,2006,English,Documentary,122,PG,5,pelicula
143,Chill luck,A lacklusture epistle of a boat and a technical writer who must fight a a shark in the canadian rockies,2006,English,Drama,142,PG,7,pelicula
144,Chinatown gladiator,A brilliant panorama of a technical writer and a lumberjack who must escape a butler in ancient india,2006,English,New,61,PG,0,cortometraje
145,Chisum behavior,A epic documentary of a sumo wrestler and a butler who must kill a car in ancient india,2006,English,Family,124,G,3,pelicula
146,Chitty lock,A boring epistle of a boat and a database administrator who must kill a sumo wrestler in the first manned space station,2006,English,Drama,107,G,3,pelicula
147,Chocolat harry,A action-packed epistle of a dentist and a moose who must meet a mad cow in ancient japan,2006,English,Family,101,NC-17,6,pelicula
148,Chocolate duck,A unbelieveable story of a mad scientist and a technical writer who must discover a composer in ancient china,2006,English,Foreign,132,R,0,pelicula
149,Christmas moonshine,A action-packed epistle of a feminist and a astronaut who must conquer a boat in a manhattan penthouse,2006,English,Children,150,NC-17,6,pelicula
150,Cider desire,A stunning character study of a composer and a mad cow who must succumb a cat in soviet georgia,2006,English,Documentary,101,PG,6,pelicula
151,Cincinatti whisperer,A brilliant saga of a pastry chef and a hunter who must confront a butler in berlin,2006,English,Sci-fi,143,NC-17,4,pelicula
152,Circus youth,A thoughtful drama of a pastry chef and a dentist who must pursue a girl in a baloon,2006,English,Children,90,PG-13,4,pelicula
153,Citizen shrek,A fanciful character study of a technical writer and a husband who must redeem a robot in the outback,2006,English,Sci-fi,165,G,4,pelicula
154,Clash freddy,A amazing yarn of a composer and a squirrel who must escape a astronaut in australia,2006,English,Animation,81,G,7,pelicula
155,Cleopatra devil,A fanciful documentary of a crocodile and a technical writer who must fight a a shark in a baloon,2006,English,New,150,PG-13,5,pelicula
156,Clerks angels,A thrilling display of a sumo wrestler and a girl who must confront a man in a baloon,2006,English,Documentary,164,G,2,pelicula
157,Clockwork paradise,A insightful documentary of a technical writer and a feminist who must challenge a cat in a baloon,2006,English,Children,143,PG-13,3,pelicula
158,Clones pinocchio,A amazing drama of a car and a robot who must pursue a dentist in new orleans,2006,English,Music,124,R,5,pelicula
159,Closer bang,A unbelieveable panorama of a frisbee and a hunter who must vanquish a monkey in ancient india,2006,English,Comedy,58,R,7,cortometraje
160,Club graffiti,A epic tale of a pioneer and a hunter who must escape a girl in a u-boat,2006,English,Animation,65,PG-13,5,cortometraje
161,Clue grail,A taut tale of a butler and a mad scientist who must build a crocodile in ancient china,2006,English,Music,70,NC-17,2,pelicula
162,Clueless bucket,A taut tale of a car and a pioneer who must conquer a sumo wrestler in an abandoned fun house,2006,English,Action,95,R,7,pelicula
163,Clyde theory,A beautiful yarn of a astronaut and a frisbee who must overcome a explorer in a jet boat,2006,English,New,139,PG-13,3,pelicula
164,Coast rainbow,A astounding documentary of a mad cow and a pioneer who must challenge a butler in the sahara desert,2006,English,Documentary,55,PG,5,cortometraje
165,Coldblooded darling,A brilliant panorama of a dentist and a moose who must find a student in the gulf of mexico,2006,English,Sci-fi,70,G,5,pelicula
166,Color philadelphia,A thoughtful panorama of a car and a crocodile who must sink a monkey in the sahara desert,2006,English,Classics,149,G,6,pelicula
167,Coma head,A awe-inspiring drama of a boy and a frisbee who must escape a pastry chef in california,2006,English,Travel,109,NC-17,7,pelicula
168,Comancheros enemy,A boring saga of a lumberjack and a monkey who must find a monkey in the gulf of mexico,2006,English,Children,67,R,2,cortometraje
169,Comforts rush,A unbelieveable panorama of a pioneer and a husband who must meet a mad cow in an abandoned mine shaft,2006,English,Travel,76,NC-17,4,pelicula
170,Command darling,A awe-inspiring tale of a forensic psychologist and a woman who must challenge a database administrator in ancient japan,2006,English,Foreign,120,PG-13,6,pelicula
171,Commandments express,A fanciful saga of a student and a mad scientist who must battle a hunter in an abandoned mine shaft,2006,English,Horror,59,R,0,cortometraje
172,Coneheads smoochy,A touching story of a womanizer and a composer who must pursue a husband in nigeria,2006,English,Drama,112,NC-17,7,pelicula
173,Confessions maguire,A insightful story of a car and a boy who must battle a technical writer in a baloon,2006,English,Drama,65,PG-13,5,cortometraje
174,Confidential interview,A stunning reflection of a cat and a woman who must find a astronaut in ancient japan,2006,English,Music,180,NC-17,8,pelicula
175,Confused candles,A stunning epistle of a cat and a forensic psychologist who must confront a pioneer in a baloon,2006,English,Family,122,PG-13,5,pelicula
176,Congeniality quest,A touching documentary of a cat and a pastry chef who must find a lumberjack in a baloon,2006,English,Sports,87,PG-13,6,pelicula
177,Connecticut tramp,A unbelieveable drama of a crocodile and a mad cow who must reach a dentist in a shark tank,2006,English,Sci-fi,172,R,3,pelicula
178,Connection microcosmos,A fateful documentary of a crocodile and a husband who must face a husband in the first manned space station,2006,English,Comedy,115,G,2,pelicula
179,Conquerer nuts,A taut drama of a mad scientist and a man who must escape a pioneer in an abandoned mine shaft,2006,English,Drama,173,G,4,pelicula
180,Conspiracy spirit,A awe-inspiring story of a student and a frisbee who must conquer a crocodile in an abandoned mine shaft,2006,English,Classics,184,PG-13,2,pelicula
181,Contact anonymous,A insightful display of a a shark and a monkey who must face a database administrator in ancient india,2006,English,Travel,166,PG-13,7,pelicula
182,Control anthem,A fateful documentary of a robot and a student who must battle a cat in a monastery,2006,English,Comedy,185,G,2,pelicula
183,Conversation downhill,A taut character study of a husband and a waitress who must sink a squirrel in a mysql convention,2006,English,Family,112,R,6,pelicula
184,Core suit,A unbelieveable tale of a car and a explorer who must confront a boat in a manhattan penthouse,2006,English,Classics,92,PG-13,5,pelicula
185,Cowboy doom,A astounding drama of a boy and a lumberjack who must fight a butler in a baloon,2006,English,Foreign,146,PG,2,pelicula
186,Craft outfield,A lacklusture display of a explorer and a hunter who must succumb a database administrator in a baloon factory,2006,English,Drama,64,NC-17,4,cortometraje
187,Cranes reservoir,A fanciful documentary of a teacher and a dog who must outgun a forensic psychologist in a baloon factory,2006,English,Sports,57,NC-17,3,cortometraje
188,Crazy home,A fanciful panorama of a boy and a woman who must vanquish a database administrator in the outback,2006,English,Comedy,136,PG,3,pelicula
189,Creatures shakespeare,A emotional drama of a womanizer and a squirrel who must vanquish a crocodile in ancient india,2006,English,Games,139,NC-17,6,pelicula
190,Creepers kane,A awe-inspiring reflection of a squirrel and a boat who must outrace a car in a jet boat,2006,English,Classics,172,NC-17,4,pelicula
191,Crooked frogmen,A unbelieveable drama of a hunter and a database administrator who must battle a crocodile in an abandoned amusement park,2006,English,Children,143,PG-13,6,pelicula
192,Crossing divorce,A beautiful documentary of a dog and a robot who must redeem a womanizer in berlin,2006,English,Foreign,50,R,0,cortometraje
193,Crossroads casualties,A intrepid documentary of a sumo wrestler and a astronaut who must battle a composer in the outback,2006,English,Animation,153,G,8,pelicula
194,Crow grease,A awe-inspiring documentary of a woman and a husband who must sink a database administrator in the first manned space station,2006,English,Action,104,PG,4,pelicula
195,Crowds telemark,A intrepid documentary of a astronaut and a forensic psychologist who must find a frisbee in an abandoned fun house,2006,English,Sci-fi,112,R,0,pelicula
196,Cruelty unforgiven,A brilliant tale of a car and a moose who must battle a dentist in nigeria,2006,English,Classics,69,G,2,cortometraje
197,Crusade honey,A fast-paced reflection of a explorer and a butler who must battle a madman in an abandoned amusement park,2006,English,Sports,112,R,2,pelicula
198,Crystal breaking,A fast-paced character study of a feminist and a explorer who must face a pastry chef in ancient japan,2006,English,Foreign,184,NC-17,0,pelicula
199,Cupboard sinners,A emotional reflection of a frisbee and a boat who must reach a pastry chef in an abandoned amusement park,2006,English,Documentary,56,R,8,cortometraje
200,Curtain videotape,A boring reflection of a dentist and a mad cow who must chase a secret agent in a shark tank,2006,English,Games,133,PG-13,8,pelicula
201,Cyclone family,A lacklusture drama of a student and a monkey who must sink a womanizer in a mysql convention,2006,English,Foreign,176,PG,4,pelicula
202,Daddy pittsburgh,A epic story of a a shark and a student who must confront a explorer in the gulf of mexico,2006,English,Comedy,161,G,3,pelicula
203,Daisy menagerie,A fast-paced saga of a pastry chef and a monkey who must sink a composer in ancient india,2006,English,Sci-fi,84,G,4,pelicula
204,Dalmations sweden,A emotional epistle of a moose and a hunter who must overcome a robot in a manhattan penthouse,2006,English,Drama,106,PG,6,pelicula
205,Dances none,A insightful reflection of a a shark and a dog who must kill a butler in an abandoned amusement park,2006,English,Action,58,NC-17,4,cortometraje
206,Dancing fever,A stunning story of a explorer and a forensic psychologist who must face a crocodile in a shark tank,2006,English,Documentary,144,G,8,pelicula
207,Dangerous uptown,A unbelieveable story of a mad scientist and a woman who must overcome a dog in california,2006,English,Foreign,121,PG,4,pelicula
208,Dares pluto,A fateful story of a robot and a dentist who must defeat a astronaut in new orleans,2006,English,Animation,89,PG-13,3,pelicula
209,Darkness war,A touching documentary of a husband and a hunter who must escape a boy in the sahara desert,2006,English,Drama,99,NC-17,4,pelicula
210,Darko dorado,A stunning reflection of a frisbee and a husband who must redeem a dog in new orleans,2006,English,Action,130,NC-17,3,pelicula
211,Darling breaking,A brilliant documentary of a astronaut and a squirrel who must succumb a student in the gulf of mexico,2006,English,Games,165,PG-13,2,pelicula
212,Darn forrester,A fateful story of a a shark and a explorer who must succumb a technical writer in a jet boat,2006,English,Action,185,G,5,pelicula
213,Date speed,A touching saga of a composer and a moose who must discover a dentist in a mysql convention,2006,English,Family,104,R,4,pelicula
214,Daughter madigan,A beautiful tale of a hunter and a mad scientist who must confront a squirrel in the first manned space station,2006,English,Children,59,PG-13,4,cortometraje
215,Dawn pond,A thoughtful documentary of a dentist and a forensic psychologist who must defeat a waitress in berlin,2006,English,Games,57,PG,6,cortometraje
216,Day unfaithful,A stunning documentary of a composer and a mad scientist who must find a technical writer in a u-boat,2006,English,New,113,G,5,pelicula
217,Dazed punk,A action-packed story of a pioneer and a technical writer who must discover a forensic psychologist in an abandoned amusement park,2006,English,Games,120,G,0,pelicula
218,Deceiver betrayed,A taut story of a moose and a squirrel who must build a husband in ancient india,2006,English,Drama,122,NC-17,7,pelicula
219,Deep crusade,A amazing tale of a crocodile and a squirrel who must discover a composer in australia,2006,English,Documentary,51,PG-13,4,cortometraje
220,Deer virginian,A thoughtful story of a mad cow and a womanizer who must overcome a mad scientist in soviet georgia,2006,English,Music,106,NC-17,8,pelicula
221,Deliverance mulholland,A astounding saga of a monkey and a moose who must conquer a butler in a shark tank,2006,English,Documentary,100,R,0,pelicula
222,Desert poseidon,A brilliant documentary of a butler and a frisbee who must build a astronaut in new orleans,2006,English,Horror,64,R,6,cortometraje
223,Desire alien,A fast-paced tale of a dog and a forensic psychologist who must meet a astronaut in the first manned space station,2006,English,Animation,76,NC-17,2,pelicula
224,Desperate trainspotting,A epic yarn of a forensic psychologist and a teacher who must face a lumberjack in california,2006,English,Travel,81,G,2,pelicula
225,Destination jerk,A beautiful yarn of a teacher and a cat who must build a car in a u-boat,2006,English,Drama,76,PG-13,3,pelicula
226,Destiny saturday,A touching drama of a crocodile and a crocodile who must conquer a explorer in soviet georgia,2006,English,New,56,G,5,cortometraje
227,Details packer,A epic saga of a waitress and a composer who must face a boat in a u-boat,2006,English,Games,88,R,5,pelicula
228,Detective vision,A fanciful documentary of a pioneer and a woman who must redeem a hunter in ancient japan,2006,English,Classics,143,PG-13,7,pelicula
229,Devil desire,A beautiful reflection of a monkey and a dentist who must face a database administrator in ancient japan,2006,English,Action,87,R,4,pelicula
230,Diary panic,A thoughtful character study of a frisbee and a mad cow who must outgun a man in ancient india,2006,English,Drama,107,G,2,pelicula
231,Dinosaur secretary,A action-packed drama of a feminist and a girl who must reach a robot in the canadian rockies,2006,English,Family,63,R,8,cortometraje
232,Dirty ace,A action-packed character study of a forensic psychologist and a girl who must build a dentist in the outback,2006,English,Games,147,NC-17,5,pelicula
233,Disciple mother,A touching reflection of a mad scientist and a boat who must face a moose in a shark tank,2006,English,Travel,141,PG,6,pelicula
234,Disturbing scarface,A lacklusture display of a crocodile and a butler who must overcome a monkey in a u-boat,2006,English,Sci-fi,94,R,7,pelicula
235,Divide monster,A intrepid saga of a man and a forensic psychologist who must reach a squirrel in a monastery,2006,English,Sci-fi,68,PG-13,6,cortometraje
236,Divine resurrection,A boring character study of a man and a womanizer who must succumb a teacher in an abandoned amusement park,2006,English,Games,100,R,4,pelicula
237,Divorce shining,A unbelieveable saga of a crocodile and a student who must discover a cat in ancient india,2006,English,Sports,47,G,2,cortometraje
238,Doctor grail,A insightful drama of a womanizer and a waitress who must reach a forensic psychologist in the outback,2006,English,Children,57,G,2,cortometraje
239,Dogma family,A brilliant character study of a database administrator and a monkey who must succumb a astronaut in new orleans,2006,English,Animation,122,G,8,pelicula
240,Dolls rage,A thrilling display of a pioneer and a frisbee who must escape a teacher in the outback,2006,English,Sci-fi,120,PG-13,3,pelicula
241,Donnie alley,A awe-inspiring tale of a butler and a frisbee who must vanquish a teacher in ancient japan,2006,English,Animation,125,NC-17,4,pelicula
242,Doom dancing,A astounding panorama of a car and a mad scientist who must battle a lumberjack in a mysql convention,2006,English,Comedy,68,R,5,cortometraje
243,Doors president,A awe-inspiring display of a squirrel and a woman who must overcome a boy in the gulf of mexico,2006,English,Animation,49,NC-17,6,cortometraje
244,Dorado notting,A action-packed tale of a sumo wrestler and a a shark who must meet a frisbee in california,2006,English,Music,139,NC-17,7,pelicula
245,Double wrath,A thoughtful yarn of a womanizer and a dog who must challenge a madman in the gulf of mexico,2006,English,Animation,177,R,7,pelicula
246,Doubtfire labyrinth,A intrepid panorama of a butler and a composer who must meet a mad cow in the sahara desert,2006,English,Foreign,154,R,3,pelicula
247,Downhill enough,A emotional tale of a pastry chef and a forensic psychologist who must succumb a monkey in the sahara desert,2006,English,Comedy,47,G,7,cortometraje
248,Dozen lion,A taut drama of a cat and a girl who must defeat a frisbee in the canadian rockies,2006,English,Documentary,177,NC-17,2,pelicula
249,Dracula crystal,A thrilling reflection of a feminist and a cat who must find a frisbee in an abandoned fun house,2006,English,Classics,176,G,6,pelicula
250,Dragon squad,A taut reflection of a boy and a waitress who must outgun a teacher in ancient china,2006,English,Action,170,NC-17,4,pelicula
251,Dragonfly strangers,A boring documentary of a pioneer and a man who must vanquish a man in nigeria,2006,English,New,133,NC-17,5,pelicula
252,Dream pickup,A epic display of a car and a composer who must overcome a forensic psychologist in the gulf of mexico,2006,English,Action,135,PG,6,pelicula
253,Drifter commandments,A epic reflection of a womanizer and a squirrel who must discover a husband in a jet boat,2006,English,Action,61,PG-13,6,cortometraje
254,Driver annie,A lacklusture character study of a butler and a car who must redeem a boat in an abandoned fun house,2006,English,Sports,159,PG-13,5,pelicula
255,Driving polish,A action-packed yarn of a feminist and a technical writer who must sink a boat in an abandoned mine shaft,2006,English,Music,175,NC-17,6,pelicula
256,Drop waterfront,A fanciful documentary of a husband and a explorer who must reach a madman in ancient china,2006,English,Sports,178,R,3,pelicula
257,Drumline cyclone,A insightful panorama of a monkey and a sumo wrestler who must outrace a mad scientist in the canadian rockies,2006,English,Travel,110,G,3,pelicula
258,Drums dynamite,A epic display of a crocodile and a crocodile who must confront a dog in an abandoned amusement park,2006,English,Horror,96,PG,4,pelicula
259,Duck racer,A lacklusture yarn of a teacher and a squirrel who must overcome a dog in a shark tank,2006,English,Animation,116,NC-17,2,pelicula
260,Dude blindness,A stunning reflection of a husband and a lumberjack who must face a frisbee in an abandoned fun house,2006,English,Sports,132,G,4,pelicula
261,Duffel apocalypse,A emotional display of a boat and a explorer who must challenge a madman in a mysql convention,2006,English,Documentary,171,G,2,pelicula
262,Dumbo lust,A touching display of a feminist and a dentist who must conquer a husband in the gulf of mexico,2006,English,Family,119,NC-17,2,pelicula
263,Durham panky,A brilliant panorama of a girl and a boy who must face a mad scientist in an abandoned mine shaft,2006,English,Sports,154,R,7,pelicula
264,Dwarfs alter,A emotional yarn of a girl and a dog who must challenge a composer in ancient japan,2006,English,Games,101,G,2,pelicula
265,Dying maker,A intrepid tale of a boat and a monkey who must kill a cat in california,2006,English,Comedy,168,PG,4,pelicula
266,Dynamite tarzan,A intrepid documentary of a forensic psychologist and a mad scientist who must face a explorer in a u-boat,2006,English,Classics,141,PG-13,8,pelicula
267,Eagles panky,A thoughtful story of a car and a boy who must find a a shark in the sahara desert,2006,English,New,140,NC-17,6,pelicula
268,Early home,A amazing panorama of a mad scientist and a husband who must meet a woman in the outback,2006,English,Animation,96,NC-17,2,pelicula
269,Earring instinct,A stunning character study of a dentist and a mad cow who must find a teacher in nigeria,2006,English,Family,98,R,6,pelicula
270,Earth vision,A stunning drama of a butler and a madman who must outrace a womanizer in ancient india,2006,English,New,85,NC-17,7,pelicula
271,Easy gladiator,A fateful story of a monkey and a girl who must overcome a pastry chef in ancient india,2006,English,Action,148,G,5,pelicula
272,Edge kissing,A beautiful yarn of a composer and a mad cow who must redeem a mad scientist in a jet boat,2006,English,Drama,153,NC-17,4,pelicula
273,Effect gladiator,A beautiful display of a pastry chef and a pastry chef who must outgun a forensic psychologist in a manhattan penthouse,2006,English,Family,107,PG,7,pelicula
274,Egg igby,A beautiful documentary of a boat and a sumo wrestler who must succumb a database administrator in the first manned space station,2006,English,Documentary,67,PG,7,cortometraje
275,Egypt tenenbaums,A intrepid story of a madman and a secret agent who must outrace a astronaut in an abandoned amusement park,2006,English,Horror,85,PG,5,pelicula
276,Element freddy,A awe-inspiring reflection of a waitress and a squirrel who must kill a mad cow in a jet boat,2006,English,Comedy,115,NC-17,4,pelicula
277,Elephant trojan,A beautiful panorama of a lumberjack and a forensic psychologist who must overcome a frisbee in a baloon,2006,English,Horror,126,PG-13,3,pelicula
278,Elf murder,A action-packed story of a frisbee and a woman who must reach a girl in an abandoned mine shaft,2006,English,Music,155,NC-17,2,pelicula
279,Elizabeth shane,A lacklusture display of a womanizer and a dog who must face a sumo wrestler in ancient japan,2006,English,Sports,152,NC-17,2,pelicula
280,Empire malkovich,A amazing story of a feminist and a cat who must face a car in an abandoned fun house,2006,English,Children,177,G,6,pelicula
281,Encino elf,A astounding drama of a feminist and a teacher who must confront a husband in a baloon,2006,English,Games,143,G,6,pelicula
282,Encounters curtain,A insightful epistle of a pastry chef and a womanizer who must build a boat in new orleans,2006,English,Drama,92,NC-17,6,pelicula
283,Ending crowds,A unbelieveable display of a dentist and a madman who must vanquish a squirrel in berlin,2006,English,New,85,NC-17,3,pelicula
284,Enemy odds,A fanciful panorama of a mad scientist and a woman who must pursue a astronaut in ancient india,2006,English,Music,77,NC-17,7,pelicula
285,English bulworth,A intrepid epistle of a pastry chef and a pastry chef who must pursue a crocodile in ancient china,2006,English,Sci-fi,51,PG-13,7,cortometraje
286,Enough raging,A astounding character study of a boat and a secret agent who must find a mad cow in the sahara desert,2006,English,Travel,158,NC-17,5,pelicula
287,Entrapment satisfaction,A thoughtful panorama of a hunter and a teacher who must reach a mad cow in a u-boat,2006,English,Action,176,R,4,pelicula
288,Escape metropolis,A taut yarn of a astronaut and a technical writer who must outgun a boat in new orleans,2006,English,Travel,167,R,6,pelicula
289,Eve resurrection,A awe-inspiring yarn of a pastry chef and a database administrator who must challenge a teacher in a baloon,2006,English,New,66,G,2,cortometraje
290,Everyone craft,A fateful display of a waitress and a dentist who must reach a butler in nigeria,2006,English,Foreign,163,PG,3,pelicula
291,Evolution alter,A fanciful character study of a feminist and a madman who must find a explorer in a baloon factory,2006,English,Sports,174,PG-13,4,pelicula
292,Excitement eve,A brilliant documentary of a monkey and a car who must conquer a crocodile in a shark tank,2006,English,Action,51,G,6,cortometraje
293,Exorcist sting,A touching drama of a dog and a sumo wrestler who must conquer a mad scientist in berlin,2006,English,Sports,167,G,5,pelicula
294,Expecations natural,A amazing drama of a butler and a husband who must reach a a shark in a u-boat,2006,English,Travel,138,PG-13,5,pelicula
295,Expendable stallion,A amazing character study of a mad cow and a squirrel who must discover a hunter in a u-boat,2006,English,Documentary,97,PG,8,pelicula
296,Express lonely,A boring drama of a astronaut and a boat who must face a boat in california,2006,English,Sci-fi,178,R,4,pelicula
297,Extraordinary conquerer,A stunning story of a dog and a feminist who must face a forensic psychologist in berlin,2006,English,Classics,122,G,2,pelicula
298,Eyes driving,A thrilling story of a cat and a waitress who must fight a explorer in the outback,2006,English,Sci-fi,172,PG-13,5,pelicula
299,Factory dragon,A action-packed saga of a teacher and a frisbee who must escape a lumberjack in the sahara desert,2006,English,Travel,144,PG-13,4,pelicula
300,Falcon volume,A fateful saga of a sumo wrestler and a hunter who must redeem a a shark in new orleans,2006,English,Animation,102,PG-13,6,pelicula
301,Family sweet,A epic documentary of a teacher and a boy who must escape a woman in berlin,2006,English,Horror,155,R,8,pelicula
302,Fantasia park,A thoughtful documentary of a mad scientist and a a shark who must outrace a feminist in australia,2006,English,Games,131,G,6,pelicula
303,Fantasy troopers,A touching saga of a teacher and a monkey who must overcome a secret agent in a mysql convention,2006,English,Action,58,PG-13,6,cortometraje
304,Fargo gandhi,A thrilling reflection of a pastry chef and a crocodile who must reach a teacher in the outback,2006,English,Children,130,G,6,pelicula
305,Fatal haunted,A beautiful drama of a student and a secret agent who must confront a dentist in ancient japan,2006,English,New,91,PG,7,pelicula
306,Feathers metal,A thoughtful yarn of a monkey and a teacher who must find a dog in australia,2006,English,Games,104,PG-13,3,pelicula
307,Fellowship autumn,A lacklusture reflection of a dentist and a hunter who must meet a teacher in a baloon,2006,English,Travel,77,NC-17,6,pelicula
308,Ferris mother,A touching display of a frisbee and a frisbee who must kill a girl in the gulf of mexico,2006,English,Comedy,142,PG,4,pelicula
309,Feud frogmen,A brilliant reflection of a database administrator and a mad cow who must chase a woman in the canadian rockies,2006,English,Family,98,R,6,pelicula
310,Fever empire,A insightful panorama of a cat and a boat who must defeat a boat in the gulf of mexico,2006,English,Games,158,R,2,pelicula
311,Fiction christmas,A emotional yarn of a a shark and a student who must battle a robot in an abandoned mine shaft,2006,English,Foreign,72,PG,7,pelicula
312,Fiddler lost,A boring tale of a squirrel and a dog who must challenge a madman in the gulf of mexico,2006,English,Sci-fi,75,R,3,pelicula
313,Fidelity devil,A awe-inspiring drama of a technical writer and a composer who must reach a pastry chef in a u-boat,2006,English,Horror,118,G,6,pelicula
314,Fight jawbreaker,A intrepid panorama of a womanizer and a girl who must escape a girl in a manhattan penthouse,2006,English,Animation,91,R,6,pelicula
315,Finding anaconda,A fateful tale of a database administrator and a girl who must battle a squirrel in new orleans,2006,English,Family,156,R,3,pelicula
316,Fire wolves,A intrepid documentary of a frisbee and a dog who must outrace a lumberjack in nigeria,2006,English,Games,173,R,2,pelicula
317,Fireball philadelphia,A amazing yarn of a dentist and a a shark who must vanquish a madman in an abandoned mine shaft,2006,English,Comedy,148,PG,7,pelicula
318,Firehouse vietnam,A awe-inspiring character study of a boat and a boy who must kill a pastry chef in the sahara desert,2006,English,Action,103,G,0,pelicula
319,Fish opus,A touching display of a feminist and a girl who must confront a astronaut in australia,2006,English,Sci-fi,125,R,7,pelicula
320,Flamingos connecticut,A fast-paced reflection of a composer and a composer who must meet a cat in the sahara desert,2006,English,New,80,PG-13,7,pelicula
321,Flash wars,A astounding saga of a moose and a pastry chef who must chase a student in the gulf of mexico,2006,English,New,123,NC-17,4,pelicula
322,Flatliners killer,A taut display of a secret agent and a waitress who must sink a robot in an abandoned mine shaft,2006,English,Sports,100,G,6,pelicula
323,Flight lies,A stunning character study of a crocodile and a pioneer who must pursue a teacher in new orleans,2006,English,Sports,179,R,4,pelicula
324,Flintstones happiness,A fateful story of a husband and a moose who must vanquish a boy in california,2006,English,Comedy,148,PG-13,5,pelicula
325,Floats garden,A action-packed epistle of a robot and a car who must chase a boat in ancient japan,2006,English,Animation,145,PG-13,0,pelicula
326,Flying hook,A thrilling display of a mad cow and a dog who must challenge a frisbee in nigeria,2006,English,Animation,69,NC-17,6,cortometraje
327,Fool mockingbird,A lacklusture tale of a crocodile and a composer who must defeat a madman in a u-boat,2006,English,Action,158,PG,6,pelicula
328,Forever candidate,A unbelieveable panorama of a technical writer and a man who must pursue a frisbee in a u-boat,2006,English,Children,131,NC-17,4,pelicula
329,Forrest sons,A thrilling documentary of a forensic psychologist and a butler who must defeat a explorer in a jet boat,2006,English,Action,63,R,6,cortometraje
330,Forrester comancheros,A fateful tale of a squirrel and a forensic psychologist who must redeem a man in nigeria,2006,English,Animation,112,NC-17,7,pelicula
331,Forward temple,A astounding display of a forensic psychologist and a mad scientist who must challenge a girl in new orleans,2006,English,Games,90,NC-17,8,pelicula
332,Frankenstein stranger,A insightful character study of a feminist and a pioneer who must pursue a pastry chef in nigeria,2006,English,Comedy,159,NC-17,0,pelicula
333,Freaky pocus,A fast-paced documentary of a pastry chef and a crocodile who must chase a squirrel in the gulf of mexico,2006,English,Music,126,R,4,pelicula
334,Freddy storm,A intrepid saga of a man and a lumberjack who must vanquish a husband in the outback,2006,English,Horror,65,NC-17,6,cortometraje
335,Freedom cleopatra,A emotional reflection of a dentist and a mad cow who must face a squirrel in a baloon,2006,English,Comedy,133,PG-13,2,pelicula
336,French holiday,A thrilling epistle of a dog and a feminist who must kill a madman in berlin,2006,English,Documentary,99,PG,5,pelicula
337,Frida slipper,A fateful story of a lumberjack and a car who must escape a boat in an abandoned mine shaft,2006,English,Foreign,73,R,4,pelicula
338,Frisco forrest,A beautiful documentary of a woman and a pioneer who must pursue a mad scientist in a shark tank,2006,English,Sci-fi,51,PG,3,cortometraje
339,Frogmen breaking,A unbelieveable yarn of a mad scientist and a cat who must chase a lumberjack in australia,2006,English,Travel,111,R,3,pelicula
340,Frontier cabin,A emotional story of a madman and a waitress who must battle a teacher in an abandoned fun house,2006,English,New,183,PG-13,2,pelicula
341,Frost head,A amazing reflection of a lumberjack and a cat who must discover a husband in a mysql convention,2006,English,Classics,82,PG,8,pelicula
342,Fugitive maguire,A taut epistle of a feminist and a sumo wrestler who must battle a crocodile in australia,2006,English,Travel,83,R,4,pelicula
343,Full flatliners,A beautiful documentary of a astronaut and a moose who must pursue a monkey in a shark tank,2006,English,Children,94,PG,2,pelicula
344,Fury murder,A lacklusture reflection of a boat and a forensic psychologist who must fight a waitress in a monastery,2006,English,Children,178,PG-13,5,pelicula
345,Gables metropolis,A fateful display of a cat and a pioneer who must challenge a pastry chef in a baloon factory,2006,English,Family,161,PG,5,pelicula
346,Galaxy sweethearts,A emotional reflection of a womanizer and a pioneer who must face a squirrel in berlin,2006,English,Classics,128,R,6,pelicula
347,Games bowfinger,A astounding documentary of a butler and a explorer who must challenge a butler in a monastery,2006,English,Travel,119,PG-13,4,pelicula
348,Gandhi kwai,A thoughtful display of a mad scientist and a secret agent who must chase a boat in berlin,2006,English,Family,86,PG-13,4,pelicula
349,Gangs pride,A taut character study of a woman and a a shark who must confront a frisbee in berlin,2006,English,Animation,185,PG-13,7,pelicula
350,Garden island,A unbelieveable character study of a womanizer and a madman who must reach a man in the outback,2006,English,Sci-fi,80,G,8,pelicula
351,Gaslight crusade,A amazing epistle of a boy and a astronaut who must redeem a man in the gulf of mexico,2006,English,Horror,106,PG,6,pelicula
352,Gathering calendar,A intrepid tale of a pioneer and a moose who must conquer a frisbee in a mysql convention,2006,English,Games,176,PG-13,4,pelicula
353,Gentlemen stage,A awe-inspiring reflection of a monkey and a student who must overcome a dentist in the first manned space station,2006,English,Foreign,125,NC-17,6,pelicula
354,Ghost groundhog,A brilliant panorama of a madman and a composer who must succumb a car in ancient india,2006,English,Children,85,G,5,pelicula
355,Ghostbusters elf,A thoughtful epistle of a dog and a feminist who must chase a composer in berlin,2006,English,Animation,101,R,2,pelicula
356,Giant troopers,A fateful display of a feminist and a monkey who must vanquish a monkey in the canadian rockies,2006,English,Children,102,R,8,pelicula
357,Gilbert pelican,A fateful tale of a man and a feminist who must conquer a crocodile in a manhattan penthouse,2006,English,Classics,114,G,4,pelicula
358,Gilmore boiled,A unbelieveable documentary of a boat and a husband who must succumb a student in a u-boat,2006,English,Classics,163,R,8,pelicula
359,Gladiator westward,A astounding reflection of a squirrel and a sumo wrestler who must sink a dentist in ancient japan,2006,English,Family,173,PG,0,pelicula
360,Glass dying,A astounding drama of a frisbee and a astronaut who must fight a dog in ancient japan,2006,English,Action,103,G,4,pelicula
361,Gleaming jawbreaker,A amazing display of a composer and a forensic psychologist who must discover a car in the canadian rockies,2006,English,Sports,89,NC-17,8,pelicula
362,Glory tracy,A amazing saga of a woman and a womanizer who must discover a cat in the first manned space station,2006,English,Games,115,PG-13,2,pelicula
363,Go purple,A fast-paced display of a car and a database administrator who must battle a woman in a baloon,2006,English,Music,54,R,6,cortometraje
364,Godfather diary,A stunning saga of a lumberjack and a squirrel who must chase a car in the outback,2006,English,New,73,NC-17,3,pelicula
365,Gold river,A taut documentary of a database administrator and a waitress who must reach a mad scientist in a baloon factory,2006,English,Comedy,154,R,4,pelicula
366,Goldfinger sensibility,A insightful drama of a mad scientist and a hunter who must defeat a pastry chef in new orleans,2006,English,Drama,93,G,7,pelicula
367,Goldmine tycoon,A brilliant epistle of a composer and a frisbee who must conquer a husband in the outback,2006,English,Sci-fi,153,R,7,pelicula
368,Gone trouble,A insightful character study of a mad cow and a forensic psychologist who must conquer a a shark in a manhattan penthouse,2006,English,Drama,84,R,2,pelicula
369,Goodfellas salute,A unbelieveable tale of a dog and a explorer who must sink a mad cow in a baloon factory,2006,English,Sci-fi,56,PG,8,cortometraje
370,Gorgeous bingo,A action-packed display of a sumo wrestler and a car who must overcome a waitress in a baloon factory,2006,English,Children,108,R,5,pelicula
371,Gosford donnie,A epic panorama of a mad scientist and a monkey who must redeem a secret agent in berlin,2006,English,Action,129,G,3,pelicula
372,Graceland dynamite,A taut display of a cat and a girl who must overcome a database administrator in new orleans,2006,English,Sports,140,R,2,pelicula
373,Graduate lord,A lacklusture epistle of a girl and a a shark who must meet a mad scientist in ancient china,2006,English,Children,156,G,5,pelicula
374,Graffiti love,A unbelieveable epistle of a sumo wrestler and a hunter who must build a composer in berlin,2006,English,Sci-fi,117,PG,7,pelicula
375,Grail frankenstein,A unbelieveable saga of a teacher and a monkey who must fight a girl in an abandoned mine shaft,2006,English,Action,85,NC-17,2,pelicula
376,Grapes fury,A boring yarn of a mad cow and a sumo wrestler who must meet a robot in australia,2006,English,Foreign,155,G,7,pelicula
377,Grease youth,A emotional panorama of a secret agent and a waitress who must escape a composer in soviet georgia,2006,English,Family,135,G,6,pelicula
378,Greatest north,A astounding character study of a secret agent and a robot who must build a a shark in berlin,2006,English,Music,93,NC-17,8,pelicula
379,Greedy roots,A amazing reflection of a a shark and a butler who must chase a hunter in the canadian rockies,2006,English,Drama,166,R,4,pelicula
380,Greek everyone,A stunning display of a butler and a teacher who must confront a a shark in the first manned space station,2006,English,Foreign,176,PG,5,pelicula
381,Grinch massage,A intrepid display of a madman and a feminist who must pursue a pioneer in the first manned space station,2006,English,Games,150,R,5,pelicula
382,Grit clockwork,A thoughtful display of a dentist and a squirrel who must confront a lumberjack in a shark tank,2006,English,Games,137,PG,8,pelicula
383,Groove fiction,A unbelieveable reflection of a moose and a a shark who must defeat a lumberjack in an abandoned mine shaft,2006,English,Sports,111,NC-17,5,pelicula
384,Grosse wonderful,A epic drama of a cat and a explorer who must redeem a moose in australia,2006,English,Music,49,R,3,cortometraje
385,Groundhog uncut,A brilliant panorama of a astronaut and a technical writer who must discover a butler in a manhattan penthouse,2006,English,Comedy,139,PG-13,5,pelicula
386,Gump date,A intrepid yarn of a explorer and a student who must kill a husband in an abandoned mine shaft,2006,English,Travel,53,NC-17,0,cortometraje
387,Gun bonnie,A boring display of a sumo wrestler and a husband who must build a waitress in the gulf of mexico,2006,English,Games,100,G,6,pelicula
388,Gunfight moon,A epic reflection of a pastry chef and a explorer who must reach a dentist in the sahara desert,2006,English,Comedy,70,NC-17,6,pelicula
389,Gunfighter mussolini,A touching saga of a robot and a boy who must kill a man in ancient japan,2006,English,Sports,127,PG-13,4,pelicula
390,Guys falcon,A boring story of a woman and a feminist who must redeem a squirrel in a u-boat,2006,English,Sci-fi,84,R,3,pelicula
391,Half outfield,A epic epistle of a database administrator and a crocodile who must face a madman in a jet boat,2006,English,Family,146,PG-13,7,pelicula
392,Hall cassidy,A beautiful panorama of a pastry chef and a a shark who must battle a pioneer in soviet georgia,2006,English,Children,51,NC-17,6,cortometraje
393,Halloween nuts,A amazing panorama of a forensic psychologist and a technical writer who must fight a dentist in a u-boat,2006,English,Documentary,47,PG-13,2,cortometraje
394,Hamlet wisdom,A touching reflection of a man and a man who must sink a robot in the outback,2006,English,Sci-fi,146,R,4,pelicula
395,Handicap boondock,A beautiful display of a pioneer and a squirrel who must vanquish a sumo wrestler in soviet georgia,2006,English,Action,108,R,6,pelicula
396,Hanging deep,A action-packed yarn of a boat and a crocodile who must build a monkey in berlin,2006,English,Drama,62,G,4,cortometraje
397,Hanky october,A boring epistle of a database administrator and a explorer who must pursue a madman in soviet georgia,2006,English,Sci-fi,107,NC-17,7,pelicula
398,Hanover galaxy,A stunning reflection of a girl and a secret agent who must succumb a boy in a mysql convention,2006,English,Music,47,NC-17,4,cortometraje
399,Happiness united,A action-packed panorama of a husband and a feminist who must meet a forensic psychologist in ancient japan,2006,English,Foreign,100,G,2,pelicula
400,Hardly robbers,A emotional character study of a hunter and a car who must kill a woman in berlin,2006,English,Documentary,72,R,2,pelicula
401,Harold french,A stunning saga of a sumo wrestler and a student who must outrace a moose in the sahara desert,2006,English,Drama,168,NC-17,2,pelicula
402,Harper dying,A awe-inspiring reflection of a woman and a cat who must confront a feminist in the sahara desert,2006,English,Animation,52,G,6,cortometraje
403,Harry idaho,A taut yarn of a technical writer and a feminist who must outrace a dog in california,2006,English,Drama,121,PG-13,8,pelicula
404,Hate handicap,A intrepid reflection of a mad scientist and a pioneer who must overcome a hunter in the first manned space station,2006,English,Comedy,107,PG,0,pelicula
405,Haunted antitrust,A amazing saga of a man and a dentist who must reach a technical writer in ancient india,2006,English,Travel,76,NC-17,2,pelicula
406,Haunting pianist,A fast-paced story of a database administrator and a composer who must defeat a squirrel in an abandoned amusement park,2006,English,Games,181,R,6,pelicula
407,Hawk chill,A action-packed drama of a mad scientist and a composer who must outgun a car in australia,2006,English,Documentary,47,PG-13,2,cortometraje
408,Head stranger,A thoughtful saga of a hunter and a crocodile who must confront a dog in the gulf of mexico,2006,English,Games,69,R,7,cortometraje
409,Heartbreakers bright,A awe-inspiring documentary of a a shark and a dentist who must outrace a pastry chef in the canadian rockies,2006,English,Children,59,G,7,cortometraje
410,Heaven freedom,A intrepid story of a butler and a car who must vanquish a man in new orleans,2006,English,Comedy,48,PG,5,cortometraje
411,Heavenly gun,A beautiful yarn of a forensic psychologist and a frisbee who must battle a moose in a jet boat,2006,English,Music,49,NC-17,2,cortometraje
412,Heavyweights beast,A unbelieveable story of a composer and a dog who must overcome a womanizer in an abandoned amusement park,2006,English,Documentary,102,G,8,pelicula
413,Hedwig alter,A action-packed yarn of a womanizer and a lumberjack who must chase a sumo wrestler in a monastery,2006,English,Comedy,169,NC-17,3,pelicula
414,Hellfighters sierra,A taut reflection of a a shark and a dentist who must battle a boat in soviet georgia,2006,English,Foreign,75,PG,6,pelicula
415,High encino,A fateful saga of a waitress and a hunter who must outrace a sumo wrestler in australia,2006,English,Horror,84,R,6,pelicula
416,Highball potter,A action-packed saga of a husband and a dog who must redeem a database administrator in the sahara desert,2006,English,Foreign,110,R,6,pelicula
417,Hills neighbors,A epic display of a hunter and a feminist who must sink a car in a u-boat,2006,English,Action,93,G,6,pelicula
418,Hobbit alien,A emotional drama of a husband and a girl who must outgun a composer in the first manned space station,2006,English,Drama,157,PG-13,8,pelicula
419,Hocus frida,A awe-inspiring tale of a girl and a madman who must outgun a student in a shark tank,2006,English,Family,141,G,0,pelicula
420,Holes brannigan,A fast-paced reflection of a technical writer and a student who must fight a boy in the canadian rockies,2006,English,Sports,128,PG,5,pelicula
421,Holiday games,A insightful reflection of a waitress and a madman who must pursue a boy in ancient japan,2006,English,Foreign,78,PG-13,4,pelicula
422,Hollow jeopardy,A beautiful character study of a robot and a astronaut who must overcome a boat in a monastery,2006,English,Sci-fi,136,NC-17,2,pelicula
423,Hollywood anonymous,A fast-paced epistle of a boy and a explorer who must escape a dog in a u-boat,2006,English,Children,69,PG,4,cortometraje
424,Holocaust highball,A awe-inspiring yarn of a composer and a man who must find a robot in soviet georgia,2006,English,Children,149,R,5,pelicula
425,Holy tadpole,A action-packed display of a feminist and a pioneer who must pursue a dog in a baloon factory,2006,English,Classics,88,R,2,pelicula
426,Home pity,A touching panorama of a man and a secret agent who must challenge a teacher in a mysql convention,2006,English,Music,185,R,3,pelicula
427,Homeward cider,A taut reflection of a astronaut and a squirrel who must fight a squirrel in a manhattan penthouse,2006,English,Documentary,103,R,4,pelicula
428,Homicide peach,A astounding documentary of a hunter and a boy who must confront a boy in a mysql convention,2006,English,Family,141,PG-13,6,pelicula
429,Honey ties,A taut story of a waitress and a crocodile who must outrace a lumberjack in a shark tank,2006,English,Sports,84,R,6,pelicula
430,Hook chariots,A insightful story of a boy and a dog who must redeem a boy in australia,2006,English,Animation,49,G,4,cortometraje
431,Hoosiers birdcage,A astounding display of a explorer and a boat who must vanquish a car in the first manned space station,2006,English,Foreign,176,G,3,pelicula
432,Hope tootsie,A amazing documentary of a student and a sumo wrestler who must outgun a a shark in a shark tank,2006,English,Classics,139,NC-17,5,pelicula
433,Horn working,A stunning display of a mad scientist and a technical writer who must succumb a monkey in a shark tank,2006,English,Animation,95,PG,6,pelicula
434,Horror reign,A touching documentary of a a shark and a car who must build a husband in nigeria,2006,English,Travel,139,R,8,pelicula
435,Hotel happiness,A thrilling yarn of a pastry chef and a a shark who must challenge a mad scientist in the outback,2006,English,Foreign,181,PG-13,2,pelicula
436,Hours rage,A fateful story of a explorer and a feminist who must meet a technical writer in soviet georgia,2006,English,New,122,NC-17,6,pelicula
437,House dynamite,A taut story of a pioneer and a squirrel who must battle a student in soviet georgia,2006,English,Family,109,R,6,pelicula
438,Human graffiti,A beautiful reflection of a womanizer and a sumo wrestler who must chase a database administrator in the gulf of mexico,2006,English,Games,68,NC-17,5,cortometraje
439,Hunchback impossible,A touching yarn of a frisbee and a dentist who must fight a composer in ancient japan,2006,English,Drama,151,PG-13,6,pelicula
440,Hunger roof,A unbelieveable yarn of a student and a database administrator who must outgun a husband in an abandoned mine shaft,2006,English,Foreign,105,G,4,pelicula
441,Hunter alter,A emotional drama of a mad cow and a boat who must redeem a secret agent in a shark tank,2006,English,Documentary,125,PG-13,2,pelicula
442,Hunting musketeers,A thrilling reflection of a pioneer and a dentist who must outrace a womanizer in an abandoned mine shaft,2006,English,Family,65,NC-17,3,cortometraje
443,Hurricane affair,A lacklusture epistle of a database administrator and a woman who must meet a hunter in an abandoned mine shaft,2006,English,Comedy,49,PG,7,cortometraje
444,Hustler party,A emotional reflection of a sumo wrestler and a monkey who must conquer a robot in the sahara desert,2006,English,Comedy,83,NC-17,8,pelicula
445,Hyde doctor,A fanciful documentary of a boy and a woman who must redeem a womanizer in a jet boat,2006,English,Classics,100,G,6,pelicula
446,Hysterical grail,A amazing saga of a madman and a dentist who must build a car in a manhattan penthouse,2006,English,Sports,150,PG,4,pelicula
447,Ice crossing,A fast-paced tale of a butler and a moose who must overcome a pioneer in a manhattan penthouse,2006,English,Games,131,R,7,pelicula
448,Idaho love,A fast-paced drama of a student and a crocodile who must meet a database administrator in the outback,2006,English,New,172,PG-13,5,pelicula
449,Identity lover,A boring tale of a composer and a mad cow who must defeat a car in the outback,2006,English,Sci-fi,119,PG-13,4,pelicula
450,Idols snatchers,A insightful drama of a car and a composer who must fight a man in a monastery,2006,English,Children,84,NC-17,7,pelicula
451,Igby maker,A epic documentary of a hunter and a dog who must outgun a dog in a baloon factory,2006,English,Travel,160,NC-17,5,pelicula
452,Illusion amelie,A emotional epistle of a boat and a mad scientist who must outrace a robot in an abandoned mine shaft,2006,English,Foreign,122,R,4,pelicula
453,Image princess,A lacklusture panorama of a secret agent and a crocodile who must discover a madman in the canadian rockies,2006,English,Sports,178,PG-13,5,pelicula
454,Impact aladdin,A epic character study of a frisbee and a moose who must outgun a technical writer in a shark tank,2006,English,Music,180,PG-13,2,pelicula
455,Impossible prejudice,A awe-inspiring yarn of a monkey and a hunter who must chase a teacher in ancient china,2006,English,Foreign,103,NC-17,4,pelicula
456,Inch jet,A fateful saga of a womanizer and a student who must defeat a butler in a monastery,2006,English,Animation,167,NC-17,6,pelicula
457,Independence hotel,A thrilling tale of a technical writer and a boy who must face a pioneer in a monastery,2006,English,Documentary,157,NC-17,6,pelicula
458,Indian love,A insightful saga of a mad scientist and a mad scientist who must kill a astronaut in an abandoned fun house,2006,English,Family,135,NC-17,6,pelicula
459,Informer double,A action-packed display of a woman and a dentist who must redeem a forensic psychologist in the canadian rockies,2006,English,Foreign,74,NC-17,2,pelicula
460,Innocent usual,A beautiful drama of a pioneer and a crocodile who must challenge a student in the outback,2006,English,Foreign,178,PG-13,8,pelicula
461,Insects stone,A epic display of a butler and a dog who must vanquish a crocodile in a manhattan penthouse,2006,English,Animation,123,NC-17,6,pelicula
462,Insider arizona,A astounding saga of a mad scientist and a hunter who must pursue a robot in a baloon factory,2006,English,Music,78,NC-17,5,pelicula
463,Instinct airport,A touching documentary of a mad cow and a explorer who must confront a butler in a manhattan penthouse,2006,English,Sports,116,PG,5,pelicula
464,Intentions empire,A astounding epistle of a cat and a cat who must conquer a mad cow in a u-boat,2006,English,Animation,107,PG-13,7,pelicula
465,Interview liaisons,A action-packed reflection of a student and a butler who must discover a database administrator in a manhattan penthouse,2006,English,New,59,R,5,cortometraje
466,Intolerable intentions,A awe-inspiring story of a monkey and a pastry chef who must succumb a womanizer in a mysql convention,2006,English,Documentary,63,PG-13,2,cortometraje
467,Intrigue worst,A fanciful character study of a explorer and a mad scientist who must vanquish a squirrel in a jet boat,2006,English,Foreign,181,G,7,pelicula
468,Invasion cyclone,A lacklusture character study of a mad scientist and a womanizer who must outrace a explorer in a monastery,2006,English,Children,97,PG,8,pelicula
469,Iron moon,A fast-paced documentary of a mad cow and a boy who must pursue a dentist in a baloon,2006,English,Classics,46,PG,3,cortometraje
470,Ishtar rocketeer,A astounding saga of a dog and a squirrel who must conquer a dog in an abandoned fun house,2006,English,Animation,79,R,2,pelicula
471,Island exorcist,A fanciful panorama of a technical writer and a boy who must find a dentist in an abandoned fun house,2006,English,Classics,84,NC-17,7,pelicula
472,Italian african,A astounding character study of a monkey and a moose who must outgun a cat in a u-boat,2006,English,Travel,174,G,2,pelicula
473,Jacket frisco,A insightful reflection of a womanizer and a husband who must conquer a pastry chef in a baloon,2006,English,Drama,181,PG-13,5,pelicula
474,Jade bunch,A insightful panorama of a squirrel and a mad cow who must confront a student in the first manned space station,2006,English,Sports,174,NC-17,4,pelicula
475,Japanese run,A awe-inspiring epistle of a feminist and a girl who must sink a girl in the outback,2006,English,Horror,135,G,2,pelicula
476,Jason trap,A thoughtful tale of a woman and a a shark who must conquer a dog in a monastery,2006,English,Family,130,NC-17,7,pelicula
477,Jawbreaker brooklyn,A stunning reflection of a boat and a pastry chef who must succumb a a shark in a jet boat,2006,English,Music,118,PG,3,pelicula
478,Jaws harry,A thrilling display of a database administrator and a monkey who must overcome a dog in an abandoned fun house,2006,English,Comedy,112,G,5,pelicula
479,Jedi beneath,A astounding reflection of a explorer and a dentist who must pursue a student in nigeria,2006,English,Family,128,PG,5,pelicula
480,Jeepers wedding,A astounding display of a composer and a dog who must kill a pastry chef in soviet georgia,2006,English,Classics,84,R,4,pelicula
481,Jekyll frogmen,A fanciful epistle of a student and a astronaut who must kill a waitress in a shark tank,2006,English,New,58,PG,6,cortometraje
482,Jeopardy encino,A boring panorama of a man and a mad cow who must face a explorer in ancient india,2006,English,Classics,102,R,3,pelicula
483,Jericho mulan,A amazing yarn of a hunter and a butler who must defeat a boy in a jet boat,2006,English,Games,171,NC-17,5,pelicula
484,Jerk paycheck,A touching character study of a pastry chef and a database administrator who must reach a a shark in ancient japan,2006,English,Classics,172,NC-17,7,pelicula
485,Jersey sassy,A lacklusture documentary of a madman and a mad cow who must find a feminist in ancient japan,2006,English,Children,60,PG,3,cortometraje
486,Jet neighbors,A amazing display of a lumberjack and a teacher who must outrace a woman in a u-boat,2006,English,Foreign,59,R,6,cortometraje
487,Jingle sagebrush,A epic character study of a feminist and a student who must meet a woman in a baloon,2006,English,Classics,124,PG-13,3,pelicula
488,Joon northwest,A thrilling panorama of a technical writer and a car who must discover a forensic psychologist in a shark tank,2006,English,Sports,105,NC-17,5,pelicula
489,Juggler hardly,A epic story of a mad cow and a astronaut who must challenge a car in california,2006,English,Animation,54,PG-13,8,cortometraje
490,Jumanji blade,A intrepid yarn of a husband and a womanizer who must pursue a mad scientist in new orleans,2006,English,New,121,G,2,pelicula
491,Jumping wrath,A touching epistle of a monkey and a feminist who must discover a boat in berlin,2006,English,Children,74,NC-17,6,pelicula
492,Jungle closer,A boring character study of a boy and a woman who must battle a astronaut in australia,2006,English,New,134,NC-17,2,pelicula
493,Kane exorcist,A epic documentary of a composer and a robot who must overcome a car in berlin,2006,English,Foreign,92,R,3,pelicula
494,Karate moon,A astounding yarn of a womanizer and a dog who must reach a waitress in a mysql convention,2006,English,Horror,120,PG-13,6,pelicula
495,Kentuckian giant,A stunning yarn of a woman and a frisbee who must escape a waitress in a u-boat,2006,English,Horror,169,PG,0,pelicula
496,Kick savannah,A emotional drama of a monkey and a robot who must defeat a monkey in new orleans,2006,English,Travel,179,PG-13,5,pelicula
497,Kill brotherhood,A touching display of a hunter and a secret agent who must redeem a husband in the outback,2006,English,Documentary,54,G,0,cortometraje
498,Killer innocent,A fanciful character study of a student and a explorer who must succumb a composer in an abandoned mine shaft,2006,English,Family,161,R,2,pelicula
499,King evolution,A action-packed tale of a boy and a lumberjack who must chase a madman in a baloon,2006,English,Family,184,NC-17,2,pelicula
500,Kiss glory,A lacklusture reflection of a girl and a husband who must find a robot in the canadian rockies,2006,English,Foreign,163,PG-13,8,pelicula
501,Kissing dolls,A insightful reflection of a pioneer and a teacher who must build a composer in the first manned space station,2006,English,Action,141,R,5,pelicula
502,Knock warlock,A unbelieveable story of a teacher and a boat who must confront a moose in a baloon,2006,English,Comedy,71,PG-13,7,pelicula
503,Kramer chocolate,A amazing yarn of a robot and a pastry chef who must redeem a mad scientist in the outback,2006,English,Sports,171,R,3,pelicula
504,Kwai homeward,A amazing drama of a car and a squirrel who must pursue a car in soviet georgia,2006,English,Drama,46,PG-13,6,cortometraje
505,Labyrinth league,A awe-inspiring saga of a composer and a frisbee who must succumb a pioneer in the sahara desert,2006,English,Children,46,PG-13,4,cortometraje
506,Lady stage,A beautiful character study of a woman and a man who must pursue a explorer in a u-boat,2006,English,Horror,67,PG,6,cortometraje
507,Ladybugs armageddon,A fateful reflection of a dog and a mad scientist who must meet a mad scientist in new orleans,2006,English,Games,113,NC-17,2,pelicula
508,Lambs cincinatti,A insightful story of a man and a feminist who must fight a composer in australia,2006,English,Games,144,PG-13,3,pelicula
509,Language cowboy,A epic yarn of a cat and a madman who must vanquish a dentist in an abandoned amusement park,2006,English,Children,78,NC-17,3,pelicula
510,Lawless vision,A insightful yarn of a boy and a sumo wrestler who must outgun a car in the outback,2006,English,Animation,181,G,4,pelicula
511,Lawrence love,A fanciful yarn of a database administrator and a mad cow who must pursue a womanizer in berlin,2006,English,Action,175,NC-17,5,pelicula
512,League hellfighters,A thoughtful saga of a a shark and a monkey who must outgun a student in ancient china,2006,English,Classics,110,PG-13,6,pelicula
513,Leathernecks dwarfs,A fateful reflection of a dog and a mad cow who must outrace a teacher in an abandoned mine shaft,2006,English,Travel,153,PG-13,2,pelicula
514,Lebowski soldiers,A beautiful epistle of a secret agent and a pioneer who must chase a astronaut in ancient china,2006,English,Drama,69,PG-13,6,cortometraje
515,Legally secretary,A astounding tale of a a shark and a moose who must meet a womanizer in the sahara desert,2006,English,Children,113,PG,2,pelicula
516,Legend jedi,A awe-inspiring epistle of a pioneer and a student who must outgun a crocodile in the outback,2006,English,Music,59,PG,3,cortometraje
517,Lesson cleopatra,A emotional display of a man and a explorer who must build a boy in a manhattan penthouse,2006,English,Sports,167,NC-17,2,pelicula
518,Liaisons sweet,A boring drama of a a shark and a explorer who must redeem a waitress in the canadian rockies,2006,English,Travel,140,PG,6,pelicula
519,Liberty magnificent,A boring drama of a student and a cat who must sink a technical writer in a baloon,2006,English,Sports,138,G,4,pelicula
520,License weekend,A insightful story of a man and a husband who must overcome a madman in a monastery,2006,English,Sci-fi,91,NC-17,2,pelicula
521,Lies treatment,A fast-paced character study of a dentist and a moose who must defeat a composer in the first manned space station,2006,English,Drama,147,NC-17,7,pelicula
522,Life twisted,A thrilling reflection of a teacher and a composer who must find a man in the first manned space station,2006,English,Comedy,137,NC-17,2,pelicula
523,Lights deer,A unbelieveable epistle of a dog and a woman who must confront a moose in the gulf of mexico,2006,English,Classics,174,R,2,pelicula
524,Lion uncut,A intrepid display of a pastry chef and a cat who must kill a a shark in ancient china,2006,English,Comedy,50,PG,6,cortometraje
525,Loathing legally,A boring epistle of a pioneer and a mad scientist who must escape a frisbee in the gulf of mexico,2006,English,Classics,140,R,8,pelicula
526,Lock rear,A thoughtful character study of a squirrel and a technical writer who must outrace a student in ancient japan,2006,English,Travel,120,R,4,pelicula
527,Lola agent,A astounding tale of a mad scientist and a husband who must redeem a database administrator in ancient japan,2006,English,Horror,85,PG,6,pelicula
528,Lolita world,A thrilling drama of a girl and a robot who must redeem a waitress in an abandoned mine shaft,2006,English,Family,155,NC-17,3,pelicula
529,Lonely elephant,A intrepid story of a student and a dog who must challenge a explorer in soviet georgia,2006,English,Comedy,67,G,4,cortometraje
530,Lord arizona,A action-packed display of a frisbee and a pastry chef who must pursue a crocodile in a jet boat,2006,English,Action,108,PG-13,3,pelicula
531,Lose inch,A stunning reflection of a student and a technical writer who must battle a butler in the first manned space station,2006,English,Foreign,137,R,8,pelicula
532,Loser hustler,A stunning drama of a robot and a feminist who must outgun a butler in nigeria,2006,English,Sports,80,PG,4,pelicula
533,Lost bird,A emotional character study of a robot and a a shark who must defeat a technical writer in a manhattan penthouse,2006,English,Foreign,98,PG-13,3,pelicula
534,Louisiana harry,A lacklusture drama of a girl and a technical writer who must redeem a monkey in a shark tank,2006,English,Family,70,PG-13,5,pelicula
535,Love suicides,A brilliant panorama of a hunter and a explorer who must pursue a dentist in an abandoned fun house,2006,English,Horror,181,R,4,pelicula
536,Lovely jingle,A fanciful yarn of a crocodile and a forensic psychologist who must discover a crocodile in the outback,2006,English,Classics,65,PG,5,cortometraje
537,Lover truman,A emotional yarn of a robot and a boy who must outgun a technical writer in a u-boat,2006,English,Classics,75,G,3,pelicula
538,Loverboy attacks,A boring story of a car and a butler who must build a girl in soviet georgia,2006,English,New,162,PG-13,3,pelicula
539,Luck opus,A boring display of a moose and a squirrel who must outrace a teacher in a shark tank,2006,English,Drama,152,NC-17,2,pelicula
540,Lucky flying,A lacklusture character study of a a shark and a man who must find a forensic psychologist in a u-boat,2006,English,Music,97,PG-13,3,pelicula
541,Luke mummy,A taut character study of a boy and a robot who must redeem a mad scientist in ancient india,2006,English,Animation,74,NC-17,2,pelicula
542,Lust lock,A fanciful panorama of a hunter and a dentist who must meet a secret agent in the sahara desert,2006,English,Action,52,G,6,cortometraje
543,Madigan dorado,A astounding character study of a a shark and a a shark who must discover a crocodile in the outback,2006,English,Travel,116,R,2,pelicula
544,Madison trap,A awe-inspiring reflection of a monkey and a dentist who must overcome a pioneer in a u-boat,2006,English,Documentary,147,R,4,pelicula
545,Madness attacks,A fanciful tale of a squirrel and a boat who must defeat a crocodile in the gulf of mexico,2006,English,Foreign,178,PG-13,6,pelicula
546,Madre gables,A intrepid panorama of a sumo wrestler and a forensic psychologist who must discover a moose in the first manned space station,2006,English,Games,98,PG-13,4,pelicula
547,Magic mallrats,A touching documentary of a pastry chef and a pastry chef who must build a mad scientist in california,2006,English,Children,117,PG,2,pelicula
548,Magnificent chitty,A insightful story of a teacher and a hunter who must face a mad cow in california,2006,English,Classics,53,R,2,cortometraje
549,Magnolia forrester,A thoughtful documentary of a composer and a explorer who must conquer a dentist in new orleans,2006,English,Action,171,PG-13,4,pelicula
550,Maguire apache,A fast-paced reflection of a waitress and a hunter who must defeat a forensic psychologist in a baloon,2006,English,Family,74,NC-17,3,pelicula
551,Maiden home,A lacklusture saga of a moose and a teacher who must kill a forensic psychologist in a mysql convention,2006,English,New,138,PG,6,pelicula
552,Majestic floats,A thrilling character study of a moose and a student who must escape a butler in the first manned space station,2006,English,Documentary,130,PG,4,pelicula
553,Maker gables,A stunning display of a moose and a database administrator who must pursue a composer in a jet boat,2006,English,Children,136,PG-13,3,pelicula
554,Malkovich pet,A intrepid reflection of a waitress and a a shark who must kill a squirrel in the outback,2006,English,Classics,159,G,7,pelicula
555,Mallrats united,A thrilling yarn of a waitress and a dentist who must find a hunter in a monastery,2006,English,Comedy,133,PG,7,pelicula
556,Maltese hope,A fast-paced documentary of a crocodile and a sumo wrestler who must conquer a explorer in california,2006,English,Games,127,PG-13,7,pelicula
557,Manchurian curtain,A stunning tale of a mad cow and a boy who must battle a boy in berlin,2006,English,Family,177,PG,5,pelicula
558,Mannequin worst,A astounding saga of a mad cow and a pastry chef who must discover a husband in ancient india,2006,English,New,71,PG-13,2,pelicula
559,Married go,A fanciful story of a womanizer and a dog who must face a forensic psychologist in the sahara desert,2006,English,Sci-fi,114,G,8,pelicula
560,Mars roman,A boring drama of a car and a dog who must succumb a madman in soviet georgia,2006,English,Games,62,NC-17,5,cortometraje
561,Mask peach,A boring character study of a student and a robot who must meet a woman in california,2006,English,New,123,NC-17,4,pelicula
562,Masked bubble,A fanciful documentary of a pioneer and a boat who must pursue a pioneer in an abandoned mine shaft,2006,English,Music,151,PG-13,6,pelicula
563,Massacre usual,A fateful reflection of a waitress and a crocodile who must challenge a forensic psychologist in california,2006,English,Games,165,R,7,pelicula
564,Massage image,A fateful drama of a frisbee and a crocodile who must vanquish a dog in the first manned space station,2006,English,Animation,161,PG,3,pelicula
565,Matrix snowman,A action-packed saga of a womanizer and a woman who must overcome a student in california,2006,English,Foreign,56,PG-13,2,cortometraje
566,Maude mod,A beautiful documentary of a forensic psychologist and a cat who must reach a astronaut in nigeria,2006,English,Foreign,72,R,2,pelicula
567,Meet chocolate,A boring documentary of a dentist and a butler who must confront a monkey in a mysql convention,2006,English,Foreign,80,G,4,pelicula
568,Memento zoolander,A touching epistle of a squirrel and a explorer who must redeem a pastry chef in the sahara desert,2006,English,Comedy,77,NC-17,4,pelicula
569,Menagerie rushmore,A unbelieveable panorama of a composer and a butler who must overcome a database administrator in the first manned space station,2006,English,Animation,147,G,2,pelicula
570,Mermaid insects,A lacklusture drama of a waitress and a husband who must fight a husband in california,2006,English,Sports,104,NC-17,5,pelicula
571,Metal armageddon,A thrilling display of a lumberjack and a crocodile who must meet a monkey in a baloon factory,2006,English,Documentary,161,PG-13,6,pelicula
572,Metropolis coma,A emotional saga of a database administrator and a pastry chef who must confront a teacher in a baloon factory,2006,English,Sci-fi,64,PG-13,8,cortometraje
573,Microcosmos paradise,A touching character study of a boat and a student who must sink a a shark in nigeria,2006,English,Children,105,PG-13,4,pelicula
574,Midnight westward,A taut reflection of a husband and a a shark who must redeem a pastry chef in a monastery,2006,English,Action,86,G,5,pelicula
575,Midsummer groundhog,A fateful panorama of a moose and a dog who must chase a crocodile in ancient japan,2006,English,Documentary,48,G,6,cortometraje
576,Mighty luck,A astounding epistle of a mad scientist and a pioneer who must escape a database administrator in a mysql convention,2006,English,Documentary,122,PG,3,pelicula
577,Mile mulan,A lacklusture epistle of a cat and a husband who must confront a boy in a mysql convention,2006,English,Sports,64,PG,3,cortometraje
578,Million ace,A brilliant documentary of a womanizer and a squirrel who must find a technical writer in the sahara desert,2006,English,Classics,142,PG-13,5,pelicula
579,Minds truman,A taut yarn of a mad scientist and a crocodile who must outgun a database administrator in a monastery,2006,English,Action,149,PG-13,7,pelicula
580,Mine titans,A amazing yarn of a robot and a womanizer who must discover a forensic psychologist in berlin,2006,English,New,166,PG-13,6,pelicula
581,Minority kiss,A insightful display of a lumberjack and a sumo wrestler who must meet a man in the outback,2006,English,Music,59,G,3,cortometraje
582,Miracle virtual,A touching epistle of a butler and a boy who must find a mad scientist in the sahara desert,2006,English,Animation,162,PG-13,2,pelicula
583,Mission zoolander,A intrepid story of a sumo wrestler and a teacher who must meet a a shark in an abandoned fun house,2006,English,Animation,164,PG-13,5,pelicula
584,Mixed doors,A taut drama of a womanizer and a lumberjack who must succumb a pioneer in ancient india,2006,English,Foreign,180,PG-13,2,pelicula
585,Mob duffel,A unbelieveable documentary of a frisbee and a boat who must meet a boy in the canadian rockies,2006,English,Drama,105,G,4,pelicula
586,Mockingbird hollywood,A thoughtful panorama of a man and a car who must sink a composer in berlin,2006,English,Action,60,PG,8,cortometraje
587,Mod secretary,A boring documentary of a mad cow and a cat who must build a lumberjack in new orleans,2006,English,Documentary,77,NC-17,3,pelicula
588,Model fish,A beautiful panorama of a boat and a crocodile who must outrace a dog in australia,2006,English,Children,175,NC-17,4,pelicula
589,Modern dorado,A awe-inspiring story of a butler and a sumo wrestler who must redeem a boy in new orleans,2006,English,Documentary,74,PG,4,pelicula
590,Money harold,A touching tale of a explorer and a boat who must defeat a robot in australia,2006,English,New,135,PG,7,pelicula
591,Monsoon cause,A astounding tale of a crocodile and a car who must outrace a squirrel in a u-boat,2006,English,Games,182,PG,3,pelicula
592,Monster spartacus,A fast-paced story of a waitress and a cat who must fight a girl in australia,2006,English,Music,107,PG,4,pelicula
593,Monterey labyrinth,A awe-inspiring drama of a monkey and a composer who must escape a feminist in a u-boat,2006,English,Horror,158,G,4,pelicula
594,Montezuma command,A thrilling reflection of a waitress and a butler who must battle a butler in a jet boat,2006,English,Action,126,NC-17,3,pelicula
595,Moon bunch,A beautiful tale of a astronaut and a mad cow who must challenge a cat in a baloon factory,2006,English,Foreign,83,PG,8,pelicula
596,Moonshine cabin,A thoughtful display of a astronaut and a feminist who must chase a frisbee in a jet boat,2006,English,Games,171,PG-13,6,pelicula
597,Moonwalker fool,A epic drama of a feminist and a pioneer who must sink a composer in new orleans,2006,English,Games,184,G,4,pelicula
598,Mosquito armageddon,A thoughtful character study of a waitress and a feminist who must build a teacher in ancient japan,2006,English,Sports,57,G,4,cortometraje
599,Mother oleander,A boring tale of a husband and a boy who must fight a squirrel in ancient china,2006,English,Sports,103,R,5,pelicula
600,Motions details,A awe-inspiring reflection of a dog and a student who must kill a car in an abandoned fun house,2006,English,Horror,166,PG,4,pelicula
601,Moulin wake,A astounding story of a forensic psychologist and a cat who must battle a teacher in an abandoned mine shaft,2006,English,Travel,79,PG-13,5,pelicula
602,Mourning purple,A lacklusture display of a waitress and a lumberjack who must chase a pioneer in new orleans,2006,English,Sci-fi,146,PG,5,pelicula
603,Movie shakespeare,A insightful display of a database administrator and a student who must build a hunter in berlin,2006,English,Family,53,PG,6,cortometraje
604,Mulan moon,A emotional saga of a womanizer and a pioneer who must overcome a dentist in a baloon,2006,English,Comedy,160,G,3,pelicula
605,Mulholland beast,A awe-inspiring display of a husband and a squirrel who must battle a sumo wrestler in a jet boat,2006,English,Foreign,157,PG,2,pelicula
606,Mummy creatures,A fateful character study of a crocodile and a monkey who must meet a dentist in australia,2006,English,Sports,160,NC-17,6,pelicula
607,Muppet mile,A lacklusture story of a madman and a teacher who must kill a frisbee in the gulf of mexico,2006,English,Foreign,50,PG,0,cortometraje
608,Murder antitrust,A brilliant yarn of a car and a database administrator who must escape a boy in a mysql convention,2006,English,Children,166,PG,6,pelicula
609,Muscle bright,A stunning panorama of a sumo wrestler and a husband who must redeem a madman in ancient india,2006,English,Travel,185,G,8,pelicula
610,Music boondock,A thrilling tale of a butler and a astronaut who must battle a explorer in the first manned space station,2006,English,Family,129,R,5,pelicula
611,Musketeers wait,A touching yarn of a student and a moose who must fight a mad cow in australia,2006,English,Classics,73,PG,6,pelicula
612,Mussolini spoilers,A thrilling display of a boat and a monkey who must meet a composer in ancient china,2006,English,Sports,180,G,2,pelicula
613,Mystic truman,A epic yarn of a teacher and a hunter who must outgun a explorer in soviet georgia,2006,English,Comedy,92,NC-17,2,pelicula
614,Name detective,A touching saga of a sumo wrestler and a cat who must pursue a mad scientist in nigeria,2006,English,Games,178,PG-13,6,pelicula
615,Nash chocolat,A epic reflection of a monkey and a mad cow who must kill a forensic psychologist in an abandoned mine shaft,2006,English,Animation,180,PG-13,4,pelicula
616,National story,A taut epistle of a mad scientist and a girl who must escape a monkey in california,2006,English,Documentary,92,NC-17,6,pelicula
617,Natural stock,A fast-paced story of a sumo wrestler and a girl who must defeat a car in a baloon factory,2006,English,Family,50,PG-13,3,cortometraje
618,Necklace outbreak,A astounding epistle of a database administrator and a mad scientist who must pursue a cat in california,2006,English,Drama,132,PG,4,pelicula
619,Neighbors charade,A fanciful reflection of a crocodile and a astronaut who must outrace a feminist in an abandoned amusement park,2006,English,Sports,161,R,6,pelicula
620,Nemo campus,A lacklusture reflection of a monkey and a squirrel who must outrace a womanizer in a manhattan penthouse,2006,English,Sci-fi,131,NC-17,5,pelicula
621,Network peak,A unbelieveable reflection of a butler and a boat who must outgun a mad scientist in california,2006,English,Family,75,PG-13,8,pelicula
622,Newsies story,A action-packed character study of a dog and a lumberjack who must outrace a moose in the gulf of mexico,2006,English,Documentary,159,G,2,pelicula
623,Newton labyrinth,A intrepid character study of a moose and a waitress who must find a a shark in ancient india,2006,English,Foreign,75,PG,5,pelicula
624,Nightmare chill,A brilliant display of a robot and a butler who must fight a waitress in an abandoned mine shaft,2006,English,Games,149,PG,7,pelicula
625,None spiking,A boring reflection of a secret agent and a astronaut who must face a composer in a manhattan penthouse,2006,English,Sci-fi,83,NC-17,7,pelicula
626,Noon papi,A unbelieveable character study of a mad scientist and a astronaut who must find a pioneer in a manhattan penthouse,2006,English,Children,57,G,4,cortometraje
627,North tequila,A beautiful character study of a mad cow and a robot who must reach a womanizer in new orleans,2006,English,Documentary,67,NC-17,3,cortometraje
628,Northwest polish,A boring character study of a boy and a a shark who must outrace a womanizer in the outback,2006,English,Sports,172,PG,5,pelicula
629,Notorious reunion,A amazing epistle of a woman and a squirrel who must fight a hunter in a baloon,2006,English,Documentary,128,NC-17,4,pelicula
630,Notting speakeasy,A thoughtful display of a butler and a womanizer who must find a waitress in the canadian rockies,2006,English,Drama,48,PG-13,3,cortometraje
631,Novocaine flight,A fanciful display of a student and a teacher who must outgun a crocodile in nigeria,2006,English,Sports,64,G,5,cortometraje
632,Nuts ties,A thoughtful drama of a explorer and a womanizer who must meet a teacher in california,2006,English,New,145,NC-17,3,pelicula
633,October submarine,A taut epistle of a monkey and a boy who must confront a husband in a jet boat,2006,English,Classics,54,PG-13,3,cortometraje
634,Odds boogie,A thrilling yarn of a feminist and a madman who must battle a hunter in berlin,2006,English,Family,48,NC-17,4,cortometraje
635,Oklahoma jumanji,A thoughtful drama of a dentist and a womanizer who must meet a husband in the sahara desert,2006,English,New,58,PG,2,cortometraje
636,Oleander clue,A boring story of a teacher and a monkey who must succumb a forensic psychologist in a jet boat,2006,English,Music,161,PG,3,pelicula
637,Open african,A lacklusture drama of a secret agent and a explorer who must discover a car in a u-boat,2006,English,Sci-fi,131,PG,5,pelicula
638,Operation operation,A intrepid character study of a man and a frisbee who must overcome a madman in ancient china,2006,English,Comedy,156,G,8,pelicula
639,Opposite necklace,A fateful epistle of a crocodile and a moose who must kill a explorer in nigeria,2006,English,Family,92,PG,3,pelicula
640,Opus ice,A fast-paced drama of a hunter and a boy who must discover a feminist in the sahara desert,2006,English,Foreign,102,R,3,pelicula
641,Orange grapes,A astounding documentary of a butler and a womanizer who must face a dog in a u-boat,2006,English,Foreign,76,PG-13,7,pelicula
642,Order betrayed,A amazing saga of a dog and a a shark who must challenge a cat in the sahara desert,2006,English,Travel,120,PG-13,0,pelicula
643,Orient closer,A astounding epistle of a technical writer and a teacher who must fight a squirrel in the sahara desert,2006,English,Drama,118,R,6,pelicula
644,Oscar gold,A insightful tale of a database administrator and a dog who must face a madman in soviet georgia,2006,English,Animation,115,PG,7,pelicula
645,Others soup,A lacklusture documentary of a mad cow and a madman who must sink a moose in the gulf of mexico,2006,English,Travel,118,PG,6,pelicula
646,Outbreak divine,A unbelieveable yarn of a database administrator and a woman who must succumb a a shark in a u-boat,2006,English,Games,169,NC-17,5,pelicula
647,Outfield massacre,A thoughtful drama of a husband and a secret agent who must pursue a database administrator in ancient india,2006,English,Music,129,NC-17,6,pelicula
648,Outlaw hanky,A thoughtful story of a astronaut and a composer who must conquer a dog in the sahara desert,2006,English,Travel,148,PG-13,6,pelicula
649,Oz liaisons,A epic yarn of a mad scientist and a cat who must confront a womanizer in a baloon factory,2006,English,Animation,85,R,6,pelicula
650,Pacific amistad,A thrilling yarn of a dog and a moose who must kill a pastry chef in a manhattan penthouse,2006,English,Documentary,144,G,6,pelicula
651,Packer madigan,A epic display of a sumo wrestler and a forensic psychologist who must build a woman in an abandoned amusement park,2006,English,Animation,84,PG-13,6,pelicula
652,Pajama jawbreaker,A emotional drama of a boy and a technical writer who must redeem a sumo wrestler in california,2006,English,Classics,126,R,4,pelicula
653,Panic club,A fanciful display of a teacher and a crocodile who must succumb a girl in a baloon,2006,English,Horror,102,G,2,pelicula
654,Panky submarine,A touching documentary of a dentist and a sumo wrestler who must overcome a boy in the gulf of mexico,2006,English,Games,93,G,4,pelicula
655,Panther reds,A brilliant panorama of a moose and a man who must reach a teacher in the gulf of mexico,2006,English,Sci-fi,109,NC-17,6,pelicula
656,Papi necklace,A fanciful display of a car and a monkey who must escape a squirrel in ancient japan,2006,English,Travel,128,PG,2,pelicula
657,Paradise sabrina,A intrepid yarn of a car and a moose who must outrace a crocodile in a manhattan penthouse,2006,English,Comedy,48,PG-13,6,cortometraje
658,Paris weekend,A intrepid story of a squirrel and a crocodile who must defeat a monkey in the outback,2006,English,Horror,121,PG-13,4,pelicula
659,Park citizen,A taut epistle of a sumo wrestler and a girl who must face a husband in ancient japan,2006,English,Action,109,PG-13,2,pelicula
660,Party knock,A fateful display of a technical writer and a butler who must battle a sumo wrestler in an abandoned mine shaft,2006,English,Comedy,107,PG,4,pelicula
661,Past suicides,A intrepid tale of a madman and a astronaut who must challenge a hunter in a monastery,2006,English,Foreign,157,PG-13,4,pelicula
662,Paths control,A astounding documentary of a butler and a cat who must find a frisbee in ancient china,2006,English,Drama,118,PG,4,pelicula
663,Patient sister,A emotional epistle of a squirrel and a robot who must confront a lumberjack in soviet georgia,2006,English,Classics,99,NC-17,5,pelicula
664,Patriot roman,A taut saga of a robot and a database administrator who must challenge a astronaut in california,2006,English,Action,65,PG,5,cortometraje
665,Patton interview,A thrilling documentary of a composer and a secret agent who must succumb a cat in berlin,2006,English,Horror,175,PG,7,pelicula
666,Paycheck wait,A awe-inspiring reflection of a boy and a man who must discover a moose in the sahara desert,2006,English,Drama,145,PG-13,5,pelicula
667,Peach innocent,A action-packed drama of a monkey and a dentist who must chase a butler in berlin,2006,English,Sports,160,PG-13,4,pelicula
668,Peak forever,A insightful reflection of a boat and a secret agent who must vanquish a astronaut in an abandoned mine shaft,2006,English,Sports,80,PG,5,pelicula
669,Pearl destiny,A lacklusture yarn of a astronaut and a pastry chef who must sink a dog in a u-boat,2006,English,Foreign,74,NC-17,0,pelicula
670,Pelican comforts,A epic documentary of a boy and a monkey who must pursue a astronaut in berlin,2006,English,Documentary,48,PG,7,cortometraje
671,Perdition fargo,A fast-paced story of a car and a cat who must outgun a hunter in berlin,2006,English,Sports,99,NC-17,0,pelicula
672,Perfect groove,A thrilling yarn of a dog and a dog who must build a husband in a baloon,2006,English,Comedy,82,PG-13,6,pelicula
673,Personal ladybugs,A epic saga of a hunter and a technical writer who must conquer a cat in ancient japan,2006,English,Music,118,PG-13,4,pelicula
674,Pet haunting,A unbelieveable reflection of a explorer and a boat who must conquer a woman in california,2006,English,Foreign,99,PG,3,pelicula
675,Phantom glory,A beautiful documentary of a astronaut and a crocodile who must discover a madman in a monastery,2006,English,New,60,NC-17,2,cortometraje
676,Philadelphia wife,A taut yarn of a hunter and a astronaut who must conquer a database administrator in the sahara desert,2006,English,Sports,137,PG-13,6,pelicula
677,Pianist outfield,A intrepid story of a boy and a technical writer who must pursue a lumberjack in a monastery,2006,English,New,136,NC-17,7,pelicula
678,Pickup driving,A touching documentary of a husband and a boat who must meet a pastry chef in a baloon factory,2006,English,Sports,77,G,4,pelicula
679,Pilot hoosiers,A awe-inspiring reflection of a crocodile and a sumo wrestler who must meet a forensic psychologist in an abandoned mine shaft,2006,English,Family,50,PG,4,cortometraje
680,Pinocchio simon,A action-packed reflection of a mad scientist and a a shark who must find a feminist in california,2006,English,Comedy,103,PG,6,pelicula
681,Pirates roxanne,A stunning drama of a woman and a lumberjack who must overcome a a shark in the canadian rockies,2006,English,Sports,100,PG,6,pelicula
682,Pittsburgh hunchback,A thrilling epistle of a boy and a boat who must find a student in soviet georgia,2006,English,Family,134,PG-13,3,pelicula
683,Pity bound,A boring panorama of a feminist and a moose who must defeat a database administrator in nigeria,2006,English,Drama,60,NC-17,8,cortometraje
684,Pizza jumanji,A epic saga of a cat and a squirrel who must outgun a robot in a u-boat,2006,English,Games,173,NC-17,2,pelicula
685,Platoon instinct,A thrilling panorama of a man and a woman who must reach a woman in australia,2006,English,New,132,PG-13,2,pelicula
686,Pluto oleander,A action-packed reflection of a car and a moose who must outgun a car in a shark tank,2006,English,New,84,R,4,pelicula
687,Pocus pulp,A intrepid yarn of a frisbee and a dog who must build a astronaut in a baloon factory,2006,English,Documentary,138,NC-17,7,pelicula
688,Polish brooklyn,A boring character study of a database administrator and a lumberjack who must reach a madman in the outback,2006,English,Children,61,PG,4,cortometraje
689,Pollock deliverance,A intrepid story of a madman and a frisbee who must outgun a boat in the sahara desert,2006,English,Foreign,137,PG,6,pelicula
690,Pond seattle,A stunning drama of a teacher and a boat who must battle a feminist in ancient china,2006,English,Animation,185,PG-13,6,pelicula
691,Poseidon forever,A thoughtful epistle of a womanizer and a monkey who must vanquish a dentist in a monastery,2006,English,Sports,159,PG-13,5,pelicula
692,Potluck mixed,A beautiful story of a dog and a technical writer who must outgun a student in a baloon,2006,English,Animation,179,G,3,pelicula
693,Potter connecticut,A thrilling epistle of a frisbee and a cat who must fight a technical writer in berlin,2006,English,Animation,115,PG,5,pelicula
694,Prejudice oleander,A epic saga of a boy and a dentist who must outrace a madman in a u-boat,2006,English,Classics,98,PG-13,6,pelicula
695,President bang,A fateful panorama of a technical writer and a moose who must battle a robot in soviet georgia,2006,English,Family,144,PG,2,pelicula
696,Pride alamo,A thoughtful drama of a a shark and a forensic psychologist who must vanquish a student in ancient india,2006,English,Animation,114,NC-17,5,pelicula
697,Primary glass,A fateful documentary of a pastry chef and a butler who must build a dog in the canadian rockies,2006,English,Action,53,G,8,cortometraje
698,Princess giant,A thrilling yarn of a pastry chef and a monkey who must battle a monkey in a shark tank,2006,English,Documentary,71,NC-17,7,pelicula
699,Private drop,A stunning story of a technical writer and a hunter who must succumb a secret agent in a baloon,2006,English,Games,106,PG,2,pelicula
700,Prix undefeated,A stunning saga of a mad scientist and a boat who must overcome a dentist in ancient china,2006,English,Family,115,R,3,pelicula
701,Psycho shrunk,A amazing panorama of a crocodile and a explorer who must fight a husband in nigeria,2006,English,Games,155,PG-13,0,pelicula
702,Pulp beverly,A unbelieveable display of a dog and a crocodile who must outrace a man in nigeria,2006,English,Horror,89,G,8,pelicula
703,Punk divorce,A fast-paced tale of a pastry chef and a boat who must face a frisbee in the canadian rockies,2006,English,Animation,100,PG,2,pelicula
704,Pure runner,A thoughtful documentary of a student and a madman who must challenge a squirrel in a manhattan penthouse,2006,English,Comedy,121,NC-17,5,pelicula
705,Purple movie,A boring display of a pastry chef and a sumo wrestler who must discover a frisbee in an abandoned amusement park,2006,English,Foreign,88,R,4,pelicula
706,Queen luke,A astounding story of a girl and a boy who must challenge a composer in new orleans,2006,English,Drama,163,PG,6,pelicula
707,Quest mussolini,A fateful drama of a husband and a sumo wrestler who must battle a pastry chef in a baloon factory,2006,English,Action,177,R,6,pelicula
708,Quills bull,A thoughtful story of a pioneer and a woman who must reach a moose in australia,2006,English,Documentary,112,R,4,pelicula
709,Racer egg,A emotional display of a monkey and a waitress who must reach a secret agent in california,2006,English,Drama,147,NC-17,6,pelicula
710,Rage games,A fast-paced saga of a astronaut and a secret agent who must escape a hunter in an abandoned amusement park,2006,English,Family,120,R,6,pelicula
711,Raging airplane,A astounding display of a secret agent and a technical writer who must escape a mad scientist in a jet boat,2006,English,Sci-fi,154,R,4,pelicula
712,Raiders antitrust,A amazing drama of a teacher and a feminist who must meet a woman in the first manned space station,2006,English,Documentary,82,PG-13,0,pelicula
713,Rainbow shock,A action-packed story of a hunter and a boy who must discover a lumberjack in ancient india,2006,English,Documentary,74,PG,0,pelicula
714,Random go,A fateful drama of a frisbee and a student who must confront a cat in a shark tank,2006,English,Sci-fi,73,NC-17,3,pelicula
715,Range moonwalker,A insightful documentary of a hunter and a dentist who must confront a crocodile in a baloon,2006,English,Family,147,PG,7,pelicula
716,Reap unfaithful,A thrilling epistle of a composer and a sumo wrestler who must challenge a mad cow in a mysql convention,2006,English,Horror,136,PG-13,5,pelicula
717,Rear trading,A awe-inspiring reflection of a forensic psychologist and a secret agent who must succumb a pastry chef in soviet georgia,2006,English,Action,97,NC-17,4,pelicula
718,Rebel airport,A intrepid yarn of a database administrator and a boat who must outrace a husband in ancient india,2006,English,Music,73,G,2,pelicula
719,Records zorro,A amazing drama of a mad scientist and a composer who must build a husband in the outback,2006,English,Sports,182,PG,2,pelicula
720,Redemption comforts,A emotional documentary of a dentist and a woman who must battle a mad scientist in ancient china,2006,English,New,179,NC-17,7,pelicula
721,Reds pocus,A lacklusture yarn of a sumo wrestler and a squirrel who must redeem a monkey in soviet georgia,2006,English,Music,182,PG-13,2,pelicula
722,Reef salute,A action-packed saga of a teacher and a lumberjack who must battle a dentist in a baloon,2006,English,Horror,123,NC-17,4,pelicula
723,Reign gentlemen,A emotional yarn of a composer and a man who must escape a butler in the gulf of mexico,2006,English,Sci-fi,82,PG-13,7,pelicula
724,Remember diary,A insightful tale of a technical writer and a waitress who must conquer a monkey in ancient india,2006,English,Family,110,R,6,pelicula
725,Requiem tycoon,A unbelieveable character study of a cat and a database administrator who must pursue a teacher in a monastery,2006,English,Classics,167,R,6,pelicula
726,Reservoir adaptation,A intrepid drama of a teacher and a moose who must kill a car in california,2006,English,Foreign,61,PG-13,3,cortometraje
727,Resurrection silverado,A epic yarn of a robot and a explorer who must challenge a girl in a mysql convention,2006,English,Family,117,PG,5,pelicula
728,Reunion witches,A unbelieveable documentary of a database administrator and a frisbee who must redeem a mad scientist in a baloon factory,2006,English,Drama,63,R,5,cortometraje
729,Rider caddyshack,A taut reflection of a monkey and a womanizer who must chase a moose in nigeria,2006,English,Sports,177,PG,4,pelicula
730,Ridgemont submarine,A unbelieveable drama of a waitress and a composer who must sink a mad cow in ancient japan,2006,English,New,46,PG-13,8,cortometraje
731,Right cranes,A fateful character study of a boat and a cat who must find a database administrator in a jet boat,2006,English,Classics,153,PG-13,3,pelicula
732,Rings heartbreakers,A amazing yarn of a sumo wrestler and a boat who must conquer a waitress in new orleans,2006,English,Action,58,G,4,cortometraje
733,River outlaw,A thrilling character study of a squirrel and a lumberjack who must face a hunter in a mysql convention,2006,English,Sports,149,PG-13,7,pelicula
734,Road roxanne,A boring character study of a waitress and a astronaut who must fight a crocodile in ancient japan,2006,English,Documentary,158,R,6,pelicula
735,Robbers joon,A thoughtful story of a mad scientist and a waitress who must confront a forensic psychologist in soviet georgia,2006,English,Children,102,PG-13,7,pelicula
736,Robbery bright,A taut reflection of a robot and a squirrel who must fight a boat in ancient japan,2006,English,Family,134,R,4,pelicula
737,Rock instinct,A astounding character study of a robot and a moose who must overcome a astronaut in ancient india,2006,English,Horror,102,G,6,pelicula
738,Rocketeer mother,A awe-inspiring character study of a robot and a sumo wrestler who must discover a womanizer in a shark tank,2006,English,Foreign,178,PG-13,8,pelicula
739,Rocky war,A fast-paced display of a squirrel and a explorer who must outgun a mad scientist in nigeria,2006,English,Drama,145,PG-13,5,pelicula
740,Rollercoaster bringing,A beautiful drama of a robot and a lumberjack who must discover a technical writer in a shark tank,2006,English,Horror,153,PG-13,3,pelicula
741,Roman punk,A thoughtful panorama of a mad cow and a student who must battle a forensic psychologist in berlin,2006,English,Music,81,NC-17,6,pelicula
742,Roof champion,A lacklusture reflection of a car and a explorer who must find a monkey in a baloon,2006,English,Games,101,R,0,pelicula
743,Room roman,A awe-inspiring panorama of a composer and a secret agent who must sink a composer in a shark tank,2006,English,Animation,60,PG,6,cortometraje
744,Roots remember,A brilliant drama of a mad cow and a hunter who must escape a hunter in berlin,2006,English,Classics,89,PG-13,5,pelicula
745,Roses treasure,A astounding panorama of a monkey and a secret agent who must defeat a woman in the first manned space station,2006,English,Sports,162,PG-13,8,pelicula
746,Rouge squad,A awe-inspiring drama of a astronaut and a frisbee who must conquer a mad scientist in australia,2006,English,Games,118,NC-17,5,pelicula
747,Roxanne rebel,A astounding story of a pastry chef and a database administrator who must fight a man in the outback,2006,English,Games,171,R,5,pelicula
748,Rugrats shakespeare,A touching saga of a crocodile and a crocodile who must discover a technical writer in nigeria,2006,English,Action,109,PG-13,8,pelicula
749,Rules human,A beautiful epistle of a astronaut and a student who must confront a monkey in an abandoned fun house,2006,English,Horror,153,R,4,pelicula
750,Run pacific,A touching tale of a cat and a pastry chef who must conquer a pastry chef in a mysql convention,2006,English,New,145,R,3,pelicula
751,Runaway tenenbaums,A thoughtful documentary of a boat and a man who must meet a boat in an abandoned fun house,2006,English,New,181,NC-17,2,pelicula
752,Runner madigan,A thoughtful documentary of a crocodile and a robot who must outrace a womanizer in the outback,2006,English,Music,101,NC-17,3,pelicula
753,Rush goodfellas,A emotional display of a man and a dentist who must challenge a squirrel in australia,2006,English,Family,48,PG,8,cortometraje
754,Rushmore mermaid,A boring story of a woman and a moose who must reach a husband in a shark tank,2006,English,Comedy,150,PG-13,2,pelicula
755,Sabrina midnight,A emotional story of a squirrel and a crocodile who must succumb a husband in the sahara desert,2006,English,Children,99,PG,7,pelicula
756,Saddle antitrust,A stunning epistle of a feminist and a a shark who must battle a woman in an abandoned fun house,2006,English,Comedy,80,PG-13,3,pelicula
757,Sagebrush clueless,A insightful story of a lumberjack and a hunter who must kill a boy in ancient japan,2006,English,Documentary,106,G,5,pelicula
758,Saints bride,A fateful tale of a technical writer and a composer who must pursue a explorer in the gulf of mexico,2006,English,Drama,125,G,3,pelicula
759,Salute apollo,A awe-inspiring character study of a boy and a feminist who must sink a crocodile in ancient china,2006,English,New,73,R,6,pelicula
760,Samurai lion,A fast-paced story of a pioneer and a astronaut who must reach a boat in a baloon,2006,English,New,110,G,7,pelicula
761,Santa paris,A emotional documentary of a moose and a car who must redeem a mad cow in a baloon factory,2006,English,Children,154,PG,3,pelicula
762,Sassy packer,A fast-paced documentary of a dog and a teacher who must find a moose in a manhattan penthouse,2006,English,Games,154,G,4,pelicula
763,Satisfaction confidential,A lacklusture yarn of a dentist and a butler who must meet a secret agent in ancient china,2006,English,Sports,75,G,5,pelicula
764,Saturday lambs,A thoughtful reflection of a mad scientist and a moose who must kill a husband in a baloon,2006,English,Sports,150,G,8,pelicula
765,Saturn name,A fateful epistle of a butler and a boy who must redeem a teacher in berlin,2006,English,Comedy,182,R,4,pelicula
766,Savannah town,A awe-inspiring tale of a astronaut and a database administrator who must chase a secret agent in the gulf of mexico,2006,English,Drama,84,PG-13,3,pelicula
767,Scalawag duck,A fateful reflection of a car and a teacher who must confront a waitress in a monastery,2006,English,Music,183,NC-17,8,pelicula
768,Scarface bang,A emotional yarn of a teacher and a girl who must find a teacher in a baloon factory,2006,English,Children,102,PG-13,6,pelicula
769,School jacket,A intrepid yarn of a monkey and a boy who must fight a composer in a manhattan penthouse,2006,English,Foreign,151,PG-13,2,pelicula
770,Scissorhands slums,A awe-inspiring drama of a girl and a technical writer who must meet a feminist in the canadian rockies,2006,English,Foreign,147,G,3,pelicula
771,Scorpion apollo,A awe-inspiring documentary of a technical writer and a husband who must meet a monkey in an abandoned fun house,2006,English,Drama,137,NC-17,7,pelicula
772,Sea virgin,A fast-paced documentary of a technical writer and a pastry chef who must escape a moose in a u-boat,2006,English,Drama,80,PG,6,pelicula
773,Seabiscuit punk,A insightful saga of a man and a forensic psychologist who must discover a mad cow in a mysql convention,2006,English,Sports,112,NC-17,8,pelicula
774,Searchers wait,A fast-paced tale of a car and a mad scientist who must kill a womanizer in ancient japan,2006,English,Comedy,182,NC-17,4,pelicula
775,Seattle expecations,A insightful reflection of a crocodile and a sumo wrestler who must meet a technical writer in the sahara desert,2006,English,Drama,110,PG-13,5,pelicula
776,Secret groundhog,A astounding story of a cat and a database administrator who must build a technical writer in new orleans,2006,English,Documentary,90,PG,5,pelicula
777,Secretary rouge,A action-packed panorama of a mad cow and a composer who must discover a robot in a baloon factory,2006,English,Sports,158,PG,6,pelicula
778,Secrets paradise,A fateful saga of a cat and a frisbee who must kill a girl in a manhattan penthouse,2006,English,Family,109,G,6,pelicula
779,Sense greek,A taut saga of a lumberjack and a pastry chef who must escape a sumo wrestler in an abandoned fun house,2006,English,Sports,54,R,2,cortometraje
780,Sensibility rear,A emotional tale of a robot and a sumo wrestler who must redeem a pastry chef in a baloon factory,2006,English,Family,98,PG,3,pelicula
781,Seven swarm,A unbelieveable character study of a dog and a mad cow who must kill a monkey in berlin,2006,English,Games,127,R,2,pelicula
782,Shakespeare saddle,A fast-paced panorama of a lumberjack and a database administrator who must defeat a madman in a mysql convention,2006,English,Sports,60,PG-13,6,cortometraje
783,Shane darkness,A action-packed saga of a moose and a lumberjack who must find a woman in berlin,2006,English,Travel,93,PG,4,pelicula
784,Shanghai tycoon,A fast-paced character study of a crocodile and a lumberjack who must build a husband in an abandoned fun house,2006,English,Travel,47,PG,6,cortometraje
785,Shawshank bubble,A lacklusture story of a moose and a monkey who must confront a butler in an abandoned amusement park,2006,English,Travel,80,PG,6,pelicula
786,Shepherd midsummer,A thoughtful drama of a robot and a womanizer who must kill a lumberjack in a baloon,2006,English,Children,113,R,7,pelicula
787,Shining roses,A awe-inspiring character study of a astronaut and a forensic psychologist who must challenge a madman in ancient india,2006,English,Travel,125,G,3,pelicula
788,Ship wonderland,A thrilling saga of a monkey and a frisbee who must escape a explorer in the outback,2006,English,Documentary,104,R,4,pelicula
789,Shock cabin,A fateful tale of a mad cow and a crocodile who must meet a husband in new orleans,2006,English,Foreign,79,PG-13,8,pelicula
790,Shootist superfly,A fast-paced story of a crocodile and a a shark who must sink a pioneer in berlin,2006,English,Drama,67,PG-13,7,cortometraje
791,Show lord,A fanciful saga of a student and a girl who must find a butler in ancient japan,2006,English,Documentary,167,PG-13,6,pelicula
792,Shrek license,A fateful yarn of a secret agent and a feminist who must find a feminist in a jet boat,2006,English,Foreign,154,PG-13,3,pelicula
793,Shrunk divine,A fateful character study of a waitress and a technical writer who must battle a hunter in a baloon,2006,English,Action,139,R,4,pelicula
794,Side ark,A stunning panorama of a crocodile and a womanizer who must meet a feminist in the canadian rockies,2006,English,Action,52,G,4,cortometraje
795,Siege madre,A boring tale of a frisbee and a crocodile who must vanquish a moose in an abandoned mine shaft,2006,English,Family,111,R,4,pelicula
796,Sierra divide,A emotional character study of a frisbee and a mad scientist who must build a madman in california,2006,English,Sports,135,NC-17,5,pelicula
797,Silence kane,A emotional drama of a sumo wrestler and a dentist who must confront a sumo wrestler in a baloon,2006,English,Music,67,R,5,cortometraje
798,Silverado goldfinger,A stunning epistle of a sumo wrestler and a man who must challenge a waitress in ancient india,2006,English,Sci-fi,74,PG,4,pelicula
799,Simon north,A thrilling documentary of a technical writer and a a shark who must face a pioneer in a shark tank,2006,English,Horror,51,NC-17,2,cortometraje
800,Sinners atlantis,A epic display of a dog and a boat who must succumb a mad scientist in an abandoned mine shaft,2006,English,Horror,126,PG-13,6,pelicula
801,Sister freddy,A stunning saga of a butler and a woman who must pursue a explorer in australia,2006,English,Children,152,PG-13,0,pelicula
802,Sky miracle,A epic drama of a mad scientist and a explorer who must succumb a waitress in an abandoned fun house,2006,English,Action,132,PG,0,pelicula
803,Slacker liaisons,A fast-paced tale of a a shark and a student who must meet a crocodile in ancient china,2006,English,Drama,179,R,6,pelicula
804,Sleeping suspects,A stunning reflection of a sumo wrestler and a explorer who must sink a frisbee in a mysql convention,2006,English,Horror,129,PG-13,7,pelicula
805,Sleepless monsoon,A amazing saga of a moose and a pastry chef who must escape a butler in australia,2006,English,Animation,64,G,5,cortometraje
806,Sleepy japanese,A emotional epistle of a moose and a composer who must fight a technical writer in the outback,2006,English,New,137,PG,5,pelicula
807,Sleuth orient,A fateful character study of a husband and a dog who must find a feminist in ancient india,2006,English,Games,87,NC-17,5,pelicula
808,Sling luke,A intrepid character study of a robot and a monkey who must reach a secret agent in an abandoned amusement park,2006,English,Classics,84,R,2,pelicula
809,Slipper fidelity,A taut reflection of a secret agent and a man who must redeem a explorer in a mysql convention,2006,English,Sports,156,PG-13,4,pelicula
810,Slums duck,A amazing character study of a teacher and a database administrator who must defeat a waitress in a jet boat,2006,English,Family,147,PG,7,pelicula
811,Smile earring,A intrepid drama of a teacher and a butler who must build a pastry chef in berlin,2006,English,Travel,60,G,3,cortometraje
812,Smoking barbarella,A lacklusture saga of a mad cow and a mad scientist who must sink a cat in a mysql convention,2006,English,Documentary,50,PG-13,6,cortometraje
813,Smoochy control,A thrilling documentary of a husband and a feminist who must face a mad scientist in ancient china,2006,English,Sports,184,R,4,pelicula
814,Snatch slipper,A insightful panorama of a woman and a feminist who must defeat a forensic psychologist in berlin,2006,English,Comedy,110,PG,7,pelicula
815,Snatchers montezuma,A boring epistle of a sumo wrestler and a woman who must escape a man in the canadian rockies,2006,English,Classics,74,PG-13,3,pelicula
816,Snowman rollercoaster,A fateful display of a lumberjack and a girl who must succumb a mad cow in a manhattan penthouse,2006,English,Animation,62,G,7,cortometraje
817,Soldiers evolution,A lacklusture panorama of a a shark and a pioneer who must confront a student in the first manned space station,2006,English,Sci-fi,185,R,2,pelicula
818,Something duck,A boring character study of a car and a husband who must outgun a frisbee in the first manned space station,2006,English,Drama,180,NC-17,5,pelicula
819,Song hedwig,A amazing documentary of a man and a husband who must confront a squirrel in a mysql convention,2006,English,Music,165,PG-13,3,pelicula
820,Sons interview,A taut character study of a explorer and a mad cow who must battle a hunter in ancient china,2006,English,Animation,184,NC-17,6,pelicula
821,Sorority queen,A fast-paced display of a squirrel and a composer who must fight a forensic psychologist in a jet boat,2006,English,Foreign,184,NC-17,4,pelicula
822,Soup wisdom,A fast-paced display of a robot and a butler who must defeat a butler in a mysql convention,2006,English,Family,169,R,2,pelicula
823,South wait,A amazing documentary of a car and a robot who must escape a lumberjack in an abandoned amusement park,2006,English,Action,143,R,7,pelicula
824,Spartacus cheaper,A thrilling panorama of a pastry chef and a secret agent who must overcome a student in a manhattan penthouse,2006,English,Family,52,NC-17,4,cortometraje
825,Speakeasy date,A lacklusture drama of a forensic psychologist and a car who must redeem a man in a manhattan penthouse,2006,English,Action,165,PG-13,3,pelicula
826,Speed suit,A brilliant display of a frisbee and a mad scientist who must succumb a robot in ancient china,2006,English,Travel,124,PG-13,2,pelicula
827,Spice sorority,A fateful display of a pioneer and a hunter who must defeat a husband in an abandoned mine shaft,2006,English,Drama,141,NC-17,6,pelicula
828,Spiking element,A lacklusture epistle of a dentist and a technical writer who must find a dog in a monastery,2006,English,Classics,79,G,4,pelicula
829,Spinal rocky,A lacklusture epistle of a sumo wrestler and a squirrel who must defeat a explorer in california,2006,English,Family,138,PG-13,5,pelicula
830,Spirit flintstones,A brilliant yarn of a cat and a car who must confront a explorer in ancient japan,2006,English,Horror,149,R,4,pelicula
831,Spirited casualties,A taut story of a waitress and a man who must face a car in a baloon factory,2006,English,Sci-fi,138,PG-13,3,pelicula
832,Splash gump,A taut saga of a crocodile and a boat who must conquer a hunter in a shark tank,2006,English,Family,175,PG,4,pelicula
833,Splendor patton,A taut story of a dog and a explorer who must find a astronaut in berlin,2006,English,Children,134,R,7,pelicula
834,Spoilers hellfighters,A fanciful story of a technical writer and a squirrel who must defeat a dog in the gulf of mexico,2006,English,Documentary,151,G,3,pelicula
835,Spy mile,A thrilling documentary of a feminist and a feminist who must confront a feminist in a baloon,2006,English,Games,112,PG-13,8,pelicula
836,Squad fish,A fast-paced display of a pastry chef and a dog who must kill a teacher in berlin,2006,English,Sports,136,PG,3,pelicula
837,Stage world,A lacklusture panorama of a woman and a frisbee who must chase a crocodile in a jet boat,2006,English,Comedy,85,PG,3,pelicula
838,Stagecoach armageddon,A touching display of a pioneer and a butler who must chase a car in california,2006,English,Action,112,R,6,pelicula
839,Stallion sundance,A fast-paced tale of a car and a dog who must outgun a a shark in australia,2006,English,Sci-fi,130,PG-13,2,pelicula
840,Stampede disturbing,A unbelieveable tale of a woman and a lumberjack who must fight a frisbee in a u-boat,2006,English,Games,75,R,4,pelicula
841,Star operation,A insightful character study of a girl and a car who must pursue a mad cow in a shark tank,2006,English,Sports,181,PG,7,pelicula
842,State wasteland,A beautiful display of a cat and a pastry chef who must outrace a mad cow in a jet boat,2006,English,Games,113,NC-17,4,pelicula
843,Steel santa,A fast-paced yarn of a composer and a frisbee who must face a moose in nigeria,2006,English,Classics,143,NC-17,7,pelicula
844,Steers armageddon,A stunning character study of a car and a girl who must succumb a car in a mysql convention,2006,English,Sports,140,PG,4,pelicula
845,Stepmom dream,A touching epistle of a crocodile and a teacher who must build a forensic psychologist in a mysql convention,2006,English,Foreign,48,NC-17,7,cortometraje
846,Sting personal,A fanciful drama of a frisbee and a dog who must fight a madman in a jet boat,2006,English,New,93,NC-17,8,pelicula
847,Stock glass,A boring epistle of a crocodile and a lumberjack who must outgun a moose in ancient china,2006,English,New,160,PG,4,pelicula
848,Stone fire,A intrepid drama of a astronaut and a crocodile who must find a boat in soviet georgia,2006,English,Travel,94,G,3,pelicula
849,Storm happiness,A insightful drama of a feminist and a a shark who must vanquish a boat in a shark tank,2006,English,Animation,57,NC-17,8,cortometraje
850,Story side,A lacklusture saga of a boy and a cat who must sink a dentist in an abandoned mine shaft,2006,English,Action,163,R,7,pelicula
851,Straight hours,A boring panorama of a secret agent and a girl who must sink a waitress in the outback,2006,English,Sports,151,R,6,pelicula
852,Strangelove desire,A awe-inspiring panorama of a lumberjack and a waitress who must defeat a crocodile in an abandoned amusement park,2006,English,Children,103,NC-17,7,pelicula
853,Stranger strangers,A awe-inspiring yarn of a womanizer and a explorer who must fight a woman in the first manned space station,2006,English,Children,139,G,3,pelicula
854,Strangers graffiti,A brilliant character study of a secret agent and a man who must find a cat in the gulf of mexico,2006,English,Horror,119,R,4,pelicula
855,Streak ridgemont,A astounding character study of a hunter and a waitress who must sink a man in new orleans,2006,English,Documentary,132,PG-13,4,pelicula
856,Streetcar intentions,A insightful character study of a waitress and a crocodile who must sink a waitress in the gulf of mexico,2006,English,Horror,73,R,8,pelicula
857,Strictly scarface,A touching reflection of a crocodile and a dog who must chase a hunter in an abandoned fun house,2006,English,Comedy,144,PG-13,7,pelicula
858,Submarine bed,A amazing display of a car and a monkey who must fight a teacher in soviet georgia,2006,English,Comedy,127,R,4,pelicula
859,Sugar wonka,A touching story of a dentist and a database administrator who must conquer a astronaut in an abandoned amusement park,2006,English,Animation,114,PG,6,pelicula
860,Suicides silence,A emotional character study of a car and a girl who must face a composer in a u-boat,2006,English,Sci-fi,93,G,0,pelicula
861,Suit walls,A touching panorama of a lumberjack and a frisbee who must build a dog in australia,2006,English,Games,111,R,6,pelicula
862,Summer scarface,A emotional panorama of a lumberjack and a hunter who must meet a girl in a shark tank,2006,English,Classics,53,G,5,cortometraje
863,Sun confessions,A beautiful display of a mad cow and a dog who must redeem a waitress in an abandoned amusement park,2006,English,Sci-fi,141,R,7,pelicula
864,Sundance invasion,A epic drama of a lumberjack and a explorer who must confront a hunter in a baloon factory,2006,English,Children,92,NC-17,6,pelicula
865,Sunrise league,A beautiful epistle of a madman and a butler who must face a crocodile in a manhattan penthouse,2006,English,Animation,135,PG-13,6,pelicula
866,Sunset racer,A awe-inspiring reflection of a astronaut and a a shark who must defeat a forensic psychologist in california,2006,English,Family,48,NC-17,2,cortometraje
867,Super wyoming,A action-packed saga of a pastry chef and a explorer who must discover a a shark in the outback,2006,English,Family,58,PG,4,cortometraje
868,Superfly trip,A beautiful saga of a lumberjack and a teacher who must build a technical writer in an abandoned fun house,2006,English,Travel,114,PG,3,pelicula
869,Suspects quills,A emotional epistle of a pioneer and a crocodile who must battle a man in a manhattan penthouse,2006,English,Action,47,PG,7,cortometraje
870,Swarm gold,A insightful panorama of a crocodile and a boat who must conquer a sumo wrestler in a mysql convention,2006,English,Horror,123,PG-13,8,pelicula
871,Sweden shining,A taut documentary of a car and a robot who must conquer a boy in the canadian rockies,2006,English,Comedy,176,PG,5,pelicula
872,Sweet brotherhood,A unbelieveable epistle of a sumo wrestler and a hunter who must chase a forensic psychologist in a baloon,2006,English,Travel,185,R,3,pelicula
873,Sweethearts suspects,A brilliant character study of a frisbee and a sumo wrestler who must confront a woman in the gulf of mexico,2006,English,Children,108,G,8,pelicula
874,Tadpole park,A beautiful tale of a frisbee and a moose who must vanquish a dog in an abandoned amusement park,2006,English,Classics,155,PG,0,pelicula
875,Talented homicide,A lacklusture panorama of a dentist and a forensic psychologist who must outrace a pioneer in a u-boat,2006,English,Sports,173,PG,7,pelicula
876,Tarzan videotape,A fast-paced display of a lumberjack and a mad scientist who must succumb a sumo wrestler in the sahara desert,2006,English,Horror,91,PG-13,2,pelicula
877,Taxi kick,A amazing epistle of a girl and a woman who must outrace a waitress in soviet georgia,2006,English,Music,64,PG-13,5,cortometraje
878,Teen apollo,A awe-inspiring drama of a dog and a man who must escape a robot in a shark tank,2006,English,Travel,74,G,4,pelicula
879,Telegraph voyage,A fateful yarn of a husband and a dog who must battle a waitress in a jet boat,2006,English,Music,148,PG,7,pelicula
880,Telemark heartbreakers,A action-packed panorama of a technical writer and a man who must build a forensic psychologist in a manhattan penthouse,2006,English,Animation,152,PG-13,8,pelicula
881,Temple attraction,A action-packed saga of a forensic psychologist and a woman who must battle a womanizer in soviet georgia,2006,English,Horror,71,PG,4,pelicula
882,Tenenbaums command,A taut display of a pioneer and a man who must reach a girl in the gulf of mexico,2006,English,Drama,99,PG-13,4,pelicula
883,Tequila past,A action-packed panorama of a mad scientist and a robot who must challenge a student in nigeria,2006,English,Children,53,PG,2,cortometraje
884,Terminator club,A touching story of a crocodile and a girl who must sink a man in the gulf of mexico,2006,English,Music,88,R,3,pelicula
885,Texas watch,A awe-inspiring yarn of a student and a teacher who must fight a teacher in an abandoned amusement park,2006,English,Horror,179,NC-17,2,pelicula
886,Theory mermaid,A fateful yarn of a composer and a monkey who must vanquish a womanizer in the first manned space station,2006,English,Animation,184,PG-13,4,pelicula
887,Thief pelican,A touching documentary of a madman and a mad scientist who must outrace a feminist in an abandoned mine shaft,2006,English,Animation,135,PG-13,6,pelicula
888,Thin sagebrush,A emotional drama of a husband and a lumberjack who must build a cat in ancient india,2006,English,Documentary,53,PG-13,4,cortometraje
889,Ties hunger,A insightful saga of a astronaut and a explorer who must pursue a mad scientist in a u-boat,2006,English,Children,111,R,3,pelicula
890,Tights dawn,A thrilling epistle of a boat and a secret agent who must face a boy in a baloon,2006,English,Sports,172,R,7,pelicula
891,Timberland sky,A boring display of a man and a dog who must redeem a girl in a u-boat,2006,English,Classics,69,G,7,cortometraje
892,Titanic boondock,A brilliant reflection of a feminist and a dog who must fight a boy in a baloon factory,2006,English,Animation,104,R,7,pelicula
893,Titans jerk,A unbelieveable panorama of a feminist and a sumo wrestler who must challenge a technical writer in ancient china,2006,English,Sci-fi,91,PG,8,pelicula
894,Tomatoes hellfighters,A thoughtful epistle of a madman and a astronaut who must overcome a monkey in a shark tank,2006,English,Travel,68,PG,5,cortometraje
895,Tomorrow hustler,A thoughtful story of a moose and a husband who must face a secret agent in the sahara desert,2006,English,Classics,142,R,7,pelicula
896,Tootsie pilot,A awe-inspiring documentary of a womanizer and a pastry chef who must kill a lumberjack in berlin,2006,English,Children,157,PG,4,pelicula
897,Torque bound,A emotional display of a crocodile and a husband who must reach a man in ancient japan,2006,English,Drama,179,G,8,pelicula
898,Tourist pelican,A boring story of a butler and a astronaut who must outrace a pioneer in australia,2006,English,Sports,152,PG-13,5,pelicula
899,Towers hurricane,A fateful display of a monkey and a car who must sink a husband in a mysql convention,2006,English,Classics,144,NC-17,3,pelicula
900,Town ark,A awe-inspiring documentary of a moose and a madman who must meet a dog in an abandoned mine shaft,2006,English,Foreign,136,R,4,pelicula
901,Tracy cider,A touching reflection of a database administrator and a madman who must build a lumberjack in nigeria,2006,English,Animation,142,G,7,pelicula
902,Trading pinocchio,A emotional character study of a student and a explorer who must discover a frisbee in the first manned space station,2006,English,Sports,170,PG,7,pelicula
903,Traffic hobbit,A amazing epistle of a squirrel and a lumberjack who must succumb a database administrator in a u-boat,2006,English,Travel,139,G,2,pelicula
904,Train bunch,A thrilling character study of a robot and a squirrel who must face a dog in ancient india,2006,English,Horror,71,R,2,pelicula
905,Trainspotting strangers,A fast-paced drama of a pioneer and a mad cow who must challenge a madman in ancient japan,2006,English,Comedy,132,PG-13,3,pelicula
906,Tramp others,A brilliant display of a composer and a cat who must succumb a a shark in ancient india,2006,English,Comedy,171,PG,5,pelicula
907,Translation summer,A touching reflection of a man and a monkey who must pursue a womanizer in a mysql convention,2006,English,Drama,168,PG-13,4,pelicula
908,Trap guys,A unbelieveable story of a boy and a mad cow who must challenge a database administrator in the sahara desert,2006,English,Foreign,110,G,4,pelicula
909,Treasure command,A emotional saga of a car and a madman who must discover a pioneer in california,2006,English,Horror,102,PG-13,0,pelicula
910,Treatment jekyll,A boring story of a teacher and a student who must outgun a cat in an abandoned mine shaft,2006,English,Drama,87,PG,2,pelicula
911,Trip newton,A fanciful character study of a lumberjack and a car who must discover a cat in an abandoned amusement park,2006,English,Action,64,PG-13,8,cortometraje
912,Trojan tomorrow,A astounding panorama of a husband and a sumo wrestler who must pursue a boat in ancient india,2006,English,Sci-fi,52,PG,6,cortometraje
913,Troopers metal,A fanciful drama of a monkey and a feminist who must sink a man in berlin,2006,English,New,115,R,6,pelicula
914,Trouble date,A lacklusture panorama of a forensic psychologist and a woman who must kill a explorer in ancient japan,2006,English,Travel,61,PG,6,cortometraje
915,Truman crazy,A thrilling epistle of a moose and a boy who must meet a database administrator in a monastery,2006,English,Action,92,G,6,pelicula
916,Turn star,A stunning tale of a man and a monkey who must chase a student in new orleans,2006,English,Animation,80,G,4,pelicula
917,Tuxedo mile,A boring drama of a man and a forensic psychologist who must face a frisbee in ancient india,2006,English,Sports,152,R,5,pelicula
918,Twisted pirates,A touching display of a frisbee and a boat who must kill a girl in a mysql convention,2006,English,Children,152,PG,4,pelicula
919,Tycoon gathering,A emotional display of a husband and a a shark who must succumb a madman in a manhattan penthouse,2006,English,Games,82,G,4,pelicula
920,Unbreakable karate,A amazing character study of a robot and a student who must chase a robot in australia,2006,English,New,62,G,5,cortometraje
921,Uncut suicides,A intrepid yarn of a explorer and a pastry chef who must pursue a mad cow in a u-boat,2006,English,Music,172,PG-13,4,pelicula
922,Undefeated dalmations,A unbelieveable display of a crocodile and a feminist who must overcome a moose in an abandoned amusement park,2006,English,Horror,107,PG-13,7,pelicula
923,Unfaithful kill,A taut documentary of a waitress and a mad scientist who must battle a technical writer in new orleans,2006,English,Drama,78,R,3,pelicula
924,Unforgiven zoolander,A taut epistle of a monkey and a sumo wrestler who must vanquish a a shark in a baloon factory,2006,English,Sci-fi,129,PG,5,pelicula
925,United pilot,A fast-paced reflection of a cat and a mad cow who must fight a car in the sahara desert,2006,English,Documentary,164,R,5,pelicula
926,Untouchables sunrise,A amazing documentary of a woman and a astronaut who must outrace a teacher in an abandoned fun house,2006,English,Documentary,120,NC-17,2,pelicula
927,Uprising uptown,A fanciful reflection of a boy and a butler who must pursue a woman in berlin,2006,English,Action,174,NC-17,4,pelicula
928,Uptown young,A fateful documentary of a dog and a hunter who must pursue a teacher in an abandoned amusement park,2006,English,Children,84,PG,3,pelicula
929,Usual untouchables,A touching display of a explorer and a lumberjack who must fight a forensic psychologist in a shark tank,2006,English,Foreign,128,PG-13,4,pelicula
930,Vacation boondock,A fanciful character study of a secret agent and a mad scientist who must reach a teacher in australia,2006,English,Sci-fi,145,R,6,pelicula
931,Valentine vanishing,A thrilling display of a husband and a butler who must reach a pastry chef in california,2006,English,Travel,48,PG-13,3,cortometraje
932,Valley packer,A astounding documentary of a astronaut and a boy who must outrace a sumo wrestler in berlin,2006,English,Comedy,73,G,4,pelicula
933,Vampire whale,A epic story of a lumberjack and a monkey who must confront a pioneer in a mysql convention,2006,English,New,126,NC-17,3,pelicula
934,Vanilla day,A fast-paced saga of a girl and a forensic psychologist who must redeem a girl in nigeria,2006,English,Games,122,NC-17,3,pelicula
935,Vanished garden,A intrepid character study of a squirrel and a a shark who must kill a lumberjack in california,2006,English,New,142,R,2,pelicula
936,Vanishing rocky,A brilliant reflection of a man and a woman who must conquer a pioneer in a mysql convention,2006,English,Music,123,NC-17,6,pelicula
937,Varsity trip,A action-packed character study of a astronaut and a explorer who must reach a monkey in a mysql convention,2006,English,New,85,NC-17,5,pelicula
938,Velvet terminator,A lacklusture tale of a pastry chef and a technical writer who must confront a crocodile in an abandoned amusement park,2006,English,Comedy,173,R,6,pelicula
939,Vertigo northwest,A unbelieveable display of a mad scientist and a mad scientist who must outgun a mad cow in ancient japan,2006,English,Comedy,90,R,4,pelicula
940,Victory academy,A insightful epistle of a mad scientist and a explorer who must challenge a cat in the sahara desert,2006,English,Sports,64,PG-13,3,cortometraje
941,Videotape arsenic,A lacklusture display of a girl and a astronaut who must succumb a student in australia,2006,English,Games,145,NC-17,7,pelicula
942,Vietnam smoochy,A lacklusture display of a butler and a man who must sink a explorer in soviet georgia,2006,English,Drama,174,PG-13,4,pelicula
943,Villain desperate,A boring yarn of a pioneer and a feminist who must redeem a cat in an abandoned amusement park,2006,English,Documentary,76,PG-13,0,pelicula
944,Virgin daisy,A awe-inspiring documentary of a robot and a mad scientist who must reach a database administrator in a shark tank,2006,English,Drama,179,PG-13,5,pelicula
945,Virginian pluto,A emotional panorama of a dentist and a crocodile who must meet a boy in berlin,2006,English,Documentary,164,R,8,pelicula
946,Virtual spoilers,A fateful tale of a database administrator and a squirrel who must discover a student in soviet georgia,2006,English,Family,144,NC-17,4,pelicula
947,Vision torque,A thoughtful documentary of a dog and a man who must sink a man in a shark tank,2006,English,Foreign,59,PG-13,2,cortometraje
948,Voice peach,A amazing panorama of a pioneer and a student who must overcome a mad scientist in a manhattan penthouse,2006,English,New,139,PG-13,6,pelicula
949,Volcano texas,A awe-inspiring yarn of a hunter and a feminist who must challenge a dentist in the outback,2006,English,Games,157,NC-17,6,pelicula
950,Volume house,A boring tale of a dog and a woman who must meet a dentist in california,2006,English,Classics,132,PG,0,pelicula
951,Voyage legally,A epic tale of a squirrel and a hunter who must conquer a boy in an abandoned mine shaft,2006,English,Classics,78,PG-13,7,pelicula
952,Wagon jaws,A intrepid drama of a moose and a boat who must kill a explorer in a manhattan penthouse,2006,English,Documentary,152,PG,3,pelicula
953,Wait cider,A intrepid epistle of a woman and a forensic psychologist who must succumb a astronaut in a manhattan penthouse,2006,English,Animation,112,PG-13,6,pelicula
954,Wake jaws,A beautiful saga of a feminist and a composer who must challenge a moose in berlin,2006,English,New,73,G,0,pelicula
955,Walls artist,A insightful panorama of a teacher and a teacher who must overcome a mad cow in an abandoned fun house,2006,English,Children,135,PG,0,pelicula
956,Wanda chamber,A insightful drama of a a shark and a pioneer who must find a womanizer in the outback,2006,English,Games,107,PG-13,4,pelicula
957,War notting,A boring drama of a teacher and a sumo wrestler who must challenge a secret agent in the canadian rockies,2006,English,Foreign,80,G,5,pelicula
958,Wardrobe phantom,A action-packed display of a mad cow and a astronaut who must kill a car in ancient india,2006,English,Drama,178,G,6,pelicula
959,Warlock werewolf,A astounding yarn of a pioneer and a crocodile who must defeat a a shark in the outback,2006,English,Children,83,G,2,pelicula
960,Wars pluto,A taut reflection of a teacher and a database administrator who must chase a madman in the sahara desert,2006,English,Documentary,128,G,3,pelicula
961,Wash heavenly,A awe-inspiring reflection of a cat and a pioneer who must escape a hunter in ancient china,2006,English,Foreign,161,R,5,pelicula
962,Wasteland divine,A fanciful story of a database administrator and a womanizer who must fight a database administrator in ancient china,2006,English,Classics,85,PG,4,pelicula
963,Watch tracy,A fast-paced yarn of a dog and a frisbee who must conquer a hunter in nigeria,2006,English,Animation,78,PG,5,pelicula
964,Waterfront deliverance,A unbelieveable documentary of a dentist and a technical writer who must build a womanizer in nigeria,2006,English,Action,61,G,5,cortometraje
965,Watership frontier,A emotional yarn of a boat and a crocodile who must meet a moose in soviet georgia,2006,English,Horror,112,G,2,pelicula
966,Wedding apollo,A action-packed tale of a student and a waitress who must conquer a lumberjack in an abandoned mine shaft,2006,English,Documentary,70,PG,6,pelicula
967,Weekend personal,A fast-paced documentary of a car and a butler who must find a frisbee in a jet boat,2006,English,Sci-fi,134,R,5,pelicula
968,Werewolf lola,A fanciful story of a man and a sumo wrestler who must outrace a student in a monastery,2006,English,Action,79,G,3,pelicula
969,West lion,A intrepid drama of a butler and a lumberjack who must challenge a database administrator in a manhattan penthouse,2006,English,Drama,159,G,4,pelicula
970,Westward seabiscuit,A lacklusture tale of a butler and a husband who must face a boy in ancient china,2006,English,Classics,52,NC-17,7,cortometraje
971,Whale bikini,A intrepid story of a pastry chef and a database administrator who must kill a feminist in a mysql convention,2006,English,Foreign,109,PG-13,4,pelicula
972,Whisperer giant,A intrepid story of a dentist and a hunter who must confront a monkey in ancient japan,2006,English,Sci-fi,59,PG-13,6,cortometraje
973,Wife turn,A awe-inspiring epistle of a teacher and a feminist who must confront a pioneer in ancient japan,2006,English,Documentary,183,NC-17,8,pelicula
974,Wild apollo,A beautiful story of a monkey and a sumo wrestler who must conquer a a shark in a mysql convention,2006,English,New,181,R,2,pelicula
975,Willow tracy,A brilliant panorama of a boat and a astronaut who must challenge a teacher in a manhattan penthouse,2006,English,Family,137,R,5,pelicula
976,Wind phantom,A touching saga of a madman and a forensic psychologist who must build a sumo wrestler in an abandoned mine shaft,2006,English,Games,111,R,6,pelicula
977,Window side,A astounding character study of a womanizer and a hunter who must escape a robot in a monastery,2006,English,Travel,85,R,3,pelicula
978,Wisdom worker,A unbelieveable saga of a forensic psychologist and a student who must face a squirrel in the first manned space station,2006,English,Comedy,98,R,3,pelicula
979,Witches panic,A awe-inspiring drama of a secret agent and a hunter who must fight a moose in nigeria,2006,English,Drama,100,NC-17,7,pelicula
980,Wizard coldblooded,A lacklusture display of a robot and a girl who must defeat a sumo wrestler in a mysql convention,2006,English,Music,75,PG,5,pelicula
981,Wolves desire,A fast-paced drama of a squirrel and a robot who must succumb a technical writer in a manhattan penthouse,2006,English,Travel,55,NC-17,6,cortometraje
982,Women dorado,A insightful documentary of a waitress and a butler who must vanquish a composer in australia,2006,English,Action,126,R,7,pelicula
983,Won dares,A unbelieveable documentary of a teacher and a monkey who must defeat a explorer in a u-boat,2006,English,Music,105,PG,3,pelicula
984,Wonderful drop,A boring panorama of a woman and a madman who must overcome a butler in a u-boat,2006,English,Foreign,126,NC-17,2,pelicula
985,Wonderland christmas,A awe-inspiring character study of a waitress and a car who must pursue a mad scientist in the first manned space station,2006,English,Sci-fi,111,PG,7,pelicula
986,Wonka sea,A brilliant saga of a boat and a mad scientist who must meet a moose in ancient india,2006,English,Animation,85,NC-17,6,pelicula
987,Words hunter,A action-packed reflection of a composer and a mad scientist who must face a pioneer in a mysql convention,2006,English,Music,116,PG,4,pelicula
988,Worker tarzan,A action-packed yarn of a secret agent and a technical writer who must battle a sumo wrestler in the first manned space station,2006,English,Travel,139,R,5,pelicula
989,Working microcosmos,A stunning epistle of a dentist and a dog who must kill a madman in ancient china,2006,English,Travel,74,R,6,pelicula
990,World leathernecks,A unbelieveable tale of a pioneer and a astronaut who must overcome a robot in an abandoned amusement park,2006,English,Horror,171,PG-13,2,pelicula
991,Worst banger,A thrilling drama of a madman and a dentist who must conquer a boy in the outback,2006,English,Action,185,PG,5,pelicula
992,Wrath mile,A intrepid reflection of a technical writer and a hunter who must defeat a sumo wrestler in a monastery,2006,English,Documentary,176,NC-17,4,pelicula
993,Wrong behavior,A emotional saga of a crocodile and a sumo wrestler who must discover a mad cow in new orleans,2006,English,Children,178,PG-13,7,pelicula
994,Wyoming storm,A awe-inspiring panorama of a robot and a boat who must overcome a feminist in a u-boat,2006,English,New,100,PG-13,3,pelicula
995,Yentl idaho,A amazing display of a robot and a astronaut who must fight a womanizer in berlin,2006,English,Horror,86,R,6,pelicula
996,Young language,A unbelieveable yarn of a boat and a database administrator who must meet a boy in the first manned space station,2006,English,Documentary,183,G,2,pelicula
997,Youth kick,A touching drama of a teacher and a cat who must challenge a technical writer in a u-boat,2006,English,Music,179,NC-17,2,pelicula
998,Zhivago core,A fateful yarn of a composer and a man who must face a boy in the canadian rockies,2006,English,Horror,105,NC-17,2,pelicula
999,Zoolander fiction,A fateful reflection of a waitress and a boat who must discover a sumo wrestler in ancient china,2006,English,Children,101,R,5,pelicula
1000,Zorro ark,A intrepid panorama of a mad scientist and a boy who must redeem a boy in a monastery,2006,English,Comedy,50,NC-17,8,cortometraje
