film_id,titulo_pelicula,actor_id,actor_full_name,total_actores_en_pelicula,total_peliculas_del_actor,categoria_reparto,nivel_protagonismo
1,Academy Dinosaur,198,Mary Keitel,10,40,Elenco Grande,Actor Muy Prolífico
1,Academy Dinosaur,1,Penelope Guiness,10,19,Elenco Grande,Actor Promedio
1,Academy Dinosaur,30,Sandra Peck,10,19,Elenco Grande,Actor Promedio
1,Academy Dinosaur,10,Christian Gable,10,22,Elenco Grande,Actor Promedio
1,Academy Dinosaur,40,Johnny Cage,10,29,Elenco Grande,Actor Promedio
1,Academy Dinosaur,53,Mena Temple,10,30,Elenco Grande,Actor Promedio
1,Academy Dinosaur,20,Lucille Tracy,10,30,Elenco Grande,Actor Promedio
1,Academy Dinosaur,162,Oprah Kilmer,10,25,Elenco Grande,Actor Promedio
1,Academy Dinosaur,188,Rock Dukakis,10,30,Elenco Grande,Actor Promedio
1,Academy Dinosaur,108,Warren Nolte,10,34,Elenco Grande,Actor Muy Prolífico
2,Ace Goldfinger,160,Chris Depp,4,20,Elenco Estándar,Actor Promedio
2,Ace Goldfinger,90,Sean Guiness,4,33,Elenco Estándar,Actor Muy Prolífico
2,Ace Goldfinger,19,Bob Fawcett,4,25,Elenco Estándar,Actor Promedio
2,Ace Goldfinger,85,Minnie Zellweger,4,31,Elenco Estándar,Actor Muy Prolífico
3,Adaptation Holes,64,Ray Johansson,5,30,Elenco Estándar,Actor Promedio
3,Adaptation Holes,19,Bob Fawcett,5,25,Elenco Estándar,Actor Promedio
3,Adaptation Holes,2,Nick Wahlberg,5,25,Elenco Estándar,Actor Promedio
3,Adaptation Holes,24,Cameron Streep,5,24,Elenco Estándar,Actor Promedio
3,Adaptation Holes,123,Julianne Dench,5,32,Elenco Estándar,Actor Muy Prolífico
4,Affair Prejudice,162,Oprah Kilmer,5,25,Elenco Estándar,Actor Promedio
4,Affair Prejudice,147,Fay Winslet,5,31,Elenco Estándar,Actor Muy Prolífico
4,Affair Prejudice,88,Kenneth Pesci,5,20,Elenco Estándar,Actor Promedio
4,Affair Prejudice,41,Jodie Degeneres,5,29,Elenco Estándar,Actor Promedio
4,Affair Prejudice,81,Scarlett Damon,5,36,Elenco Estándar,Actor Muy Prolífico
5,African Egg,51,Gary Phoenix,5,25,Elenco Estándar,Actor Promedio
5,African Egg,59,Dustin Tautou,5,27,Elenco Estándar,Actor Promedio
5,African Egg,200,Thora Temple,5,20,Elenco Estándar,Actor Promedio
5,African Egg,103,Matthew Leigh,5,30,Elenco Estándar,Actor Promedio
5,African Egg,181,Matthew Carrey,5,39,Elenco Estándar,Actor Muy Prolífico
6,Agent Truman,108,Warren Nolte,7,34,Elenco Estándar,Actor Muy Prolífico
6,Agent Truman,169,Kenneth Hoffman,7,29,Elenco Estándar,Actor Promedio
6,Agent Truman,137,Morgan Williams,7,27,Elenco Estándar,Actor Promedio
6,Agent Truman,21,Kirsten Paltrow,7,27,Elenco Estándar,Actor Promedio
6,Agent Truman,23,Sandra Kilmer,7,37,Elenco Estándar,Actor Muy Prolífico
6,Agent Truman,62,Jayne Neeson,7,29,Elenco Estándar,Actor Promedio
6,Agent Truman,197,Reese West,7,33,Elenco Estándar,Actor Muy Prolífico
7,Airplane Sierra,185,Michael Bolger,5,30,Elenco Estándar,Actor Promedio
7,Airplane Sierra,99,Jim Mostel,5,26,Elenco Estándar,Actor Promedio
7,Airplane Sierra,162,Oprah Kilmer,5,25,Elenco Estándar,Actor Promedio
7,Airplane Sierra,133,Richard Penn,5,30,Elenco Estándar,Actor Promedio
7,Airplane Sierra,170,Mena Hopper,5,24,Elenco Estándar,Actor Promedio
8,Airport Pollock,110,Susan Davis,4,21,Elenco Estándar,Actor Promedio
8,Airport Pollock,138,Lucille Dee,4,24,Elenco Estándar,Actor Promedio
8,Airport Pollock,96,Gene Willis,4,23,Elenco Estándar,Actor Promedio
8,Airport Pollock,55,Fay Kilmer,4,20,Elenco Estándar,Actor Promedio
9,Alabama Devil,68,Rip Winslet,9,30,Elenco Estándar,Actor Promedio
9,Alabama Devil,22,Elvis Marx,9,26,Elenco Estándar,Actor Promedio
9,Alabama Devil,10,Christian Gable,9,22,Elenco Estándar,Actor Promedio
9,Alabama Devil,53,Mena Temple,9,30,Elenco Estándar,Actor Promedio
9,Alabama Devil,26,Rip Crawford,9,33,Elenco Estándar,Actor Muy Prolífico
9,Alabama Devil,194,Meryl Allen,9,22,Elenco Estándar,Actor Promedio
9,Alabama Devil,175,William Hackman,9,27,Elenco Estándar,Actor Promedio
9,Alabama Devil,108,Warren Nolte,9,34,Elenco Estándar,Actor Muy Prolífico
9,Alabama Devil,130,Greta Keitel,9,27,Elenco Estándar,Actor Promedio
10,Aladdin Calendar,142,Jada Ryder,8,31,Elenco Estándar,Actor Muy Prolífico
10,Aladdin Calendar,157,Greta Malden,8,32,Elenco Estándar,Actor Muy Prolífico
10,Aladdin Calendar,117,Renee Tracy,8,33,Elenco Estándar,Actor Muy Prolífico
10,Aladdin Calendar,188,Rock Dukakis,8,30,Elenco Estándar,Actor Promedio
10,Aladdin Calendar,64,Ray Johansson,8,30,Elenco Estándar,Actor Promedio
10,Aladdin Calendar,29,Alec Wayne,8,29,Elenco Estándar,Actor Promedio
10,Aladdin Calendar,35,Judy Dean,8,15,Elenco Estándar,Actor Promedio
10,Aladdin Calendar,37,Val Bolger,8,35,Elenco Estándar,Actor Muy Prolífico
11,Alamo Videotape,40,Johnny Cage,4,29,Elenco Estándar,Actor Promedio
11,Alamo Videotape,90,Sean Guiness,4,33,Elenco Estándar,Actor Muy Prolífico
11,Alamo Videotape,81,Scarlett Damon,4,36,Elenco Estándar,Actor Muy Prolífico
11,Alamo Videotape,174,Michael Bening,4,24,Elenco Estándar,Actor Promedio
12,Alaska Phantom,109,Sylvester Dern,7,22,Elenco Estándar,Actor Promedio
12,Alaska Phantom,146,Albert Johansson,7,33,Elenco Estándar,Actor Muy Prolífico
12,Alaska Phantom,180,Jeff Silverstone,7,25,Elenco Estándar,Actor Promedio
12,Alaska Phantom,105,Sidney Crowe,7,34,Elenco Estándar,Actor Muy Prolífico
12,Alaska Phantom,177,Gene Mckellen,7,27,Elenco Estándar,Actor Promedio
12,Alaska Phantom,37,Val Bolger,7,35,Elenco Estándar,Actor Muy Prolífico
12,Alaska Phantom,75,Burt Posey,7,24,Elenco Estándar,Actor Promedio
13,Ali Forever,77,Cary Mcconaughey,5,24,Elenco Estándar,Actor Promedio
13,Ali Forever,91,Christopher Berry,5,20,Elenco Estándar,Actor Promedio
13,Ali Forever,94,Kenneth Torn,5,33,Elenco Estándar,Actor Muy Prolífico
13,Ali Forever,114,Morgan Mcdormand,5,25,Elenco Estándar,Actor Promedio
13,Ali Forever,176,Jon Chase,5,29,Elenco Estándar,Actor Promedio
14,Alice Fantasia,188,Rock Dukakis,4,30,Elenco Estándar,Actor Promedio
14,Alice Fantasia,137,Morgan Williams,4,27,Elenco Estándar,Actor Promedio
14,Alice Fantasia,85,Minnie Zellweger,4,31,Elenco Estándar,Actor Muy Prolífico
14,Alice Fantasia,28,Woody Hoffman,4,31,Elenco Estándar,Actor Muy Prolífico
15,Alien Center,69,Kenneth Paltrow,6,21,Elenco Estándar,Actor Promedio
15,Alien Center,36,Burt Dukakis,6,29,Elenco Estándar,Actor Promedio
15,Alien Center,105,Sidney Crowe,6,34,Elenco Estándar,Actor Muy Prolífico
15,Alien Center,170,Mena Hopper,6,24,Elenco Estándar,Actor Promedio
15,Alien Center,117,Renee Tracy,6,33,Elenco Estándar,Actor Muy Prolífico
15,Alien Center,164,Humphrey Willis,6,26,Elenco Estándar,Actor Promedio
16,Alley Evolution,146,Albert Johansson,5,33,Elenco Estándar,Actor Muy Prolífico
16,Alley Evolution,12,Karl Berry,5,31,Elenco Estándar,Actor Muy Prolífico
16,Alley Evolution,57,Jude Cruise,5,30,Elenco Estándar,Actor Promedio
16,Alley Evolution,191,Gregory Gooding,5,30,Elenco Estándar,Actor Promedio
16,Alley Evolution,192,John Suvari,5,29,Elenco Estándar,Actor Promedio
17,Alone Trip,187,Renee Ball,8,33,Elenco Estándar,Actor Muy Prolífico
17,Alone Trip,100,Spencer Depp,8,24,Elenco Estándar,Actor Promedio
17,Alone Trip,167,Laurence Bullock,8,26,Elenco Estándar,Actor Promedio
17,Alone Trip,160,Chris Depp,8,20,Elenco Estándar,Actor Promedio
17,Alone Trip,13,Uma Wood,8,35,Elenco Estándar,Actor Muy Prolífico
17,Alone Trip,12,Karl Berry,8,31,Elenco Estándar,Actor Muy Prolífico
17,Alone Trip,3,Ed Chase,8,22,Elenco Estándar,Actor Promedio
17,Alone Trip,82,Woody Jolie,8,31,Elenco Estándar,Actor Muy Prolífico
18,Alter Victory,45,Reese Kilmer,4,32,Elenco Estándar,Actor Muy Prolífico
18,Alter Victory,162,Oprah Kilmer,4,25,Elenco Estándar,Actor Promedio
18,Alter Victory,144,Angela Witherspoon,4,35,Elenco Estándar,Actor Muy Prolífico
18,Alter Victory,142,Jada Ryder,4,31,Elenco Estándar,Actor Muy Prolífico
19,Amadeus Holy,104,Penelope Cronyn,6,31,Elenco Estándar,Actor Muy Prolífico
19,Amadeus Holy,84,James Pitt,6,31,Elenco Estándar,Actor Muy Prolífico
19,Amadeus Holy,37,Val Bolger,6,35,Elenco Estándar,Actor Muy Prolífico
19,Amadeus Holy,43,Kirk Jovovich,6,26,Elenco Estándar,Actor Promedio
19,Amadeus Holy,5,Johnny Lollobrigida,6,29,Elenco Estándar,Actor Promedio
19,Amadeus Holy,27,Julia Mcqueen,6,33,Elenco Estándar,Actor Muy Prolífico
20,Amelie Hellfighters,52,Carmen Hunt,6,26,Elenco Estándar,Actor Promedio
20,Amelie Hellfighters,159,Laura Brody,6,26,Elenco Estándar,Actor Promedio
20,Amelie Hellfighters,139,Ewan Gooding,6,33,Elenco Estándar,Actor Muy Prolífico
20,Amelie Hellfighters,155,Ian Tandy,6,31,Elenco Estándar,Actor Muy Prolífico
20,Amelie Hellfighters,136,Ed Mansfield,6,32,Elenco Estándar,Actor Muy Prolífico
20,Amelie Hellfighters,102,Walter Torn,6,41,Elenco Estándar,Actor Muy Prolífico
21,American Circus,126,Frances Tomei,5,23,Elenco Estándar,Actor Promedio
21,American Circus,105,Sidney Crowe,5,34,Elenco Estándar,Actor Muy Prolífico
21,American Circus,119,Warren Jackman,5,32,Elenco Estándar,Actor Muy Prolífico
21,American Circus,25,Kevin Bloom,5,21,Elenco Estándar,Actor Promedio
21,American Circus,26,Rip Crawford,5,33,Elenco Estándar,Actor Muy Prolífico
22,Amistad Midsummer,77,Cary Mcconaughey,4,24,Elenco Estándar,Actor Promedio
22,Amistad Midsummer,95,Daryl Wahlberg,4,31,Elenco Estándar,Actor Muy Prolífico
22,Amistad Midsummer,122,Salma Nolte,4,25,Elenco Estándar,Actor Promedio
22,Amistad Midsummer,124,Scarlett Bening,4,26,Elenco Estándar,Actor Promedio
23,Anaconda Confessions,150,Jayne Nolte,5,34,Elenco Estándar,Actor Muy Prolífico
23,Anaconda Confessions,164,Humphrey Willis,5,26,Elenco Estándar,Actor Promedio
23,Anaconda Confessions,4,Jennifer Davis,5,22,Elenco Estándar,Actor Promedio
23,Anaconda Confessions,1,Penelope Guiness,5,19,Elenco Estándar,Actor Promedio
23,Anaconda Confessions,22,Elvis Marx,5,26,Elenco Estándar,Actor Promedio
24,Analyze Hoosiers,42,Tom Miranda,5,27,Elenco Estándar,Actor Promedio
24,Analyze Hoosiers,67,Jessica Bailey,5,23,Elenco Estándar,Actor Promedio
24,Analyze Hoosiers,38,Tom Mckellen,5,25,Elenco Estándar,Actor Promedio
24,Analyze Hoosiers,179,Ed Guiness,5,29,Elenco Estándar,Actor Promedio
24,Analyze Hoosiers,157,Greta Malden,5,32,Elenco Estándar,Actor Muy Prolífico
25,Angels Life,167,Laurence Bullock,9,26,Elenco Estándar,Actor Promedio
25,Angels Life,136,Ed Mansfield,9,32,Elenco Estándar,Actor Muy Prolífico
25,Angels Life,166,Nick Degeneres,9,22,Elenco Estándar,Actor Promedio
25,Angels Life,187,Renee Ball,9,33,Elenco Estándar,Actor Muy Prolífico
25,Angels Life,4,Jennifer Davis,9,22,Elenco Estándar,Actor Promedio
25,Angels Life,7,Grace Mostel,9,30,Elenco Estándar,Actor Promedio
25,Angels Life,47,Julia Barrymore,9,24,Elenco Estándar,Actor Promedio
25,Angels Life,91,Christopher Berry,9,20,Elenco Estándar,Actor Promedio
25,Angels Life,1,Penelope Guiness,9,19,Elenco Estándar,Actor Promedio
26,Annie Identity,71,Adam Grant,3,18,Elenco Estándar,Actor Promedio
26,Annie Identity,128,Cate Mcqueen,3,30,Elenco Estándar,Actor Promedio
26,Annie Identity,130,Greta Keitel,3,27,Elenco Estándar,Actor Promedio
27,Anonymous Human,154,Meryl Gibson,9,28,Elenco Estándar,Actor Promedio
27,Anonymous Human,140,Whoopi Hurt,9,32,Elenco Estándar,Actor Muy Prolífico
27,Anonymous Human,99,Jim Mostel,9,26,Elenco Estándar,Actor Promedio
27,Anonymous Human,148,Emily Dee,9,14,Elenco Estándar,Actor Promedio
27,Anonymous Human,110,Susan Davis,9,21,Elenco Estándar,Actor Promedio
27,Anonymous Human,170,Mena Hopper,9,24,Elenco Estándar,Actor Promedio
27,Anonymous Human,179,Ed Guiness,9,29,Elenco Estándar,Actor Promedio
27,Anonymous Human,55,Fay Kilmer,9,20,Elenco Estándar,Actor Promedio
27,Anonymous Human,7,Grace Mostel,9,30,Elenco Estándar,Actor Promedio
28,Anthem Luke,74,Milla Keitel,2,28,Elenco Estándar,Actor Promedio
28,Anthem Luke,162,Oprah Kilmer,2,25,Elenco Estándar,Actor Promedio
29,Antitrust Tomatoes,175,William Hackman,7,27,Elenco Estándar,Actor Promedio
29,Antitrust Tomatoes,122,Salma Nolte,7,25,Elenco Estándar,Actor Promedio
29,Antitrust Tomatoes,105,Sidney Crowe,7,34,Elenco Estándar,Actor Muy Prolífico
29,Antitrust Tomatoes,187,Renee Ball,7,33,Elenco Estándar,Actor Muy Prolífico
29,Antitrust Tomatoes,197,Reese West,7,33,Elenco Estándar,Actor Muy Prolífico
29,Antitrust Tomatoes,13,Uma Wood,7,35,Elenco Estándar,Actor Muy Prolífico
29,Antitrust Tomatoes,6,Bette Nicholson,7,20,Elenco Estándar,Actor Promedio
30,Anything Savannah,9,Joe Swank,3,25,Elenco Estándar,Actor Promedio
30,Anything Savannah,163,Christopher West,3,21,Elenco Estándar,Actor Promedio
30,Anything Savannah,178,Lisa Monroe,3,23,Elenco Estándar,Actor Promedio
31,Apache Divine,2,Nick Wahlberg,4,25,Elenco Estándar,Actor Promedio
31,Apache Divine,60,Henry Berry,4,35,Elenco Estándar,Actor Muy Prolífico
31,Apache Divine,15,Cuba Olivier,4,28,Elenco Estándar,Actor Promedio
31,Apache Divine,49,Anne Cronyn,4,27,Elenco Estándar,Actor Promedio
32,Apocalypse Flamingos,79,Mae Hoffman,5,28,Elenco Estándar,Actor Promedio
32,Apocalypse Flamingos,183,Russell Close,5,19,Elenco Estándar,Actor Promedio
32,Apocalypse Flamingos,162,Oprah Kilmer,5,25,Elenco Estándar,Actor Promedio
32,Apocalypse Flamingos,158,Vivien Basinger,5,35,Elenco Estándar,Actor Muy Prolífico
32,Apocalypse Flamingos,168,Will Wilson,5,31,Elenco Estándar,Actor Muy Prolífico
33,Apollo Teen,162,Oprah Kilmer,8,25,Elenco Estándar,Actor Promedio
33,Apollo Teen,146,Albert Johansson,8,33,Elenco Estándar,Actor Muy Prolífico
33,Apollo Teen,170,Mena Hopper,8,24,Elenco Estándar,Actor Promedio
33,Apollo Teen,180,Jeff Silverstone,8,25,Elenco Estándar,Actor Promedio
33,Apollo Teen,182,Debbie Akroyd,8,24,Elenco Estándar,Actor Promedio
33,Apollo Teen,136,Ed Mansfield,8,32,Elenco Estándar,Actor Muy Prolífico
33,Apollo Teen,82,Woody Jolie,8,31,Elenco Estándar,Actor Muy Prolífico
33,Apollo Teen,79,Mae Hoffman,8,28,Elenco Estándar,Actor Promedio
34,Arabia Dogma,27,Julia Mcqueen,12,33,Elenco Grande,Actor Muy Prolífico
34,Arabia Dogma,72,Sean Williams,12,26,Elenco Grande,Actor Promedio
34,Arabia Dogma,40,Johnny Cage,12,29,Elenco Grande,Actor Promedio
34,Arabia Dogma,12,Karl Berry,12,31,Elenco Grande,Actor Muy Prolífico
34,Arabia Dogma,57,Jude Cruise,12,30,Elenco Grande,Actor Promedio
34,Arabia Dogma,75,Burt Posey,12,24,Elenco Grande,Actor Promedio
34,Arabia Dogma,26,Rip Crawford,12,33,Elenco Grande,Actor Muy Prolífico
34,Arabia Dogma,157,Greta Malden,12,32,Elenco Grande,Actor Muy Prolífico
34,Arabia Dogma,178,Lisa Monroe,12,23,Elenco Grande,Actor Promedio
34,Arabia Dogma,112,Russell Bacall,12,25,Elenco Grande,Actor Promedio
34,Arabia Dogma,126,Frances Tomei,12,23,Elenco Grande,Actor Promedio
34,Arabia Dogma,102,Walter Torn,12,41,Elenco Grande,Actor Muy Prolífico
35,Arachnophobia Rollercoaster,118,Cuba Allen,8,25,Elenco Estándar,Actor Promedio
35,Arachnophobia Rollercoaster,184,Humphrey Garland,8,29,Elenco Estándar,Actor Promedio
35,Arachnophobia Rollercoaster,135,Rita Reynolds,8,20,Elenco Estándar,Actor Promedio
35,Arachnophobia Rollercoaster,139,Ewan Gooding,8,33,Elenco Estándar,Actor Muy Prolífico
35,Arachnophobia Rollercoaster,113,Morgan Hopkins,8,27,Elenco Estándar,Actor Promedio
35,Arachnophobia Rollercoaster,35,Judy Dean,8,15,Elenco Estándar,Actor Promedio
35,Arachnophobia Rollercoaster,7,Grace Mostel,8,30,Elenco Estándar,Actor Promedio
35,Arachnophobia Rollercoaster,95,Daryl Wahlberg,8,31,Elenco Estándar,Actor Muy Prolífico
36,Argonauts Town,47,Julia Barrymore,5,24,Elenco Estándar,Actor Promedio
36,Argonauts Town,96,Gene Willis,5,23,Elenco Estándar,Actor Promedio
36,Argonauts Town,73,Gary Penn,5,26,Elenco Estándar,Actor Promedio
36,Argonauts Town,127,Kevin Garland,5,33,Elenco Estándar,Actor Muy Prolífico
36,Argonauts Town,116,Dan Streep,5,24,Elenco Estándar,Actor Promedio
37,Arizona Bang,130,Greta Keitel,4,27,Elenco Estándar,Actor Promedio
37,Arizona Bang,112,Russell Bacall,4,25,Elenco Estándar,Actor Promedio
37,Arizona Bang,64,Ray Johansson,4,30,Elenco Estándar,Actor Promedio
37,Arizona Bang,12,Karl Berry,4,31,Elenco Estándar,Actor Muy Prolífico
38,Ark Ridgemont,46,Parker Goldberg,3,24,Elenco Estándar,Actor Promedio
38,Ark Ridgemont,166,Nick Degeneres,3,22,Elenco Estándar,Actor Promedio
38,Ark Ridgemont,190,Audrey Bailey,3,27,Elenco Estándar,Actor Promedio
39,Armageddon Lost,191,Gregory Gooding,7,30,Elenco Estándar,Actor Promedio
39,Armageddon Lost,84,James Pitt,7,31,Elenco Estándar,Actor Muy Prolífico
39,Armageddon Lost,65,Angela Hudson,7,34,Elenco Estándar,Actor Muy Prolífico
39,Armageddon Lost,118,Cuba Allen,7,25,Elenco Estándar,Actor Promedio
39,Armageddon Lost,104,Penelope Cronyn,7,31,Elenco Estándar,Actor Muy Prolífico
39,Armageddon Lost,145,Kim Allen,7,28,Elenco Estándar,Actor Promedio
39,Armageddon Lost,177,Gene Mckellen,7,27,Elenco Estándar,Actor Promedio
40,Army Flintstones,104,Penelope Cronyn,7,31,Elenco Estándar,Actor Muy Prolífico
40,Army Flintstones,183,Russell Close,7,19,Elenco Estándar,Actor Promedio
40,Army Flintstones,181,Matthew Carrey,7,39,Elenco Estándar,Actor Muy Prolífico
40,Army Flintstones,96,Gene Willis,7,23,Elenco Estándar,Actor Promedio
40,Army Flintstones,79,Mae Hoffman,7,28,Elenco Estándar,Actor Promedio
40,Army Flintstones,77,Cary Mcconaughey,7,24,Elenco Estándar,Actor Promedio
40,Army Flintstones,3,Ed Chase,7,22,Elenco Estándar,Actor Promedio
41,Arsenic Independence,118,Cuba Allen,3,25,Elenco Estándar,Actor Promedio
41,Arsenic Independence,135,Rita Reynolds,3,20,Elenco Estándar,Actor Promedio
41,Arsenic Independence,162,Oprah Kilmer,3,25,Elenco Estándar,Actor Promedio
42,Artist Coldblooded,117,Renee Tracy,7,33,Elenco Estándar,Actor Muy Prolífico
42,Artist Coldblooded,105,Sidney Crowe,7,34,Elenco Estándar,Actor Muy Prolífico
42,Artist Coldblooded,194,Meryl Allen,7,22,Elenco Estándar,Actor Promedio
42,Artist Coldblooded,23,Sandra Kilmer,7,37,Elenco Estándar,Actor Muy Prolífico
42,Artist Coldblooded,43,Kirk Jovovich,7,26,Elenco Estándar,Actor Promedio
42,Artist Coldblooded,62,Jayne Neeson,7,29,Elenco Estándar,Actor Promedio
42,Artist Coldblooded,3,Ed Chase,7,22,Elenco Estándar,Actor Promedio
43,Atlantis Cause,28,Woody Hoffman,9,31,Elenco Estándar,Actor Muy Prolífico
43,Atlantis Cause,34,Audrey Olivier,9,25,Elenco Estándar,Actor Promedio
43,Atlantis Cause,161,Harvey Hope,9,32,Elenco Estándar,Actor Muy Prolífico
43,Atlantis Cause,130,Greta Keitel,9,27,Elenco Estándar,Actor Promedio
43,Atlantis Cause,126,Frances Tomei,9,23,Elenco Estándar,Actor Promedio
43,Atlantis Cause,160,Chris Depp,9,20,Elenco Estándar,Actor Promedio
43,Atlantis Cause,189,Cuba Birch,9,24,Elenco Estándar,Actor Promedio
43,Atlantis Cause,141,Cate Harris,9,28,Elenco Estándar,Actor Promedio
43,Atlantis Cause,123,Julianne Dench,9,32,Elenco Estándar,Actor Muy Prolífico
44,Attacks Hate,106,Groucho Dunst,4,35,Elenco Estándar,Actor Muy Prolífico
44,Attacks Hate,74,Milla Keitel,4,28,Elenco Estándar,Actor Promedio
44,Attacks Hate,18,Dan Torn,4,22,Elenco Estándar,Actor Promedio
44,Attacks Hate,193,Burt Temple,4,23,Elenco Estándar,Actor Promedio
45,Attraction Newton,163,Christopher West,4,21,Elenco Estándar,Actor Promedio
45,Attraction Newton,73,Gary Penn,4,26,Elenco Estándar,Actor Promedio
45,Attraction Newton,68,Rip Winslet,4,30,Elenco Estándar,Actor Promedio
45,Attraction Newton,13,Uma Wood,4,35,Elenco Estándar,Actor Muy Prolífico
46,Autumn Crow,59,Dustin Tautou,3,27,Elenco Estándar,Actor Promedio
46,Autumn Crow,65,Angela Hudson,3,34,Elenco Estándar,Actor Muy Prolífico
46,Autumn Crow,84,James Pitt,3,31,Elenco Estándar,Actor Muy Prolífico
47,Baby Hall,8,Matthew Johansson,8,20,Elenco Estándar,Actor Promedio
47,Baby Hall,2,Nick Wahlberg,8,25,Elenco Estándar,Actor Promedio
47,Baby Hall,89,Charlize Dench,8,24,Elenco Estándar,Actor Promedio
47,Baby Hall,95,Daryl Wahlberg,8,31,Elenco Estándar,Actor Muy Prolífico
47,Baby Hall,158,Vivien Basinger,8,35,Elenco Estándar,Actor Muy Prolífico
47,Baby Hall,153,Minnie Kilmer,8,20,Elenco Estándar,Actor Promedio
47,Baby Hall,127,Kevin Garland,8,33,Elenco Estándar,Actor Muy Prolífico
47,Baby Hall,143,River Dean,8,31,Elenco Estándar,Actor Muy Prolífico
48,Backlash Undefeated,131,Jane Jackman,7,25,Elenco Estándar,Actor Promedio
48,Backlash Undefeated,127,Kevin Garland,7,33,Elenco Estándar,Actor Muy Prolífico
48,Backlash Undefeated,109,Sylvester Dern,7,22,Elenco Estándar,Actor Promedio
48,Backlash Undefeated,116,Dan Streep,7,24,Elenco Estándar,Actor Promedio
48,Backlash Undefeated,58,Christian Akroyd,7,32,Elenco Estándar,Actor Muy Prolífico
48,Backlash Undefeated,87,Spencer Peck,7,21,Elenco Estándar,Actor Promedio
48,Backlash Undefeated,91,Christopher Berry,7,20,Elenco Estándar,Actor Promedio
49,Badman Dawn,83,Ben Willis,8,33,Elenco Estándar,Actor Muy Prolífico
49,Badman Dawn,200,Thora Temple,8,20,Elenco Estándar,Actor Promedio
49,Badman Dawn,171,Olympia Pfeiffer,8,28,Elenco Estándar,Actor Promedio
49,Badman Dawn,115,Harrison Bale,8,28,Elenco Estándar,Actor Promedio
49,Badman Dawn,118,Cuba Allen,8,25,Elenco Estándar,Actor Promedio
49,Badman Dawn,130,Greta Keitel,8,27,Elenco Estándar,Actor Promedio
49,Badman Dawn,119,Warren Jackman,8,32,Elenco Estándar,Actor Muy Prolífico
49,Badman Dawn,173,Alan Dreyfuss,8,27,Elenco Estándar,Actor Promedio
50,Baked Cleopatra,70,Michelle Mcconaughey,1,23,Elenco Estándar,Actor Promedio
51,Balloon Homeward,53,Mena Temple,6,30,Elenco Estándar,Actor Promedio
51,Balloon Homeward,46,Parker Goldberg,6,24,Elenco Estándar,Actor Promedio
51,Balloon Homeward,73,Gary Penn,6,26,Elenco Estándar,Actor Promedio
51,Balloon Homeward,133,Richard Penn,6,30,Elenco Estándar,Actor Promedio
51,Balloon Homeward,188,Rock Dukakis,6,30,Elenco Estándar,Actor Promedio
51,Balloon Homeward,187,Renee Ball,6,33,Elenco Estándar,Actor Muy Prolífico
52,Ballroom Mockingbird,115,Harrison Bale,7,28,Elenco Estándar,Actor Promedio
52,Ballroom Mockingbird,177,Gene Mckellen,7,27,Elenco Estándar,Actor Promedio
52,Ballroom Mockingbird,138,Lucille Dee,7,24,Elenco Estándar,Actor Promedio
52,Ballroom Mockingbird,35,Judy Dean,7,15,Elenco Estándar,Actor Promedio
52,Ballroom Mockingbird,95,Daryl Wahlberg,7,31,Elenco Estándar,Actor Muy Prolífico
52,Ballroom Mockingbird,71,Adam Grant,7,18,Elenco Estándar,Actor Promedio
52,Ballroom Mockingbird,83,Ben Willis,7,33,Elenco Estándar,Actor Muy Prolífico
53,Bang Kwai,47,Julia Barrymore,7,24,Elenco Estándar,Actor Promedio
53,Bang Kwai,70,Michelle Mcconaughey,7,23,Elenco Estándar,Actor Promedio
53,Bang Kwai,30,Sandra Peck,7,19,Elenco Estándar,Actor Promedio
53,Bang Kwai,6,Bette Nicholson,7,20,Elenco Estándar,Actor Promedio
53,Bang Kwai,102,Walter Torn,7,41,Elenco Estándar,Actor Muy Prolífico
53,Bang Kwai,156,Fay Wood,7,22,Elenco Estándar,Actor Promedio
53,Bang Kwai,149,Russell Temple,7,31,Elenco Estándar,Actor Muy Prolífico
54,Banger Pinocchio,20,Lucille Tracy,6,30,Elenco Estándar,Actor Promedio
54,Banger Pinocchio,5,Johnny Lollobrigida,6,29,Elenco Estándar,Actor Promedio
54,Banger Pinocchio,62,Jayne Neeson,6,29,Elenco Estándar,Actor Promedio
54,Banger Pinocchio,59,Dustin Tautou,6,27,Elenco Estándar,Actor Promedio
54,Banger Pinocchio,96,Gene Willis,6,23,Elenco Estándar,Actor Promedio
54,Banger Pinocchio,190,Audrey Bailey,6,27,Elenco Estándar,Actor Promedio
55,Barbarella Streetcar,177,Gene Mckellen,5,27,Elenco Estándar,Actor Promedio
55,Barbarella Streetcar,173,Alan Dreyfuss,5,27,Elenco Estándar,Actor Promedio
55,Barbarella Streetcar,118,Cuba Allen,5,25,Elenco Estándar,Actor Promedio
55,Barbarella Streetcar,166,Nick Degeneres,5,22,Elenco Estándar,Actor Promedio
55,Barbarella Streetcar,66,Mary Tandy,5,31,Elenco Estándar,Actor Muy Prolífico
56,Barefoot Manchurian,43,Kirk Jovovich,8,26,Elenco Estándar,Actor Promedio
56,Barefoot Manchurian,22,Elvis Marx,8,26,Elenco Estándar,Actor Promedio
56,Barefoot Manchurian,4,Jennifer Davis,8,22,Elenco Estándar,Actor Promedio
56,Barefoot Manchurian,33,Milla Peck,8,24,Elenco Estándar,Actor Promedio
56,Barefoot Manchurian,137,Morgan Williams,8,27,Elenco Estándar,Actor Promedio
56,Barefoot Manchurian,129,Daryl Crawford,8,30,Elenco Estándar,Actor Promedio
56,Barefoot Manchurian,168,Will Wilson,8,31,Elenco Estándar,Actor Muy Prolífico
56,Barefoot Manchurian,136,Ed Mansfield,8,32,Elenco Estándar,Actor Muy Prolífico
57,Basic Easy,130,Greta Keitel,6,27,Elenco Estándar,Actor Promedio
57,Basic Easy,148,Emily Dee,6,14,Elenco Estándar,Actor Promedio
57,Basic Easy,120,Penelope Monroe,6,27,Elenco Estándar,Actor Promedio
57,Basic Easy,172,Groucho Williams,6,25,Elenco Estándar,Actor Promedio
57,Basic Easy,139,Ewan Gooding,6,33,Elenco Estándar,Actor Muy Prolífico
57,Basic Easy,67,Jessica Bailey,6,23,Elenco Estándar,Actor Promedio
58,Beach Heartbreakers,53,Mena Temple,7,30,Elenco Estándar,Actor Promedio
58,Beach Heartbreakers,44,Nick Stallone,7,30,Elenco Estándar,Actor Promedio
58,Beach Heartbreakers,28,Woody Hoffman,7,31,Elenco Estándar,Actor Muy Prolífico
58,Beach Heartbreakers,96,Gene Willis,7,23,Elenco Estándar,Actor Promedio
58,Beach Heartbreakers,83,Ben Willis,7,33,Elenco Estándar,Actor Muy Prolífico
58,Beach Heartbreakers,126,Frances Tomei,7,23,Elenco Estándar,Actor Promedio
58,Beach Heartbreakers,161,Harvey Hope,7,32,Elenco Estándar,Actor Muy Prolífico
59,Bear Graceland,152,Ben Harris,3,23,Elenco Estándar,Actor Promedio
59,Bear Graceland,104,Penelope Cronyn,3,31,Elenco Estándar,Actor Muy Prolífico
59,Bear Graceland,81,Scarlett Damon,3,36,Elenco Estándar,Actor Muy Prolífico
60,Beast Hunchback,94,Kenneth Torn,5,33,Elenco Estándar,Actor Muy Prolífico
60,Beast Hunchback,76,Angelina Astaire,5,31,Elenco Estándar,Actor Muy Prolífico
60,Beast Hunchback,6,Bette Nicholson,5,20,Elenco Estándar,Actor Promedio
60,Beast Hunchback,41,Jodie Degeneres,5,29,Elenco Estándar,Actor Promedio
60,Beast Hunchback,101,Susan Davis,5,33,Elenco Estándar,Actor Muy Prolífico
61,Beauty Grease,166,Nick Degeneres,5,22,Elenco Estándar,Actor Promedio
61,Beauty Grease,111,Cameron Zellweger,5,33,Elenco Estándar,Actor Muy Prolífico
61,Beauty Grease,174,Michael Bening,5,24,Elenco Estándar,Actor Promedio
61,Beauty Grease,138,Lucille Dee,5,24,Elenco Estándar,Actor Promedio
61,Beauty Grease,136,Ed Mansfield,5,32,Elenco Estándar,Actor Muy Prolífico
62,Bed Highball,107,Gina Degeneres,5,42,Elenco Estándar,Actor Muy Prolífico
62,Bed Highball,125,Albert Nolte,5,31,Elenco Estándar,Actor Muy Prolífico
62,Bed Highball,110,Susan Davis,5,21,Elenco Estándar,Actor Promedio
62,Bed Highball,190,Audrey Bailey,5,27,Elenco Estándar,Actor Promedio
62,Bed Highball,4,Jennifer Davis,5,22,Elenco Estándar,Actor Promedio
63,Bedazzled Married,20,Lucille Tracy,7,30,Elenco Estándar,Actor Promedio
63,Bedazzled Married,51,Gary Phoenix,7,25,Elenco Estándar,Actor Promedio
63,Bedazzled Married,56,Dan Harris,7,28,Elenco Estándar,Actor Promedio
63,Bedazzled Married,120,Penelope Monroe,7,27,Elenco Estándar,Actor Promedio
63,Bedazzled Married,167,Laurence Bullock,7,26,Elenco Estándar,Actor Promedio
63,Bedazzled Married,150,Jayne Nolte,7,34,Elenco Estándar,Actor Muy Prolífico
63,Bedazzled Married,197,Reese West,7,33,Elenco Estándar,Actor Muy Prolífico
64,Beethoven Exorcist,196,Bela Walken,6,30,Elenco Estándar,Actor Promedio
64,Beethoven Exorcist,30,Sandra Peck,6,19,Elenco Estándar,Actor Promedio
64,Beethoven Exorcist,119,Warren Jackman,6,32,Elenco Estándar,Actor Muy Prolífico
64,Beethoven Exorcist,124,Scarlett Bening,6,26,Elenco Estándar,Actor Promedio
64,Beethoven Exorcist,153,Minnie Kilmer,6,20,Elenco Estándar,Actor Promedio
64,Beethoven Exorcist,158,Vivien Basinger,6,35,Elenco Estándar,Actor Muy Prolífico
65,Behavior Runaway,135,Rita Reynolds,5,20,Elenco Estándar,Actor Promedio
65,Behavior Runaway,179,Ed Guiness,5,29,Elenco Estándar,Actor Promedio
65,Behavior Runaway,95,Daryl Wahlberg,5,31,Elenco Estándar,Actor Muy Prolífico
65,Behavior Runaway,32,Tim Hackman,5,23,Elenco Estándar,Actor Promedio
65,Behavior Runaway,45,Reese Kilmer,5,32,Elenco Estándar,Actor Muy Prolífico
66,Beneath Rush,76,Angelina Astaire,7,31,Elenco Estándar,Actor Muy Prolífico
66,Beneath Rush,45,Reese Kilmer,7,32,Elenco Estándar,Actor Muy Prolífico
66,Beneath Rush,98,Chris Bridges,7,27,Elenco Estándar,Actor Promedio
66,Beneath Rush,96,Gene Willis,7,23,Elenco Estándar,Actor Promedio
66,Beneath Rush,101,Susan Davis,7,33,Elenco Estándar,Actor Muy Prolífico
66,Beneath Rush,131,Jane Jackman,7,25,Elenco Estándar,Actor Promedio
66,Beneath Rush,158,Vivien Basinger,7,35,Elenco Estándar,Actor Muy Prolífico
67,Berets Agent,123,Julianne Dench,10,32,Elenco Grande,Actor Muy Prolífico
67,Berets Agent,175,William Hackman,10,27,Elenco Grande,Actor Promedio
67,Berets Agent,155,Ian Tandy,10,31,Elenco Grande,Actor Muy Prolífico
67,Berets Agent,141,Cate Harris,10,28,Elenco Grande,Actor Promedio
67,Berets Agent,144,Angela Witherspoon,10,35,Elenco Grande,Actor Muy Prolífico
67,Berets Agent,199,Julia Fawcett,10,15,Elenco Grande,Actor Promedio
67,Berets Agent,194,Meryl Allen,10,22,Elenco Grande,Actor Promedio
67,Berets Agent,7,Grace Mostel,10,30,Elenco Grande,Actor Promedio
67,Berets Agent,47,Julia Barrymore,10,24,Elenco Grande,Actor Promedio
67,Berets Agent,67,Jessica Bailey,10,23,Elenco Grande,Actor Promedio
68,Betrayed Rear,76,Angelina Astaire,4,31,Elenco Estándar,Actor Muy Prolífico
68,Betrayed Rear,58,Christian Akroyd,4,32,Elenco Estándar,Actor Muy Prolífico
68,Betrayed Rear,114,Morgan Mcdormand,4,25,Elenco Estándar,Actor Promedio
68,Betrayed Rear,166,Nick Degeneres,4,22,Elenco Estándar,Actor Promedio
69,Beverly Outlaw,30,Sandra Peck,4,19,Elenco Estándar,Actor Promedio
69,Beverly Outlaw,80,Ralph Cruz,4,28,Elenco Estándar,Actor Promedio
69,Beverly Outlaw,41,Jodie Degeneres,4,29,Elenco Estándar,Actor Promedio
69,Beverly Outlaw,192,John Suvari,4,29,Elenco Estándar,Actor Promedio
70,Bikini Borrowers,104,Penelope Cronyn,2,31,Elenco Estándar,Actor Muy Prolífico
70,Bikini Borrowers,6,Bette Nicholson,2,20,Elenco Estándar,Actor Promedio
71,Bilko Anonymous,93,Ellen Presley,3,25,Elenco Estándar,Actor Promedio
71,Bilko Anonymous,39,Goldie Brody,3,28,Elenco Estándar,Actor Promedio
71,Bilko Anonymous,183,Russell Close,3,19,Elenco Estándar,Actor Promedio
72,Bill Others,165,Al Garland,6,26,Elenco Estándar,Actor Promedio
72,Bill Others,149,Russell Temple,6,31,Elenco Estándar,Actor Muy Prolífico
72,Bill Others,167,Laurence Bullock,6,26,Elenco Estándar,Actor Promedio
72,Bill Others,98,Chris Bridges,6,27,Elenco Estándar,Actor Promedio
72,Bill Others,59,Dustin Tautou,6,27,Elenco Estándar,Actor Promedio
72,Bill Others,85,Minnie Zellweger,6,31,Elenco Estándar,Actor Muy Prolífico
73,Bingo Talented,39,Goldie Brody,5,28,Elenco Estándar,Actor Promedio
73,Bingo Talented,77,Cary Mcconaughey,5,24,Elenco Estándar,Actor Promedio
73,Bingo Talented,63,Cameron Wray,5,19,Elenco Estándar,Actor Promedio
73,Bingo Talented,187,Renee Ball,5,33,Elenco Estándar,Actor Muy Prolífico
73,Bingo Talented,176,Jon Chase,5,29,Elenco Estándar,Actor Promedio
74,Birch Antitrust,173,Alan Dreyfuss,6,27,Elenco Estándar,Actor Promedio
74,Birch Antitrust,139,Ewan Gooding,6,33,Elenco Estándar,Actor Muy Prolífico
74,Birch Antitrust,181,Matthew Carrey,6,39,Elenco Estándar,Actor Muy Prolífico
74,Birch Antitrust,95,Daryl Wahlberg,6,31,Elenco Estándar,Actor Muy Prolífico
74,Birch Antitrust,9,Joe Swank,6,25,Elenco Estándar,Actor Promedio
74,Birch Antitrust,28,Woody Hoffman,6,31,Elenco Estándar,Actor Muy Prolífico
75,Bird Independence,55,Fay Kilmer,2,20,Elenco Estándar,Actor Promedio
75,Bird Independence,150,Jayne Nolte,2,34,Elenco Estándar,Actor Muy Prolífico
76,Birdcage Casper,187,Renee Ball,4,33,Elenco Estándar,Actor Muy Prolífico
76,Birdcage Casper,122,Salma Nolte,4,25,Elenco Estándar,Actor Promedio
76,Birdcage Casper,94,Kenneth Torn,4,33,Elenco Estándar,Actor Muy Prolífico
76,Birdcage Casper,88,Kenneth Pesci,4,20,Elenco Estándar,Actor Promedio
77,Birds Perdition,73,Gary Penn,4,26,Elenco Estándar,Actor Promedio
77,Birds Perdition,30,Sandra Peck,4,19,Elenco Estándar,Actor Promedio
77,Birds Perdition,140,Whoopi Hurt,4,32,Elenco Estándar,Actor Muy Prolífico
77,Birds Perdition,109,Sylvester Dern,4,22,Elenco Estándar,Actor Promedio
78,Blackout Private,169,Kenneth Hoffman,5,29,Elenco Estándar,Actor Promedio
78,Blackout Private,111,Cameron Zellweger,5,33,Elenco Estándar,Actor Muy Prolífico
78,Blackout Private,181,Matthew Carrey,5,39,Elenco Estándar,Actor Muy Prolífico
78,Blackout Private,23,Sandra Kilmer,5,37,Elenco Estándar,Actor Muy Prolífico
78,Blackout Private,77,Cary Mcconaughey,5,24,Elenco Estándar,Actor Promedio
79,Blade Polish,4,Jennifer Davis,5,22,Elenco Estándar,Actor Promedio
79,Blade Polish,29,Alec Wayne,5,29,Elenco Estándar,Actor Promedio
79,Blade Polish,143,River Dean,5,31,Elenco Estándar,Actor Muy Prolífico
79,Blade Polish,144,Angela Witherspoon,5,35,Elenco Estándar,Actor Muy Prolífico
79,Blade Polish,127,Kevin Garland,5,33,Elenco Estándar,Actor Muy Prolífico
80,Blanket Beverly,173,Alan Dreyfuss,4,27,Elenco Estándar,Actor Promedio
80,Blanket Beverly,193,Burt Temple,4,23,Elenco Estándar,Actor Promedio
80,Blanket Beverly,200,Thora Temple,4,20,Elenco Estándar,Actor Promedio
80,Blanket Beverly,16,Fred Costner,4,27,Elenco Estándar,Actor Promedio
81,Blindness Gun,36,Burt Dukakis,3,29,Elenco Estándar,Actor Promedio
81,Blindness Gun,98,Chris Bridges,3,27,Elenco Estándar,Actor Promedio
81,Blindness Gun,132,Adam Hopper,3,22,Elenco Estándar,Actor Promedio
82,Blood Argonauts,128,Cate Mcqueen,4,30,Elenco Estándar,Actor Promedio
82,Blood Argonauts,159,Laura Brody,4,26,Elenco Estándar,Actor Promedio
82,Blood Argonauts,132,Adam Hopper,4,22,Elenco Estándar,Actor Promedio
82,Blood Argonauts,189,Cuba Birch,4,24,Elenco Estándar,Actor Promedio
83,Blues Instinct,122,Salma Nolte,4,25,Elenco Estándar,Actor Promedio
83,Blues Instinct,106,Groucho Dunst,4,35,Elenco Estándar,Actor Muy Prolífico
83,Blues Instinct,181,Matthew Carrey,4,39,Elenco Estándar,Actor Muy Prolífico
83,Blues Instinct,24,Cameron Streep,4,24,Elenco Estándar,Actor Promedio
84,Boiled Dares,18,Dan Torn,8,22,Elenco Estándar,Actor Promedio
84,Boiled Dares,44,Nick Stallone,8,30,Elenco Estándar,Actor Promedio
84,Boiled Dares,54,Penelope Pinkett,8,25,Elenco Estándar,Actor Promedio
84,Boiled Dares,32,Tim Hackman,8,23,Elenco Estándar,Actor Promedio
84,Boiled Dares,99,Jim Mostel,8,26,Elenco Estándar,Actor Promedio
84,Boiled Dares,113,Morgan Hopkins,8,27,Elenco Estándar,Actor Promedio
84,Boiled Dares,199,Julia Fawcett,8,15,Elenco Estándar,Actor Promedio
84,Boiled Dares,191,Gregory Gooding,8,30,Elenco Estándar,Actor Promedio
85,Bonnie Holocaust,27,Julia Mcqueen,9,33,Elenco Estándar,Actor Muy Prolífico
85,Bonnie Holocaust,60,Henry Berry,9,35,Elenco Estándar,Actor Muy Prolífico
85,Bonnie Holocaust,5,Johnny Lollobrigida,9,29,Elenco Estándar,Actor Promedio
85,Bonnie Holocaust,85,Minnie Zellweger,9,31,Elenco Estándar,Actor Muy Prolífico
85,Bonnie Holocaust,126,Frances Tomei,9,23,Elenco Estándar,Actor Promedio
85,Bonnie Holocaust,179,Ed Guiness,9,29,Elenco Estándar,Actor Promedio
85,Bonnie Holocaust,162,Oprah Kilmer,9,25,Elenco Estándar,Actor Promedio
85,Bonnie Holocaust,147,Fay Winslet,9,31,Elenco Estándar,Actor Muy Prolífico
85,Bonnie Holocaust,101,Susan Davis,9,33,Elenco Estándar,Actor Muy Prolífico
86,Boogie Amelie,177,Gene Mckellen,6,27,Elenco Estándar,Actor Promedio
86,Boogie Amelie,166,Nick Degeneres,6,22,Elenco Estándar,Actor Promedio
86,Boogie Amelie,194,Meryl Allen,6,22,Elenco Estándar,Actor Promedio
86,Boogie Amelie,78,Groucho Sinatra,6,26,Elenco Estándar,Actor Promedio
86,Boogie Amelie,41,Jodie Degeneres,6,29,Elenco Estándar,Actor Promedio
86,Boogie Amelie,25,Kevin Bloom,6,21,Elenco Estándar,Actor Promedio
87,Boondock Ballroom,3,Ed Chase,13,22,Mega Elenco,Actor Promedio
87,Boondock Ballroom,64,Ray Johansson,13,30,Mega Elenco,Actor Promedio
87,Boondock Ballroom,98,Chris Bridges,13,27,Mega Elenco,Actor Promedio
87,Boondock Ballroom,56,Dan Harris,13,28,Mega Elenco,Actor Promedio
87,Boondock Ballroom,16,Fred Costner,13,27,Mega Elenco,Actor Promedio
87,Boondock Ballroom,88,Kenneth Pesci,13,20,Mega Elenco,Actor Promedio
87,Boondock Ballroom,30,Sandra Peck,13,19,Mega Elenco,Actor Promedio
87,Boondock Ballroom,13,Uma Wood,13,35,Mega Elenco,Actor Muy Prolífico
87,Boondock Ballroom,4,Jennifer Davis,13,22,Mega Elenco,Actor Promedio
87,Boondock Ballroom,21,Kirsten Paltrow,13,27,Mega Elenco,Actor Promedio
87,Boondock Ballroom,119,Warren Jackman,13,32,Mega Elenco,Actor Muy Prolífico
87,Boondock Ballroom,184,Humphrey Garland,13,29,Mega Elenco,Actor Promedio
87,Boondock Ballroom,190,Audrey Bailey,13,27,Mega Elenco,Actor Promedio
88,Born Spinal,194,Meryl Allen,9,22,Elenco Estándar,Actor Promedio
88,Born Spinal,44,Nick Stallone,9,30,Elenco Estándar,Actor Promedio
88,Born Spinal,21,Kirsten Paltrow,9,27,Elenco Estándar,Actor Promedio
88,Born Spinal,69,Kenneth Paltrow,9,21,Elenco Estándar,Actor Promedio
88,Born Spinal,64,Ray Johansson,9,30,Elenco Estándar,Actor Promedio
88,Born Spinal,59,Dustin Tautou,9,27,Elenco Estándar,Actor Promedio
88,Born Spinal,31,Sissy Sobieski,9,18,Elenco Estándar,Actor Promedio
88,Born Spinal,116,Dan Streep,9,24,Elenco Estándar,Actor Promedio
88,Born Spinal,135,Rita Reynolds,9,20,Elenco Estándar,Actor Promedio
89,Borrowers Bedazzled,129,Daryl Crawford,7,30,Elenco Estándar,Actor Promedio
89,Borrowers Bedazzled,176,Jon Chase,7,29,Elenco Estándar,Actor Promedio
89,Borrowers Bedazzled,161,Harvey Hope,7,32,Elenco Estándar,Actor Muy Prolífico
89,Borrowers Bedazzled,15,Cuba Olivier,7,28,Elenco Estándar,Actor Promedio
89,Borrowers Bedazzled,81,Scarlett Damon,7,36,Elenco Estándar,Actor Muy Prolífico
89,Borrowers Bedazzled,22,Elvis Marx,7,26,Elenco Estándar,Actor Promedio
89,Borrowers Bedazzled,43,Kirk Jovovich,7,26,Elenco Estándar,Actor Promedio
90,Boulevard Mob,34,Audrey Olivier,8,25,Elenco Estándar,Actor Promedio
90,Boulevard Mob,26,Rip Crawford,8,33,Elenco Estándar,Actor Muy Prolífico
90,Boulevard Mob,92,Kirsten Akroyd,8,34,Elenco Estándar,Actor Muy Prolífico
90,Boulevard Mob,116,Dan Streep,8,24,Elenco Estándar,Actor Promedio
90,Boulevard Mob,139,Ewan Gooding,8,33,Elenco Estándar,Actor Muy Prolífico
90,Boulevard Mob,114,Morgan Mcdormand,8,25,Elenco Estándar,Actor Promedio
90,Boulevard Mob,144,Angela Witherspoon,8,35,Elenco Estándar,Actor Muy Prolífico
90,Boulevard Mob,161,Harvey Hope,8,32,Elenco Estándar,Actor Muy Prolífico
91,Bound Cheaper,15,Cuba Olivier,2,28,Elenco Estándar,Actor Promedio
91,Bound Cheaper,12,Karl Berry,2,31,Elenco Estándar,Actor Muy Prolífico
92,Bowfinger Gables,12,Karl Berry,5,31,Elenco Estándar,Actor Muy Prolífico
92,Bowfinger Gables,52,Carmen Hunt,5,26,Elenco Estándar,Actor Promedio
92,Bowfinger Gables,85,Minnie Zellweger,5,31,Elenco Estándar,Actor Muy Prolífico
92,Bowfinger Gables,70,Michelle Mcconaughey,5,23,Elenco Estándar,Actor Promedio
92,Bowfinger Gables,168,Will Wilson,5,31,Elenco Estándar,Actor Muy Prolífico
93,Brannigan Sunrise,169,Kenneth Hoffman,2,29,Elenco Estándar,Actor Promedio
93,Brannigan Sunrise,26,Rip Crawford,2,33,Elenco Estándar,Actor Muy Prolífico
94,Braveheart Human,44,Nick Stallone,4,30,Elenco Estándar,Actor Promedio
94,Braveheart Human,92,Kirsten Akroyd,4,34,Elenco Estándar,Actor Muy Prolífico
94,Braveheart Human,131,Jane Jackman,4,25,Elenco Estándar,Actor Promedio
94,Braveheart Human,150,Jayne Nolte,4,34,Elenco Estándar,Actor Muy Prolífico
95,Breakfast Goldfinger,185,Michael Bolger,5,30,Elenco Estándar,Actor Promedio
95,Breakfast Goldfinger,149,Russell Temple,5,31,Elenco Estándar,Actor Muy Prolífico
95,Breakfast Goldfinger,165,Al Garland,5,26,Elenco Estándar,Actor Promedio
95,Breakfast Goldfinger,186,Julia Zellweger,5,16,Elenco Estándar,Actor Promedio
95,Breakfast Goldfinger,76,Angelina Astaire,5,31,Elenco Estándar,Actor Muy Prolífico
96,Breaking Home,28,Woody Hoffman,6,31,Elenco Estándar,Actor Muy Prolífico
96,Breaking Home,7,Grace Mostel,6,30,Elenco Estándar,Actor Promedio
96,Breaking Home,52,Carmen Hunt,6,26,Elenco Estándar,Actor Promedio
96,Breaking Home,17,Helen Voight,6,32,Elenco Estándar,Actor Muy Prolífico
96,Breaking Home,137,Morgan Williams,6,27,Elenco Estándar,Actor Promedio
96,Breaking Home,126,Frances Tomei,6,23,Elenco Estándar,Actor Promedio
97,Bride Intrigue,65,Angela Hudson,1,34,Elenco Estándar,Actor Muy Prolífico
98,Bright Encounters,194,Meryl Allen,4,22,Elenco Estándar,Actor Promedio
98,Bright Encounters,111,Cameron Zellweger,4,33,Elenco Estándar,Actor Muy Prolífico
98,Bright Encounters,187,Renee Ball,4,33,Elenco Estándar,Actor Muy Prolífico
98,Bright Encounters,125,Albert Nolte,4,31,Elenco Estándar,Actor Muy Prolífico
99,Bringing Hysterical,144,Angela Witherspoon,2,35,Elenco Estándar,Actor Muy Prolífico
99,Bringing Hysterical,48,Frances Day-Lewis,2,26,Elenco Estándar,Actor Promedio
100,Brooklyn Desert,90,Sean Guiness,5,33,Elenco Estándar,Actor Muy Prolífico
100,Brooklyn Desert,41,Jodie Degeneres,5,29,Elenco Estándar,Actor Promedio
100,Brooklyn Desert,62,Jayne Neeson,5,29,Elenco Estándar,Actor Promedio
100,Brooklyn Desert,125,Albert Nolte,5,31,Elenco Estándar,Actor Muy Prolífico
100,Brooklyn Desert,172,Groucho Williams,5,25,Elenco Estándar,Actor Promedio
101,Brotherhood Blanket,129,Daryl Crawford,5,30,Elenco Estándar,Actor Promedio
101,Brotherhood Blanket,16,Fred Costner,5,27,Elenco Estándar,Actor Promedio
101,Brotherhood Blanket,62,Jayne Neeson,5,29,Elenco Estándar,Actor Promedio
101,Brotherhood Blanket,57,Jude Cruise,5,30,Elenco Estándar,Actor Promedio
101,Brotherhood Blanket,48,Frances Day-Lewis,5,26,Elenco Estándar,Actor Promedio
102,Bubble Grosse,188,Rock Dukakis,3,30,Elenco Estándar,Actor Promedio
102,Bubble Grosse,170,Mena Hopper,3,24,Elenco Estándar,Actor Promedio
102,Bubble Grosse,158,Vivien Basinger,3,35,Elenco Estándar,Actor Muy Prolífico
103,Bucket Brotherhood,32,Tim Hackman,6,23,Elenco Estándar,Actor Promedio
103,Bucket Brotherhood,89,Charlize Dench,6,24,Elenco Estándar,Actor Promedio
103,Bucket Brotherhood,92,Kirsten Akroyd,6,34,Elenco Estándar,Actor Muy Prolífico
103,Bucket Brotherhood,51,Gary Phoenix,6,25,Elenco Estándar,Actor Promedio
103,Bucket Brotherhood,26,Rip Crawford,6,33,Elenco Estándar,Actor Muy Prolífico
103,Bucket Brotherhood,193,Burt Temple,6,23,Elenco Estándar,Actor Promedio
104,Bugsy Song,82,Woody Jolie,2,31,Elenco Estándar,Actor Muy Prolífico
104,Bugsy Song,92,Kirsten Akroyd,2,34,Elenco Estándar,Actor Muy Prolífico
105,Bull Shawshank,43,Kirk Jovovich,8,26,Elenco Estándar,Actor Promedio
105,Bull Shawshank,2,Nick Wahlberg,8,25,Elenco Estándar,Actor Promedio
105,Bull Shawshank,23,Sandra Kilmer,8,37,Elenco Estándar,Actor Muy Prolífico
105,Bull Shawshank,29,Alec Wayne,8,29,Elenco Estándar,Actor Promedio
105,Bull Shawshank,123,Julianne Dench,8,32,Elenco Estándar,Actor Muy Prolífico
105,Bull Shawshank,144,Angela Witherspoon,8,35,Elenco Estándar,Actor Muy Prolífico
105,Bull Shawshank,116,Dan Streep,8,24,Elenco Estándar,Actor Promedio
105,Bull Shawshank,150,Jayne Nolte,8,34,Elenco Estándar,Actor Muy Prolífico
106,Bulworth Commandments,124,Scarlett Bening,4,26,Elenco Estándar,Actor Promedio
106,Bulworth Commandments,173,Alan Dreyfuss,4,27,Elenco Estándar,Actor Promedio
106,Bulworth Commandments,1,Penelope Guiness,4,19,Elenco Estándar,Actor Promedio
106,Bulworth Commandments,65,Angela Hudson,4,34,Elenco Estándar,Actor Muy Prolífico
107,Bunch Minds,40,Johnny Cage,8,29,Elenco Estándar,Actor Promedio
107,Bunch Minds,98,Chris Bridges,8,27,Elenco Estándar,Actor Promedio
107,Bunch Minds,12,Karl Berry,8,31,Elenco Estándar,Actor Muy Prolífico
107,Bunch Minds,28,Woody Hoffman,8,31,Elenco Estándar,Actor Muy Prolífico
107,Bunch Minds,142,Jada Ryder,8,31,Elenco Estándar,Actor Muy Prolífico
107,Bunch Minds,167,Laurence Bullock,8,26,Elenco Estándar,Actor Promedio
107,Bunch Minds,130,Greta Keitel,8,27,Elenco Estándar,Actor Promedio
107,Bunch Minds,139,Ewan Gooding,8,33,Elenco Estándar,Actor Muy Prolífico
108,Butch Panther,106,Groucho Dunst,3,35,Elenco Estándar,Actor Muy Prolífico
108,Butch Panther,15,Cuba Olivier,3,28,Elenco Estándar,Actor Promedio
108,Butch Panther,52,Carmen Hunt,3,26,Elenco Estándar,Actor Promedio
109,Butterfly Chocolat,44,Nick Stallone,7,30,Elenco Estándar,Actor Promedio
109,Butterfly Chocolat,53,Mena Temple,7,30,Elenco Estándar,Actor Promedio
109,Butterfly Chocolat,145,Kim Allen,7,28,Elenco Estándar,Actor Promedio
109,Butterfly Chocolat,179,Ed Guiness,7,29,Elenco Estándar,Actor Promedio
109,Butterfly Chocolat,178,Lisa Monroe,7,23,Elenco Estándar,Actor Promedio
109,Butterfly Chocolat,198,Mary Keitel,7,40,Elenco Estándar,Actor Muy Prolífico
109,Butterfly Chocolat,193,Burt Temple,7,23,Elenco Estándar,Actor Promedio
110,Cabin Flash,83,Ben Willis,4,33,Elenco Estándar,Actor Muy Prolífico
110,Cabin Flash,29,Alec Wayne,4,29,Elenco Estándar,Actor Promedio
110,Cabin Flash,13,Uma Wood,4,35,Elenco Estándar,Actor Muy Prolífico
110,Cabin Flash,187,Renee Ball,4,33,Elenco Estándar,Actor Muy Prolífico
111,Caddyshack Jedi,188,Rock Dukakis,7,30,Elenco Estándar,Actor Promedio
111,Caddyshack Jedi,154,Meryl Gibson,7,28,Elenco Estándar,Actor Promedio
111,Caddyshack Jedi,22,Elvis Marx,7,26,Elenco Estándar,Actor Promedio
111,Caddyshack Jedi,3,Ed Chase,7,22,Elenco Estándar,Actor Promedio
111,Caddyshack Jedi,38,Tom Mckellen,7,25,Elenco Estándar,Actor Promedio
111,Caddyshack Jedi,50,Natalie Hopkins,7,32,Elenco Estándar,Actor Muy Prolífico
111,Caddyshack Jedi,69,Kenneth Paltrow,7,21,Elenco Estándar,Actor Promedio
112,Calendar Gunfight,6,Bette Nicholson,8,20,Elenco Estándar,Actor Promedio
112,Calendar Gunfight,51,Gary Phoenix,8,25,Elenco Estándar,Actor Promedio
112,Calendar Gunfight,33,Milla Peck,8,24,Elenco Estándar,Actor Promedio
112,Calendar Gunfight,24,Cameron Streep,8,24,Elenco Estándar,Actor Promedio
112,Calendar Gunfight,32,Tim Hackman,8,23,Elenco Estándar,Actor Promedio
112,Calendar Gunfight,130,Greta Keitel,8,27,Elenco Estándar,Actor Promedio
112,Calendar Gunfight,140,Whoopi Hurt,8,32,Elenco Estándar,Actor Muy Prolífico
112,Calendar Gunfight,107,Gina Degeneres,8,42,Elenco Estándar,Actor Muy Prolífico
113,California Birds,124,Scarlett Bening,2,26,Elenco Estándar,Actor Promedio
113,California Birds,183,Russell Close,2,19,Elenco Estándar,Actor Promedio
114,Camelot Vacation,125,Albert Nolte,2,31,Elenco Estándar,Actor Muy Prolífico
114,Camelot Vacation,57,Jude Cruise,2,30,Elenco Estándar,Actor Promedio
115,Campus Remember,8,Matthew Johansson,3,20,Elenco Estándar,Actor Promedio
115,Campus Remember,45,Reese Kilmer,3,32,Elenco Estándar,Actor Muy Prolífico
115,Campus Remember,168,Will Wilson,3,31,Elenco Estándar,Actor Muy Prolífico
116,Candidate Perdition,105,Sidney Crowe,4,34,Elenco Estándar,Actor Muy Prolífico
116,Candidate Perdition,113,Morgan Hopkins,4,27,Elenco Estándar,Actor Promedio
116,Candidate Perdition,200,Thora Temple,4,20,Elenco Estándar,Actor Promedio
116,Candidate Perdition,23,Sandra Kilmer,4,37,Elenco Estándar,Actor Muy Prolífico
117,Candles Grapes,65,Angela Hudson,7,34,Elenco Estándar,Actor Muy Prolífico
117,Candles Grapes,23,Sandra Kilmer,7,37,Elenco Estándar,Actor Muy Prolífico
117,Candles Grapes,45,Reese Kilmer,7,32,Elenco Estándar,Actor Muy Prolífico
117,Candles Grapes,74,Milla Keitel,7,28,Elenco Estándar,Actor Promedio
117,Candles Grapes,89,Charlize Dench,7,24,Elenco Estándar,Actor Promedio
117,Candles Grapes,146,Albert Johansson,7,33,Elenco Estándar,Actor Muy Prolífico
117,Candles Grapes,192,John Suvari,7,29,Elenco Estándar,Actor Promedio
118,Canyon Stock,37,Val Bolger,6,35,Elenco Estándar,Actor Muy Prolífico
118,Canyon Stock,11,Zero Cage,6,25,Elenco Estándar,Actor Promedio
118,Canyon Stock,80,Ralph Cruz,6,28,Elenco Estándar,Actor Promedio
118,Canyon Stock,100,Spencer Depp,6,24,Elenco Estándar,Actor Promedio
118,Canyon Stock,149,Russell Temple,6,31,Elenco Estándar,Actor Muy Prolífico
118,Canyon Stock,103,Matthew Leigh,6,30,Elenco Estándar,Actor Promedio
119,Caper Motions,128,Cate Mcqueen,7,30,Elenco Estándar,Actor Promedio
119,Caper Motions,127,Kevin Garland,7,33,Elenco Estándar,Actor Muy Prolífico
119,Caper Motions,193,Burt Temple,7,23,Elenco Estándar,Actor Promedio
119,Caper Motions,58,Christian Akroyd,7,32,Elenco Estándar,Actor Muy Prolífico
119,Caper Motions,37,Val Bolger,7,35,Elenco Estándar,Actor Muy Prolífico
119,Caper Motions,17,Helen Voight,7,32,Elenco Estándar,Actor Muy Prolífico
119,Caper Motions,34,Audrey Olivier,7,25,Elenco Estándar,Actor Promedio
120,Caribbean Liberty,83,Ben Willis,8,33,Elenco Estándar,Actor Muy Prolífico
120,Caribbean Liberty,93,Ellen Presley,8,25,Elenco Estándar,Actor Promedio
120,Caribbean Liberty,98,Chris Bridges,8,27,Elenco Estándar,Actor Promedio
120,Caribbean Liberty,161,Harvey Hope,8,32,Elenco Estándar,Actor Muy Prolífico
120,Caribbean Liberty,145,Kim Allen,8,28,Elenco Estándar,Actor Promedio
120,Caribbean Liberty,110,Susan Davis,8,21,Elenco Estándar,Actor Promedio
120,Caribbean Liberty,131,Jane Jackman,8,25,Elenco Estándar,Actor Promedio
120,Caribbean Liberty,167,Laurence Bullock,8,26,Elenco Estándar,Actor Promedio
121,Carol Texas,158,Vivien Basinger,7,35,Elenco Estándar,Actor Muy Prolífico
121,Carol Texas,162,Oprah Kilmer,7,25,Elenco Estándar,Actor Promedio
121,Carol Texas,59,Dustin Tautou,7,27,Elenco Estándar,Actor Promedio
121,Carol Texas,83,Ben Willis,7,33,Elenco Estándar,Actor Muy Prolífico
121,Carol Texas,51,Gary Phoenix,7,25,Elenco Estándar,Actor Promedio
121,Carol Texas,16,Fred Costner,7,27,Elenco Estándar,Actor Promedio
121,Carol Texas,200,Thora Temple,7,20,Elenco Estándar,Actor Promedio
122,Carrie Bunch,196,Bela Walken,7,30,Elenco Estándar,Actor Promedio
122,Carrie Bunch,157,Greta Malden,7,32,Elenco Estándar,Actor Muy Prolífico
122,Carrie Bunch,76,Angelina Astaire,7,31,Elenco Estándar,Actor Muy Prolífico
122,Carrie Bunch,37,Val Bolger,7,35,Elenco Estándar,Actor Muy Prolífico
122,Carrie Bunch,57,Jude Cruise,7,30,Elenco Estándar,Actor Promedio
122,Carrie Bunch,94,Kenneth Torn,7,33,Elenco Estándar,Actor Muy Prolífico
122,Carrie Bunch,53,Mena Temple,7,30,Elenco Estándar,Actor Promedio
123,Casablanca Super,92,Kirsten Akroyd,4,34,Elenco Estándar,Actor Muy Prolífico
123,Casablanca Super,197,Reese West,4,33,Elenco Estándar,Actor Muy Prolífico
123,Casablanca Super,102,Walter Torn,4,41,Elenco Estándar,Actor Muy Prolífico
123,Casablanca Super,144,Angela Witherspoon,4,35,Elenco Estándar,Actor Muy Prolífico
124,Casper Dragonfly,102,Walter Torn,5,41,Elenco Estándar,Actor Muy Prolífico
124,Casper Dragonfly,64,Ray Johansson,5,30,Elenco Estándar,Actor Promedio
124,Casper Dragonfly,93,Ellen Presley,5,25,Elenco Estándar,Actor Promedio
124,Casper Dragonfly,80,Ralph Cruz,5,28,Elenco Estándar,Actor Promedio
124,Casper Dragonfly,17,Helen Voight,5,32,Elenco Estándar,Actor Muy Prolífico
125,Cassidy Wyoming,23,Sandra Kilmer,7,37,Elenco Estándar,Actor Muy Prolífico
125,Cassidy Wyoming,34,Audrey Olivier,7,25,Elenco Estándar,Actor Promedio
125,Cassidy Wyoming,15,Cuba Olivier,7,28,Elenco Estándar,Actor Promedio
125,Cassidy Wyoming,65,Angela Hudson,7,34,Elenco Estándar,Actor Muy Prolífico
125,Cassidy Wyoming,138,Lucille Dee,7,24,Elenco Estándar,Actor Promedio
125,Cassidy Wyoming,144,Angela Witherspoon,7,35,Elenco Estándar,Actor Muy Prolífico
125,Cassidy Wyoming,198,Mary Keitel,7,40,Elenco Estándar,Actor Muy Prolífico
126,Casualties Encino,24,Cameron Streep,5,24,Elenco Estándar,Actor Promedio
126,Casualties Encino,95,Daryl Wahlberg,5,31,Elenco Estándar,Actor Muy Prolífico
126,Casualties Encino,53,Mena Temple,5,30,Elenco Estándar,Actor Promedio
126,Casualties Encino,106,Groucho Dunst,5,35,Elenco Estándar,Actor Muy Prolífico
126,Casualties Encino,110,Susan Davis,5,21,Elenco Estándar,Actor Promedio
127,Cat Coneheads,159,Laura Brody,4,26,Elenco Estándar,Actor Promedio
127,Cat Coneheads,187,Renee Ball,4,33,Elenco Estándar,Actor Muy Prolífico
127,Cat Coneheads,144,Angela Witherspoon,4,35,Elenco Estándar,Actor Muy Prolífico
127,Cat Coneheads,17,Helen Voight,4,32,Elenco Estándar,Actor Muy Prolífico
128,Catch Amistad,58,Christian Akroyd,5,32,Elenco Estándar,Actor Muy Prolífico
128,Catch Amistad,88,Kenneth Pesci,5,20,Elenco Estándar,Actor Promedio
128,Catch Amistad,40,Johnny Cage,5,29,Elenco Estándar,Actor Promedio
128,Catch Amistad,116,Dan Streep,5,24,Elenco Estándar,Actor Promedio
128,Catch Amistad,155,Ian Tandy,5,31,Elenco Estándar,Actor Muy Prolífico
129,Cause Date,175,William Hackman,6,27,Elenco Estándar,Actor Promedio
129,Cause Date,197,Reese West,6,33,Elenco Estándar,Actor Muy Prolífico
129,Cause Date,195,Jayne Silverstone,6,27,Elenco Estándar,Actor Promedio
129,Cause Date,54,Penelope Pinkett,6,25,Elenco Estándar,Actor Promedio
129,Cause Date,62,Jayne Neeson,6,29,Elenco Estándar,Actor Promedio
129,Cause Date,59,Dustin Tautou,6,27,Elenco Estándar,Actor Promedio
130,Celebrity Horn,59,Dustin Tautou,4,27,Elenco Estándar,Actor Promedio
130,Celebrity Horn,103,Matthew Leigh,4,30,Elenco Estándar,Actor Promedio
130,Celebrity Horn,144,Angela Witherspoon,4,35,Elenco Estándar,Actor Muy Prolífico
130,Celebrity Horn,195,Jayne Silverstone,4,27,Elenco Estándar,Actor Promedio
131,Center Dinosaur,29,Alec Wayne,4,29,Elenco Estándar,Actor Promedio
131,Center Dinosaur,179,Ed Guiness,4,29,Elenco Estándar,Actor Promedio
131,Center Dinosaur,147,Fay Winslet,4,31,Elenco Estándar,Actor Muy Prolífico
131,Center Dinosaur,151,Geoffrey Heston,4,26,Elenco Estándar,Actor Promedio
132,Chainsaw Uptown,134,Gene Hopkins,2,22,Elenco Estándar,Actor Promedio
132,Chainsaw Uptown,2,Nick Wahlberg,2,25,Elenco Estándar,Actor Promedio
133,Chamber Italian,29,Alec Wayne,7,29,Elenco Estándar,Actor Promedio
133,Chamber Italian,68,Rip Winslet,7,30,Elenco Estándar,Actor Promedio
133,Chamber Italian,60,Henry Berry,7,35,Elenco Estándar,Actor Muy Prolífico
133,Chamber Italian,148,Emily Dee,7,14,Elenco Estándar,Actor Promedio
133,Chamber Italian,132,Adam Hopper,7,22,Elenco Estándar,Actor Promedio
133,Chamber Italian,133,Richard Penn,7,30,Elenco Estándar,Actor Promedio
133,Chamber Italian,107,Gina Degeneres,7,42,Elenco Estándar,Actor Muy Prolífico
134,Champion Flatliners,48,Frances Day-Lewis,4,26,Elenco Estándar,Actor Promedio
134,Champion Flatliners,96,Gene Willis,4,23,Elenco Estándar,Actor Promedio
134,Champion Flatliners,57,Jude Cruise,4,30,Elenco Estándar,Actor Promedio
134,Champion Flatliners,63,Cameron Wray,4,19,Elenco Estándar,Actor Promedio
135,Chance Resurrection,33,Milla Peck,6,24,Elenco Estándar,Actor Promedio
135,Chance Resurrection,58,Christian Akroyd,6,32,Elenco Estándar,Actor Muy Prolífico
135,Chance Resurrection,83,Ben Willis,6,33,Elenco Estándar,Actor Muy Prolífico
135,Chance Resurrection,194,Meryl Allen,6,22,Elenco Estándar,Actor Promedio
135,Chance Resurrection,144,Angela Witherspoon,6,35,Elenco Estándar,Actor Muy Prolífico
135,Chance Resurrection,140,Whoopi Hurt,6,32,Elenco Estándar,Actor Muy Prolífico
136,Chaplin License,104,Penelope Cronyn,6,31,Elenco Estándar,Actor Muy Prolífico
136,Chaplin License,106,Groucho Dunst,6,35,Elenco Estándar,Actor Muy Prolífico
136,Chaplin License,118,Cuba Allen,6,25,Elenco Estándar,Actor Promedio
136,Chaplin License,107,Gina Degeneres,6,42,Elenco Estándar,Actor Muy Prolífico
136,Chaplin License,153,Minnie Kilmer,6,20,Elenco Estándar,Actor Promedio
136,Chaplin License,32,Tim Hackman,6,23,Elenco Estándar,Actor Promedio
137,Charade Duffel,86,Greg Chaplin,3,27,Elenco Estándar,Actor Promedio
137,Charade Duffel,92,Kirsten Akroyd,3,34,Elenco Estándar,Actor Muy Prolífico
137,Charade Duffel,108,Warren Nolte,3,34,Elenco Estándar,Actor Muy Prolífico
138,Chariots Conspiracy,107,Gina Degeneres,2,42,Elenco Estándar,Actor Muy Prolífico
138,Chariots Conspiracy,185,Michael Bolger,2,30,Elenco Estándar,Actor Promedio
139,Chasing Fight,170,Mena Hopper,5,24,Elenco Estándar,Actor Promedio
139,Chasing Fight,147,Fay Winslet,5,31,Elenco Estándar,Actor Muy Prolífico
139,Chasing Fight,149,Russell Temple,5,31,Elenco Estándar,Actor Muy Prolífico
139,Chasing Fight,142,Jada Ryder,5,31,Elenco Estándar,Actor Muy Prolífico
139,Chasing Fight,42,Tom Miranda,5,27,Elenco Estándar,Actor Promedio
140,Cheaper Clyde,1,Penelope Guiness,2,19,Elenco Estándar,Actor Promedio
140,Cheaper Clyde,20,Lucille Tracy,2,30,Elenco Estándar,Actor Promedio
141,Chicago North,79,Mae Hoffman,8,28,Elenco Estándar,Actor Promedio
141,Chicago North,118,Cuba Allen,8,25,Elenco Estándar,Actor Promedio
141,Chicago North,121,Liza Bergman,8,25,Elenco Estándar,Actor Promedio
141,Chicago North,127,Kevin Garland,8,33,Elenco Estándar,Actor Muy Prolífico
141,Chicago North,143,River Dean,8,31,Elenco Estándar,Actor Muy Prolífico
141,Chicago North,154,Meryl Gibson,8,28,Elenco Estándar,Actor Promedio
141,Chicago North,195,Jayne Silverstone,8,27,Elenco Estándar,Actor Promedio
141,Chicago North,193,Burt Temple,8,23,Elenco Estándar,Actor Promedio
142,Chicken Hellfighters,21,Kirsten Paltrow,2,27,Elenco Estándar,Actor Promedio
142,Chicken Hellfighters,60,Henry Berry,2,35,Elenco Estándar,Actor Muy Prolífico
143,Chill Luck,82,Woody Jolie,5,31,Elenco Estándar,Actor Muy Prolífico
143,Chill Luck,97,Meg Hawke,5,27,Elenco Estándar,Actor Promedio
143,Chill Luck,75,Burt Posey,5,24,Elenco Estándar,Actor Promedio
143,Chill Luck,66,Mary Tandy,5,31,Elenco Estándar,Actor Muy Prolífico
143,Chill Luck,119,Warren Jackman,5,32,Elenco Estándar,Actor Muy Prolífico
144,Chinatown Gladiator,180,Jeff Silverstone,10,25,Elenco Grande,Actor Promedio
144,Chinatown Gladiator,151,Geoffrey Heston,10,26,Elenco Grande,Actor Promedio
144,Chinatown Gladiator,120,Penelope Monroe,10,27,Elenco Grande,Actor Promedio
144,Chinatown Gladiator,195,Jayne Silverstone,10,27,Elenco Grande,Actor Promedio
144,Chinatown Gladiator,13,Uma Wood,10,35,Elenco Grande,Actor Muy Prolífico
144,Chinatown Gladiator,72,Sean Williams,10,26,Elenco Grande,Actor Promedio
144,Chinatown Gladiator,67,Jessica Bailey,10,23,Elenco Grande,Actor Promedio
144,Chinatown Gladiator,19,Bob Fawcett,10,25,Elenco Grande,Actor Promedio
144,Chinatown Gladiator,57,Jude Cruise,10,30,Elenco Grande,Actor Promedio
144,Chinatown Gladiator,18,Dan Torn,10,22,Elenco Grande,Actor Promedio
145,Chisum Behavior,2,Nick Wahlberg,4,25,Elenco Estándar,Actor Promedio
145,Chisum Behavior,134,Gene Hopkins,4,22,Elenco Estándar,Actor Promedio
145,Chisum Behavior,147,Fay Winslet,4,31,Elenco Estándar,Actor Muy Prolífico
145,Chisum Behavior,199,Julia Fawcett,4,15,Elenco Estándar,Actor Promedio
146,Chitty Lock,31,Sissy Sobieski,13,18,Mega Elenco,Actor Promedio
146,Chitty Lock,22,Elvis Marx,13,26,Mega Elenco,Actor Promedio
146,Chitty Lock,5,Johnny Lollobrigida,13,29,Mega Elenco,Actor Promedio
146,Chitty Lock,20,Lucille Tracy,13,30,Mega Elenco,Actor Promedio
146,Chitty Lock,37,Val Bolger,13,35,Mega Elenco,Actor Muy Prolífico
146,Chitty Lock,178,Lisa Monroe,13,23,Mega Elenco,Actor Promedio
146,Chitty Lock,165,Al Garland,13,26,Mega Elenco,Actor Promedio
146,Chitty Lock,188,Rock Dukakis,13,30,Mega Elenco,Actor Promedio
146,Chitty Lock,166,Nick Degeneres,13,22,Mega Elenco,Actor Promedio
146,Chitty Lock,184,Humphrey Garland,13,29,Mega Elenco,Actor Promedio
146,Chitty Lock,171,Olympia Pfeiffer,13,28,Mega Elenco,Actor Promedio
146,Chitty Lock,101,Susan Davis,13,33,Mega Elenco,Actor Muy Prolífico
146,Chitty Lock,149,Russell Temple,13,31,Mega Elenco,Actor Muy Prolífico
147,Chocolat Harry,131,Jane Jackman,5,25,Elenco Estándar,Actor Promedio
147,Chocolat Harry,197,Reese West,5,33,Elenco Estándar,Actor Muy Prolífico
147,Chocolat Harry,9,Joe Swank,5,25,Elenco Estándar,Actor Promedio
147,Chocolat Harry,26,Rip Crawford,5,33,Elenco Estándar,Actor Muy Prolífico
147,Chocolat Harry,43,Kirk Jovovich,5,26,Elenco Estándar,Actor Promedio
148,Chocolate Duck,73,Gary Penn,7,26,Elenco Estándar,Actor Promedio
148,Chocolate Duck,9,Joe Swank,7,25,Elenco Estándar,Actor Promedio
148,Chocolate Duck,24,Cameron Streep,7,24,Elenco Estándar,Actor Promedio
148,Chocolate Duck,85,Minnie Zellweger,7,31,Elenco Estándar,Actor Muy Prolífico
148,Chocolate Duck,172,Groucho Williams,7,25,Elenco Estándar,Actor Promedio
148,Chocolate Duck,164,Humphrey Willis,7,26,Elenco Estándar,Actor Promedio
148,Chocolate Duck,123,Julianne Dench,7,32,Elenco Estándar,Actor Muy Prolífico
149,Christmas Moonshine,148,Emily Dee,3,14,Elenco Estándar,Actor Promedio
149,Christmas Moonshine,120,Penelope Monroe,3,27,Elenco Estándar,Actor Promedio
149,Christmas Moonshine,200,Thora Temple,3,20,Elenco Estándar,Actor Promedio
150,Cider Desire,54,Penelope Pinkett,5,25,Elenco Estándar,Actor Promedio
150,Cider Desire,48,Frances Day-Lewis,5,26,Elenco Estándar,Actor Promedio
150,Cider Desire,41,Jodie Degeneres,5,29,Elenco Estándar,Actor Promedio
150,Cider Desire,27,Julia Mcqueen,5,33,Elenco Estándar,Actor Muy Prolífico
150,Cider Desire,176,Jon Chase,5,29,Elenco Estándar,Actor Promedio
151,Cincinatti Whisperer,118,Cuba Allen,4,25,Elenco Estándar,Actor Promedio
151,Cincinatti Whisperer,112,Russell Bacall,4,25,Elenco Estándar,Actor Promedio
151,Cincinatti Whisperer,123,Julianne Dench,4,32,Elenco Estándar,Actor Muy Prolífico
151,Cincinatti Whisperer,49,Anne Cronyn,4,27,Elenco Estándar,Actor Promedio
152,Circus Youth,19,Bob Fawcett,2,25,Elenco Estándar,Actor Promedio
152,Circus Youth,181,Matthew Carrey,2,39,Elenco Estándar,Actor Muy Prolífico
153,Citizen Shrek,149,Russell Temple,8,31,Elenco Estándar,Actor Muy Prolífico
153,Citizen Shrek,152,Ben Harris,8,23,Elenco Estándar,Actor Promedio
153,Citizen Shrek,155,Ian Tandy,8,31,Elenco Estándar,Actor Muy Prolífico
153,Citizen Shrek,51,Gary Phoenix,8,25,Elenco Estándar,Actor Promedio
153,Citizen Shrek,77,Cary Mcconaughey,8,24,Elenco Estándar,Actor Promedio
153,Citizen Shrek,57,Jude Cruise,8,30,Elenco Estándar,Actor Promedio
153,Citizen Shrek,94,Kenneth Torn,8,33,Elenco Estándar,Actor Muy Prolífico
153,Citizen Shrek,25,Kevin Bloom,8,21,Elenco Estándar,Actor Promedio
154,Clash Freddy,33,Milla Peck,7,24,Elenco Estándar,Actor Promedio
154,Clash Freddy,13,Uma Wood,7,35,Elenco Estándar,Actor Muy Prolífico
154,Clash Freddy,14,Vivien Bergen,7,30,Elenco Estándar,Actor Promedio
154,Clash Freddy,17,Helen Voight,7,32,Elenco Estándar,Actor Muy Prolífico
154,Clash Freddy,121,Liza Bergman,7,25,Elenco Estándar,Actor Promedio
154,Clash Freddy,173,Alan Dreyfuss,7,27,Elenco Estándar,Actor Promedio
154,Clash Freddy,145,Kim Allen,7,28,Elenco Estándar,Actor Promedio
155,Cleopatra Devil,175,William Hackman,7,27,Elenco Estándar,Actor Promedio
155,Cleopatra Devil,145,Kim Allen,7,28,Elenco Estándar,Actor Promedio
155,Cleopatra Devil,139,Ewan Gooding,7,33,Elenco Estándar,Actor Muy Prolífico
155,Cleopatra Devil,156,Fay Wood,7,22,Elenco Estándar,Actor Promedio
155,Cleopatra Devil,192,John Suvari,7,29,Elenco Estándar,Actor Promedio
155,Cleopatra Devil,12,Karl Berry,7,31,Elenco Estándar,Actor Muy Prolífico
155,Cleopatra Devil,16,Fred Costner,7,27,Elenco Estándar,Actor Promedio
156,Clerks Angels,132,Adam Hopper,4,22,Elenco Estándar,Actor Promedio
156,Clerks Angels,110,Susan Davis,4,21,Elenco Estándar,Actor Promedio
156,Clerks Angels,104,Penelope Cronyn,4,31,Elenco Estándar,Actor Muy Prolífico
156,Clerks Angels,196,Bela Walken,4,30,Elenco Estándar,Actor Promedio
157,Clockwork Paradise,87,Spencer Peck,5,21,Elenco Estándar,Actor Promedio
157,Clockwork Paradise,138,Lucille Dee,5,24,Elenco Estándar,Actor Promedio
157,Clockwork Paradise,122,Salma Nolte,5,25,Elenco Estándar,Actor Promedio
157,Clockwork Paradise,109,Sylvester Dern,5,22,Elenco Estándar,Actor Promedio
157,Clockwork Paradise,127,Kevin Garland,5,33,Elenco Estándar,Actor Muy Prolífico
158,Clones Pinocchio,122,Salma Nolte,5,25,Elenco Estándar,Actor Promedio
158,Clones Pinocchio,154,Meryl Gibson,5,28,Elenco Estándar,Actor Promedio
158,Clones Pinocchio,105,Sidney Crowe,5,34,Elenco Estándar,Actor Muy Prolífico
158,Clones Pinocchio,65,Angela Hudson,5,34,Elenco Estándar,Actor Muy Prolífico
158,Clones Pinocchio,8,Matthew Johansson,5,20,Elenco Estándar,Actor Promedio
159,Closer Bang,41,Jodie Degeneres,6,29,Elenco Estándar,Actor Promedio
159,Closer Bang,21,Kirsten Paltrow,6,27,Elenco Estándar,Actor Promedio
159,Closer Bang,199,Julia Fawcett,6,15,Elenco Estándar,Actor Promedio
159,Closer Bang,179,Ed Guiness,6,29,Elenco Estándar,Actor Promedio
159,Closer Bang,157,Greta Malden,6,32,Elenco Estándar,Actor Muy Prolífico
159,Closer Bang,149,Russell Temple,6,31,Elenco Estándar,Actor Muy Prolífico
160,Club Graffiti,182,Debbie Akroyd,4,24,Elenco Estándar,Actor Promedio
160,Club Graffiti,178,Lisa Monroe,4,23,Elenco Estándar,Actor Promedio
160,Club Graffiti,137,Morgan Williams,4,27,Elenco Estándar,Actor Promedio
160,Club Graffiti,38,Tom Mckellen,4,25,Elenco Estándar,Actor Promedio
161,Clue Grail,87,Spencer Peck,6,21,Elenco Estándar,Actor Promedio
161,Clue Grail,68,Rip Winslet,6,30,Elenco Estándar,Actor Promedio
161,Clue Grail,43,Kirk Jovovich,6,26,Elenco Estándar,Actor Promedio
161,Clue Grail,134,Gene Hopkins,6,22,Elenco Estándar,Actor Promedio
161,Clue Grail,121,Liza Bergman,6,25,Elenco Estándar,Actor Promedio
161,Clue Grail,194,Meryl Allen,6,22,Elenco Estándar,Actor Promedio
162,Clueless Bucket,13,Uma Wood,8,35,Elenco Estándar,Actor Muy Prolífico
162,Clueless Bucket,89,Charlize Dench,8,24,Elenco Estándar,Actor Promedio
162,Clueless Bucket,173,Alan Dreyfuss,8,27,Elenco Estándar,Actor Promedio
162,Clueless Bucket,176,Jon Chase,8,29,Elenco Estándar,Actor Promedio
162,Clueless Bucket,111,Cameron Zellweger,8,33,Elenco Estándar,Actor Muy Prolífico
162,Clueless Bucket,132,Adam Hopper,8,22,Elenco Estándar,Actor Promedio
162,Clueless Bucket,114,Morgan Mcdormand,8,25,Elenco Estándar,Actor Promedio
162,Clueless Bucket,107,Gina Degeneres,8,42,Elenco Estándar,Actor Muy Prolífico
163,Clyde Theory,194,Meryl Allen,4,22,Elenco Estándar,Actor Promedio
163,Clyde Theory,40,Johnny Cage,4,29,Elenco Estándar,Actor Promedio
163,Clyde Theory,86,Greg Chaplin,4,27,Elenco Estándar,Actor Promedio
163,Clyde Theory,31,Sissy Sobieski,4,18,Elenco Estándar,Actor Promedio
164,Coast Rainbow,48,Frances Day-Lewis,10,26,Elenco Grande,Actor Promedio
164,Coast Rainbow,24,Cameron Streep,10,24,Elenco Grande,Actor Promedio
164,Coast Rainbow,45,Reese Kilmer,10,32,Elenco Grande,Actor Muy Prolífico
164,Coast Rainbow,6,Bette Nicholson,10,20,Elenco Grande,Actor Promedio
164,Coast Rainbow,31,Sissy Sobieski,10,18,Elenco Grande,Actor Promedio
164,Coast Rainbow,162,Oprah Kilmer,10,25,Elenco Grande,Actor Promedio
164,Coast Rainbow,144,Angela Witherspoon,10,35,Elenco Grande,Actor Muy Prolífico
164,Coast Rainbow,178,Lisa Monroe,10,23,Elenco Grande,Actor Promedio
164,Coast Rainbow,197,Reese West,10,33,Elenco Grande,Actor Muy Prolífico
164,Coast Rainbow,193,Burt Temple,10,23,Elenco Grande,Actor Promedio
165,Coldblooded Darling,6,Bette Nicholson,4,20,Elenco Estándar,Actor Promedio
165,Coldblooded Darling,20,Lucille Tracy,4,30,Elenco Estándar,Actor Promedio
165,Coldblooded Darling,83,Ben Willis,4,33,Elenco Estándar,Actor Muy Prolífico
165,Coldblooded Darling,107,Gina Degeneres,4,42,Elenco Estándar,Actor Muy Prolífico
166,Color Philadelphia,122,Salma Nolte,7,25,Elenco Estándar,Actor Promedio
166,Color Philadelphia,163,Christopher West,7,21,Elenco Estándar,Actor Promedio
166,Color Philadelphia,106,Groucho Dunst,7,35,Elenco Estándar,Actor Muy Prolífico
166,Color Philadelphia,129,Daryl Crawford,7,30,Elenco Estándar,Actor Promedio
166,Color Philadelphia,171,Olympia Pfeiffer,7,28,Elenco Estándar,Actor Promedio
166,Color Philadelphia,192,John Suvari,7,29,Elenco Estándar,Actor Promedio
166,Color Philadelphia,1,Penelope Guiness,7,19,Elenco Estándar,Actor Promedio
167,Coma Head,63,Cameron Wray,3,19,Elenco Estándar,Actor Promedio
167,Coma Head,117,Renee Tracy,3,33,Elenco Estándar,Actor Muy Prolífico
167,Coma Head,151,Geoffrey Heston,3,26,Elenco Estándar,Actor Promedio
168,Comancheros Enemy,128,Cate Mcqueen,5,30,Elenco Estándar,Actor Promedio
168,Comancheros Enemy,174,Michael Bening,5,24,Elenco Estándar,Actor Promedio
168,Comancheros Enemy,150,Jayne Nolte,5,34,Elenco Estándar,Actor Muy Prolífico
168,Comancheros Enemy,187,Renee Ball,5,33,Elenco Estándar,Actor Muy Prolífico
168,Comancheros Enemy,39,Goldie Brody,5,28,Elenco Estándar,Actor Promedio
169,Comforts Rush,154,Meryl Gibson,5,28,Elenco Estándar,Actor Promedio
169,Comforts Rush,149,Russell Temple,5,31,Elenco Estándar,Actor Muy Prolífico
169,Comforts Rush,164,Humphrey Willis,5,26,Elenco Estándar,Actor Promedio
169,Comforts Rush,184,Humphrey Garland,5,29,Elenco Estándar,Actor Promedio
169,Comforts Rush,196,Bela Walken,5,30,Elenco Estándar,Actor Promedio
170,Command Darling,7,Grace Mostel,8,30,Elenco Estándar,Actor Promedio
170,Command Darling,75,Burt Posey,8,24,Elenco Estándar,Actor Promedio
170,Command Darling,88,Kenneth Pesci,8,20,Elenco Estándar,Actor Promedio
170,Command Darling,139,Ewan Gooding,8,33,Elenco Estándar,Actor Muy Prolífico
170,Command Darling,135,Rita Reynolds,8,20,Elenco Estándar,Actor Promedio
170,Command Darling,154,Meryl Gibson,8,28,Elenco Estándar,Actor Promedio
170,Command Darling,121,Liza Bergman,8,25,Elenco Estándar,Actor Promedio
170,Command Darling,151,Geoffrey Heston,8,26,Elenco Estándar,Actor Promedio
171,Commandments Express,189,Cuba Birch,4,24,Elenco Estándar,Actor Promedio
171,Commandments Express,119,Warren Jackman,4,32,Elenco Estándar,Actor Muy Prolífico
171,Commandments Express,5,Johnny Lollobrigida,4,29,Elenco Estándar,Actor Promedio
171,Commandments Express,36,Burt Dukakis,4,29,Elenco Estándar,Actor Promedio
172,Coneheads Smoochy,34,Audrey Olivier,9,25,Elenco Estándar,Actor Promedio
172,Coneheads Smoochy,18,Dan Torn,9,22,Elenco Estándar,Actor Promedio
172,Coneheads Smoochy,47,Julia Barrymore,9,24,Elenco Estándar,Actor Promedio
172,Coneheads Smoochy,27,Julia Mcqueen,9,33,Elenco Estándar,Actor Muy Prolífico
172,Coneheads Smoochy,29,Alec Wayne,9,29,Elenco Estándar,Actor Promedio
172,Coneheads Smoochy,5,Johnny Lollobrigida,9,29,Elenco Estándar,Actor Promedio
172,Coneheads Smoochy,119,Warren Jackman,9,32,Elenco Estándar,Actor Muy Prolífico
172,Coneheads Smoochy,133,Richard Penn,9,30,Elenco Estándar,Actor Promedio
172,Coneheads Smoochy,107,Gina Degeneres,9,42,Elenco Estándar,Actor Muy Prolífico
173,Confessions Maguire,119,Warren Jackman,4,32,Elenco Estándar,Actor Muy Prolífico
173,Confessions Maguire,112,Russell Bacall,4,25,Elenco Estándar,Actor Promedio
173,Confessions Maguire,190,Audrey Bailey,4,27,Elenco Estándar,Actor Promedio
173,Confessions Maguire,7,Grace Mostel,4,30,Elenco Estándar,Actor Promedio
174,Confidential Interview,46,Parker Goldberg,2,24,Elenco Estándar,Actor Promedio
174,Confidential Interview,109,Sylvester Dern,2,22,Elenco Estándar,Actor Promedio
175,Confused Candles,143,River Dean,6,31,Elenco Estándar,Actor Muy Prolífico
175,Confused Candles,125,Albert Nolte,6,31,Elenco Estándar,Actor Muy Prolífico
175,Confused Candles,177,Gene Mckellen,6,27,Elenco Estándar,Actor Promedio
175,Confused Candles,58,Christian Akroyd,6,32,Elenco Estándar,Actor Muy Prolífico
175,Confused Candles,80,Ralph Cruz,6,28,Elenco Estándar,Actor Promedio
175,Confused Candles,84,James Pitt,6,31,Elenco Estándar,Actor Muy Prolífico
176,Congeniality Quest,44,Nick Stallone,3,30,Elenco Estándar,Actor Promedio
176,Congeniality Quest,91,Christopher Berry,3,20,Elenco Estándar,Actor Promedio
176,Congeniality Quest,38,Tom Mckellen,3,25,Elenco Estándar,Actor Promedio
177,Connecticut Tramp,40,Johnny Cage,7,29,Elenco Estándar,Actor Promedio
177,Connecticut Tramp,12,Karl Berry,7,31,Elenco Estándar,Actor Muy Prolífico
177,Connecticut Tramp,60,Henry Berry,7,35,Elenco Estándar,Actor Muy Prolífico
177,Connecticut Tramp,16,Fred Costner,7,27,Elenco Estándar,Actor Promedio
177,Connecticut Tramp,97,Meg Hawke,7,27,Elenco Estándar,Actor Promedio
177,Connecticut Tramp,158,Vivien Basinger,7,35,Elenco Estándar,Actor Muy Prolífico
177,Connecticut Tramp,146,Albert Johansson,7,33,Elenco Estándar,Actor Muy Prolífico
178,Connection Microcosmos,147,Fay Winslet,7,31,Elenco Estándar,Actor Muy Prolífico
178,Connection Microcosmos,149,Russell Temple,7,31,Elenco Estándar,Actor Muy Prolífico
178,Connection Microcosmos,158,Vivien Basinger,7,35,Elenco Estándar,Actor Muy Prolífico
178,Connection Microcosmos,117,Renee Tracy,7,33,Elenco Estándar,Actor Muy Prolífico
178,Connection Microcosmos,24,Cameron Streep,7,24,Elenco Estándar,Actor Promedio
178,Connection Microcosmos,81,Scarlett Damon,7,36,Elenco Estándar,Actor Muy Prolífico
178,Connection Microcosmos,50,Natalie Hopkins,7,32,Elenco Estándar,Actor Muy Prolífico
179,Conquerer Nuts,21,Kirsten Paltrow,6,27,Elenco Estándar,Actor Promedio
179,Conquerer Nuts,60,Henry Berry,6,35,Elenco Estándar,Actor Muy Prolífico
179,Conquerer Nuts,8,Matthew Johansson,6,20,Elenco Estándar,Actor Promedio
179,Conquerer Nuts,25,Kevin Bloom,6,21,Elenco Estándar,Actor Promedio
179,Conquerer Nuts,111,Cameron Zellweger,6,33,Elenco Estándar,Actor Muy Prolífico
179,Conquerer Nuts,192,John Suvari,6,29,Elenco Estándar,Actor Promedio
180,Conspiracy Spirit,43,Kirk Jovovich,4,26,Elenco Estándar,Actor Promedio
180,Conspiracy Spirit,170,Mena Hopper,4,24,Elenco Estándar,Actor Promedio
180,Conspiracy Spirit,153,Minnie Kilmer,4,20,Elenco Estándar,Actor Promedio
180,Conspiracy Spirit,163,Christopher West,4,21,Elenco Estándar,Actor Promedio
181,Contact Anonymous,171,Olympia Pfeiffer,5,28,Elenco Estándar,Actor Promedio
181,Contact Anonymous,113,Morgan Hopkins,5,27,Elenco Estándar,Actor Promedio
181,Contact Anonymous,139,Ewan Gooding,5,33,Elenco Estándar,Actor Muy Prolífico
181,Contact Anonymous,91,Christopher Berry,5,20,Elenco Estándar,Actor Promedio
181,Contact Anonymous,53,Mena Temple,5,30,Elenco Estándar,Actor Promedio
182,Control Anthem,19,Bob Fawcett,3,25,Elenco Estándar,Actor Promedio
182,Control Anthem,34,Audrey Olivier,3,25,Elenco Estándar,Actor Promedio
182,Control Anthem,89,Charlize Dench,3,24,Elenco Estándar,Actor Promedio
183,Conversation Downhill,98,Chris Bridges,3,27,Elenco Estándar,Actor Promedio
183,Conversation Downhill,59,Dustin Tautou,3,27,Elenco Estándar,Actor Promedio
183,Conversation Downhill,157,Greta Malden,3,32,Elenco Estándar,Actor Muy Prolífico
184,Core Suit,104,Penelope Cronyn,4,31,Elenco Estándar,Actor Muy Prolífico
184,Core Suit,170,Mena Hopper,4,24,Elenco Estándar,Actor Promedio
184,Core Suit,144,Angela Witherspoon,4,35,Elenco Estándar,Actor Muy Prolífico
184,Core Suit,54,Penelope Pinkett,4,25,Elenco Estándar,Actor Promedio
185,Cowboy Doom,74,Milla Keitel,5,28,Elenco Estándar,Actor Promedio
185,Cowboy Doom,3,Ed Chase,5,22,Elenco Estándar,Actor Promedio
185,Cowboy Doom,191,Gregory Gooding,5,30,Elenco Estándar,Actor Promedio
185,Cowboy Doom,123,Julianne Dench,5,32,Elenco Estándar,Actor Muy Prolífico
185,Cowboy Doom,140,Whoopi Hurt,5,32,Elenco Estándar,Actor Muy Prolífico
186,Craft Outfield,121,Liza Bergman,6,25,Elenco Estándar,Actor Promedio
186,Craft Outfield,142,Jada Ryder,6,31,Elenco Estándar,Actor Muy Prolífico
186,Craft Outfield,60,Henry Berry,6,35,Elenco Estándar,Actor Muy Prolífico
186,Craft Outfield,26,Rip Crawford,6,33,Elenco Estándar,Actor Muy Prolífico
186,Craft Outfield,81,Scarlett Damon,6,36,Elenco Estándar,Actor Muy Prolífico
186,Craft Outfield,198,Mary Keitel,6,40,Elenco Estándar,Actor Muy Prolífico
187,Cranes Reservoir,159,Laura Brody,6,26,Elenco Estándar,Actor Promedio
187,Cranes Reservoir,186,Julia Zellweger,6,16,Elenco Estándar,Actor Promedio
187,Cranes Reservoir,14,Vivien Bergen,6,30,Elenco Estándar,Actor Promedio
187,Cranes Reservoir,76,Angelina Astaire,6,31,Elenco Estándar,Actor Muy Prolífico
187,Cranes Reservoir,45,Reese Kilmer,6,32,Elenco Estándar,Actor Muy Prolífico
187,Cranes Reservoir,89,Charlize Dench,6,24,Elenco Estándar,Actor Promedio
188,Crazy Home,97,Meg Hawke,13,27,Mega Elenco,Actor Promedio
188,Crazy Home,31,Sissy Sobieski,13,18,Mega Elenco,Actor Promedio
188,Crazy Home,82,Woody Jolie,13,31,Mega Elenco,Actor Muy Prolífico
188,Crazy Home,161,Harvey Hope,13,32,Mega Elenco,Actor Muy Prolífico
188,Crazy Home,141,Cate Harris,13,28,Mega Elenco,Actor Promedio
188,Crazy Home,158,Vivien Basinger,13,35,Mega Elenco,Actor Muy Prolífico
188,Crazy Home,125,Albert Nolte,13,31,Mega Elenco,Actor Muy Prolífico
188,Crazy Home,114,Morgan Mcdormand,13,25,Mega Elenco,Actor Promedio
188,Crazy Home,173,Alan Dreyfuss,13,27,Mega Elenco,Actor Promedio
188,Crazy Home,149,Russell Temple,13,31,Mega Elenco,Actor Muy Prolífico
188,Crazy Home,112,Russell Bacall,13,25,Mega Elenco,Actor Promedio
188,Crazy Home,168,Will Wilson,13,31,Mega Elenco,Actor Muy Prolífico
188,Crazy Home,177,Gene Mckellen,13,27,Mega Elenco,Actor Promedio
189,Creatures Shakespeare,101,Susan Davis,3,33,Elenco Estándar,Actor Muy Prolífico
189,Creatures Shakespeare,106,Groucho Dunst,3,35,Elenco Estándar,Actor Muy Prolífico
189,Creatures Shakespeare,197,Reese West,3,33,Elenco Estándar,Actor Muy Prolífico
190,Creepers Kane,109,Sylvester Dern,6,22,Elenco Estándar,Actor Promedio
190,Creepers Kane,117,Renee Tracy,6,33,Elenco Estándar,Actor Muy Prolífico
190,Creepers Kane,124,Scarlett Bening,6,26,Elenco Estándar,Actor Promedio
190,Creepers Kane,175,William Hackman,6,27,Elenco Estándar,Actor Promedio
190,Creepers Kane,150,Jayne Nolte,6,34,Elenco Estándar,Actor Muy Prolífico
190,Creepers Kane,91,Christopher Berry,6,20,Elenco Estándar,Actor Promedio
191,Crooked Frogmen,9,Joe Swank,6,25,Elenco Estándar,Actor Promedio
191,Crooked Frogmen,10,Christian Gable,6,22,Elenco Estándar,Actor Promedio
191,Crooked Frogmen,175,William Hackman,6,27,Elenco Estándar,Actor Promedio
191,Crooked Frogmen,141,Cate Harris,6,28,Elenco Estándar,Actor Promedio
191,Crooked Frogmen,146,Albert Johansson,6,33,Elenco Estándar,Actor Muy Prolífico
191,Crooked Frogmen,167,Laurence Bullock,6,26,Elenco Estándar,Actor Promedio
192,Crossing Divorce,57,Jude Cruise,2,30,Elenco Estándar,Actor Promedio
192,Crossing Divorce,74,Milla Keitel,2,28,Elenco Estándar,Actor Promedio
193,Crossroads Casualties,88,Kenneth Pesci,8,20,Elenco Estándar,Actor Promedio
193,Crossroads Casualties,94,Kenneth Torn,8,33,Elenco Estándar,Actor Muy Prolífico
193,Crossroads Casualties,6,Bette Nicholson,8,20,Elenco Estándar,Actor Promedio
193,Crossroads Casualties,154,Meryl Gibson,8,28,Elenco Estándar,Actor Promedio
193,Crossroads Casualties,149,Russell Temple,8,31,Elenco Estándar,Actor Muy Prolífico
193,Crossroads Casualties,179,Ed Guiness,8,29,Elenco Estándar,Actor Promedio
193,Crossroads Casualties,126,Frances Tomei,8,23,Elenco Estándar,Actor Promedio
193,Crossroads Casualties,136,Ed Mansfield,8,32,Elenco Estándar,Actor Muy Prolífico
194,Crow Grease,106,Groucho Dunst,10,35,Elenco Grande,Actor Muy Prolífico
194,Crow Grease,102,Walter Torn,10,41,Elenco Grande,Actor Muy Prolífico
194,Crow Grease,114,Morgan Mcdormand,10,25,Elenco Grande,Actor Promedio
194,Crow Grease,126,Frances Tomei,10,23,Elenco Grande,Actor Promedio
194,Crow Grease,111,Cameron Zellweger,10,33,Elenco Grande,Actor Muy Prolífico
194,Crow Grease,178,Lisa Monroe,10,23,Elenco Grande,Actor Promedio
194,Crow Grease,81,Scarlett Damon,10,36,Elenco Grande,Actor Muy Prolífico
194,Crow Grease,24,Cameron Streep,10,24,Elenco Grande,Actor Promedio
194,Crow Grease,98,Chris Bridges,10,27,Elenco Grande,Actor Promedio
194,Crow Grease,41,Jodie Degeneres,10,29,Elenco Grande,Actor Promedio
195,Crowds Telemark,49,Anne Cronyn,4,27,Elenco Estándar,Actor Promedio
195,Crowds Telemark,8,Matthew Johansson,4,20,Elenco Estándar,Actor Promedio
195,Crowds Telemark,181,Matthew Carrey,4,39,Elenco Estándar,Actor Muy Prolífico
195,Crowds Telemark,180,Jeff Silverstone,4,25,Elenco Estándar,Actor Promedio
196,Cruelty Unforgiven,168,Will Wilson,2,31,Elenco Estándar,Actor Muy Prolífico
196,Cruelty Unforgiven,86,Greg Chaplin,2,27,Elenco Estándar,Actor Promedio
197,Crusade Honey,90,Sean Guiness,9,33,Elenco Estándar,Actor Muy Prolífico
197,Crusade Honey,64,Ray Johansson,9,30,Elenco Estándar,Actor Promedio
197,Crusade Honey,55,Fay Kilmer,9,20,Elenco Estándar,Actor Promedio
197,Crusade Honey,97,Meg Hawke,9,27,Elenco Estándar,Actor Promedio
197,Crusade Honey,32,Tim Hackman,9,23,Elenco Estándar,Actor Promedio
197,Crusade Honey,146,Albert Johansson,9,33,Elenco Estándar,Actor Muy Prolífico
197,Crusade Honey,117,Renee Tracy,9,33,Elenco Estándar,Actor Muy Prolífico
197,Crusade Honey,103,Matthew Leigh,9,30,Elenco Estándar,Actor Promedio
197,Crusade Honey,178,Lisa Monroe,9,23,Elenco Estándar,Actor Promedio
198,Crystal Breaking,104,Penelope Cronyn,5,31,Elenco Estándar,Actor Muy Prolífico
198,Crystal Breaking,156,Fay Wood,5,22,Elenco Estándar,Actor Promedio
198,Crystal Breaking,121,Liza Bergman,5,25,Elenco Estándar,Actor Promedio
198,Crystal Breaking,62,Jayne Neeson,5,29,Elenco Estándar,Actor Promedio
198,Crystal Breaking,45,Reese Kilmer,5,32,Elenco Estándar,Actor Muy Prolífico
199,Cupboard Sinners,17,Helen Voight,8,32,Elenco Estándar,Actor Muy Prolífico
199,Cupboard Sinners,24,Cameron Streep,8,24,Elenco Estándar,Actor Promedio
199,Cupboard Sinners,32,Tim Hackman,8,23,Elenco Estándar,Actor Promedio
199,Cupboard Sinners,87,Spencer Peck,8,21,Elenco Estándar,Actor Promedio
199,Cupboard Sinners,58,Christian Akroyd,8,32,Elenco Estándar,Actor Muy Prolífico
199,Cupboard Sinners,142,Jada Ryder,8,31,Elenco Estándar,Actor Muy Prolífico
199,Cupboard Sinners,103,Matthew Leigh,8,30,Elenco Estándar,Actor Promedio
199,Cupboard Sinners,126,Frances Tomei,8,23,Elenco Estándar,Actor Promedio
200,Curtain Videotape,102,Walter Torn,3,41,Elenco Estándar,Actor Muy Prolífico
200,Curtain Videotape,139,Ewan Gooding,3,33,Elenco Estándar,Actor Muy Prolífico
200,Curtain Videotape,9,Joe Swank,3,25,Elenco Estándar,Actor Promedio
201,Cyclone Family,35,Judy Dean,3,15,Elenco Estándar,Actor Promedio
201,Cyclone Family,17,Helen Voight,3,32,Elenco Estándar,Actor Muy Prolífico
201,Cyclone Family,26,Rip Crawford,3,33,Elenco Estándar,Actor Muy Prolífico
202,Daddy Pittsburgh,70,Michelle Mcconaughey,5,23,Elenco Estándar,Actor Promedio
202,Daddy Pittsburgh,69,Kenneth Paltrow,5,21,Elenco Estándar,Actor Promedio
202,Daddy Pittsburgh,5,Johnny Lollobrigida,5,29,Elenco Estándar,Actor Promedio
202,Daddy Pittsburgh,129,Daryl Crawford,5,30,Elenco Estándar,Actor Promedio
202,Daddy Pittsburgh,127,Kevin Garland,5,33,Elenco Estándar,Actor Muy Prolífico
203,Daisy Menagerie,153,Minnie Kilmer,7,20,Elenco Estándar,Actor Promedio
203,Daisy Menagerie,39,Goldie Brody,7,28,Elenco Estándar,Actor Promedio
203,Daisy Menagerie,5,Johnny Lollobrigida,7,29,Elenco Estándar,Actor Promedio
203,Daisy Menagerie,74,Milla Keitel,7,28,Elenco Estándar,Actor Promedio
203,Daisy Menagerie,41,Jodie Degeneres,7,29,Elenco Estándar,Actor Promedio
203,Daisy Menagerie,13,Uma Wood,7,35,Elenco Estándar,Actor Muy Prolífico
203,Daisy Menagerie,52,Carmen Hunt,7,26,Elenco Estándar,Actor Promedio
204,Dalmations Sweden,37,Val Bolger,6,35,Elenco Estándar,Actor Muy Prolífico
204,Dalmations Sweden,9,Joe Swank,6,25,Elenco Estándar,Actor Promedio
204,Dalmations Sweden,25,Kevin Bloom,6,21,Elenco Estándar,Actor Promedio
204,Dalmations Sweden,125,Albert Nolte,6,31,Elenco Estándar,Actor Muy Prolífico
204,Dalmations Sweden,106,Groucho Dunst,6,35,Elenco Estándar,Actor Muy Prolífico
204,Dalmations Sweden,165,Al Garland,6,26,Elenco Estándar,Actor Promedio
205,Dances None,102,Walter Torn,5,41,Elenco Estándar,Actor Muy Prolífico
205,Dances None,79,Mae Hoffman,5,28,Elenco Estándar,Actor Promedio
205,Dances None,11,Zero Cage,5,25,Elenco Estándar,Actor Promedio
205,Dances None,8,Matthew Johansson,5,20,Elenco Estándar,Actor Promedio
205,Dances None,68,Rip Winslet,5,30,Elenco Estándar,Actor Promedio
206,Dancing Fever,94,Kenneth Torn,6,33,Elenco Estándar,Actor Muy Prolífico
206,Dancing Fever,150,Jayne Nolte,6,34,Elenco Estándar,Actor Muy Prolífico
206,Dancing Fever,103,Matthew Leigh,6,30,Elenco Estándar,Actor Promedio
206,Dancing Fever,131,Jane Jackman,6,25,Elenco Estándar,Actor Promedio
206,Dancing Fever,188,Rock Dukakis,6,30,Elenco Estándar,Actor Promedio
206,Dancing Fever,159,Laura Brody,6,26,Elenco Estándar,Actor Promedio
207,Dangerous Uptown,146,Albert Johansson,8,33,Elenco Estándar,Actor Muy Prolífico
207,Dangerous Uptown,141,Cate Harris,8,28,Elenco Estándar,Actor Promedio
207,Dangerous Uptown,87,Spencer Peck,8,21,Elenco Estándar,Actor Promedio
207,Dangerous Uptown,95,Daryl Wahlberg,8,31,Elenco Estándar,Actor Muy Prolífico
207,Dangerous Uptown,80,Ralph Cruz,8,28,Elenco Estándar,Actor Promedio
207,Dangerous Uptown,92,Kirsten Akroyd,8,34,Elenco Estándar,Actor Muy Prolífico
207,Dangerous Uptown,66,Mary Tandy,8,31,Elenco Estándar,Actor Muy Prolífico
207,Dangerous Uptown,49,Anne Cronyn,8,27,Elenco Estándar,Actor Promedio
208,Dares Pluto,19,Bob Fawcett,10,25,Elenco Grande,Actor Promedio
208,Dares Pluto,12,Karl Berry,10,31,Elenco Grande,Actor Muy Prolífico
208,Dares Pluto,63,Cameron Wray,10,19,Elenco Grande,Actor Promedio
208,Dares Pluto,130,Greta Keitel,10,27,Elenco Grande,Actor Promedio
208,Dares Pluto,120,Penelope Monroe,10,27,Elenco Grande,Actor Promedio
208,Dares Pluto,168,Will Wilson,10,31,Elenco Grande,Actor Muy Prolífico
208,Dares Pluto,186,Julia Zellweger,10,16,Elenco Grande,Actor Promedio
208,Dares Pluto,154,Meryl Gibson,10,28,Elenco Grande,Actor Promedio
208,Dares Pluto,108,Warren Nolte,10,34,Elenco Grande,Actor Muy Prolífico
208,Dares Pluto,159,Laura Brody,10,26,Elenco Grande,Actor Promedio
209,Darkness War,107,Gina Degeneres,2,42,Elenco Estándar,Actor Muy Prolífico
209,Darkness War,96,Gene Willis,2,23,Elenco Estándar,Actor Promedio
210,Darko Dorado,59,Dustin Tautou,4,27,Elenco Estándar,Actor Promedio
210,Darko Dorado,157,Greta Malden,4,32,Elenco Estándar,Actor Muy Prolífico
210,Darko Dorado,114,Morgan Mcdormand,4,25,Elenco Estándar,Actor Promedio
210,Darko Dorado,133,Richard Penn,4,30,Elenco Estándar,Actor Promedio
211,Darling Breaking,48,Frances Day-Lewis,2,26,Elenco Estándar,Actor Promedio
211,Darling Breaking,62,Jayne Neeson,2,29,Elenco Estándar,Actor Promedio
212,Darn Forrester,19,Bob Fawcett,9,25,Elenco Estándar,Actor Promedio
212,Darn Forrester,89,Charlize Dench,9,24,Elenco Estándar,Actor Promedio
212,Darn Forrester,41,Jodie Degeneres,9,29,Elenco Estándar,Actor Promedio
212,Darn Forrester,90,Sean Guiness,9,33,Elenco Estándar,Actor Muy Prolífico
212,Darn Forrester,23,Sandra Kilmer,9,37,Elenco Estándar,Actor Muy Prolífico
212,Darn Forrester,98,Chris Bridges,9,27,Elenco Estándar,Actor Promedio
212,Darn Forrester,80,Ralph Cruz,9,28,Elenco Estándar,Actor Promedio
212,Darn Forrester,128,Cate Mcqueen,9,30,Elenco Estándar,Actor Promedio
212,Darn Forrester,170,Mena Hopper,9,24,Elenco Estándar,Actor Promedio
213,Date Speed,12,Karl Berry,4,31,Elenco Estándar,Actor Muy Prolífico
213,Date Speed,57,Jude Cruise,4,30,Elenco Estándar,Actor Promedio
213,Date Speed,25,Kevin Bloom,4,21,Elenco Estándar,Actor Promedio
213,Date Speed,68,Rip Winslet,4,30,Elenco Estándar,Actor Promedio
214,Daughter Madigan,33,Milla Peck,4,24,Elenco Estándar,Actor Promedio
214,Daughter Madigan,192,John Suvari,4,29,Elenco Estándar,Actor Promedio
214,Daughter Madigan,138,Lucille Dee,4,24,Elenco Estándar,Actor Promedio
214,Daughter Madigan,136,Ed Mansfield,4,32,Elenco Estándar,Actor Muy Prolífico
215,Dawn Pond,172,Groucho Williams,6,25,Elenco Estándar,Actor Promedio
215,Dawn Pond,103,Matthew Leigh,6,30,Elenco Estándar,Actor Promedio
215,Dawn Pond,158,Vivien Basinger,6,35,Elenco Estándar,Actor Muy Prolífico
215,Dawn Pond,81,Scarlett Damon,6,36,Elenco Estándar,Actor Muy Prolífico
215,Dawn Pond,68,Rip Winslet,6,30,Elenco Estándar,Actor Promedio
215,Dawn Pond,194,Meryl Allen,6,22,Elenco Estándar,Actor Promedio
216,Day Unfaithful,199,Julia Fawcett,5,15,Elenco Estándar,Actor Promedio
216,Day Unfaithful,144,Angela Witherspoon,5,35,Elenco Estándar,Actor Muy Prolífico
216,Day Unfaithful,85,Minnie Zellweger,5,31,Elenco Estándar,Actor Muy Prolífico
216,Day Unfaithful,12,Karl Berry,5,31,Elenco Estándar,Actor Muy Prolífico
216,Day Unfaithful,86,Greg Chaplin,5,27,Elenco Estándar,Actor Promedio
217,Dazed Punk,19,Bob Fawcett,6,25,Elenco Estándar,Actor Promedio
217,Dazed Punk,83,Ben Willis,6,33,Elenco Estándar,Actor Muy Prolífico
217,Dazed Punk,7,Grace Mostel,6,30,Elenco Estándar,Actor Promedio
217,Dazed Punk,152,Ben Harris,6,23,Elenco Estándar,Actor Promedio
217,Dazed Punk,157,Greta Malden,6,32,Elenco Estándar,Actor Muy Prolífico
217,Dazed Punk,151,Geoffrey Heston,6,26,Elenco Estándar,Actor Promedio
218,Deceiver Betrayed,113,Morgan Hopkins,4,27,Elenco Estándar,Actor Promedio
218,Deceiver Betrayed,146,Albert Johansson,4,33,Elenco Estándar,Actor Muy Prolífico
218,Deceiver Betrayed,7,Grace Mostel,4,30,Elenco Estándar,Actor Promedio
218,Deceiver Betrayed,16,Fred Costner,4,27,Elenco Estándar,Actor Promedio
219,Deep Crusade,81,Scarlett Damon,7,36,Elenco Estándar,Actor Muy Prolífico
219,Deep Crusade,45,Reese Kilmer,7,32,Elenco Estándar,Actor Muy Prolífico
219,Deep Crusade,32,Tim Hackman,7,23,Elenco Estándar,Actor Promedio
219,Deep Crusade,191,Gregory Gooding,7,30,Elenco Estándar,Actor Promedio
219,Deep Crusade,134,Gene Hopkins,7,22,Elenco Estándar,Actor Promedio
219,Deep Crusade,108,Warren Nolte,7,34,Elenco Estándar,Actor Muy Prolífico
219,Deep Crusade,171,Olympia Pfeiffer,7,28,Elenco Estándar,Actor Promedio
220,Deer Virginian,107,Gina Degeneres,3,42,Elenco Estándar,Actor Muy Prolífico
220,Deer Virginian,121,Liza Bergman,3,25,Elenco Estándar,Actor Promedio
220,Deer Virginian,155,Ian Tandy,3,31,Elenco Estándar,Actor Muy Prolífico
221,Deliverance Mulholland,103,Matthew Leigh,3,30,Elenco Estándar,Actor Promedio
221,Deliverance Mulholland,184,Humphrey Garland,3,29,Elenco Estándar,Actor Promedio
221,Deliverance Mulholland,16,Fred Costner,3,27,Elenco Estándar,Actor Promedio
222,Desert Poseidon,75,Burt Posey,5,24,Elenco Estándar,Actor Promedio
222,Desert Poseidon,60,Henry Berry,5,35,Elenco Estándar,Actor Muy Prolífico
222,Desert Poseidon,39,Goldie Brody,5,28,Elenco Estándar,Actor Promedio
222,Desert Poseidon,187,Renee Ball,5,33,Elenco Estándar,Actor Muy Prolífico
222,Desert Poseidon,121,Liza Bergman,5,25,Elenco Estándar,Actor Promedio
223,Desire Alien,123,Julianne Dench,7,32,Elenco Estándar,Actor Muy Prolífico
223,Desire Alien,141,Cate Harris,7,28,Elenco Estándar,Actor Promedio
223,Desire Alien,188,Rock Dukakis,7,30,Elenco Estándar,Actor Promedio
223,Desire Alien,159,Laura Brody,7,26,Elenco Estándar,Actor Promedio
223,Desire Alien,40,Johnny Cage,7,29,Elenco Estándar,Actor Promedio
223,Desire Alien,38,Tom Mckellen,7,25,Elenco Estándar,Actor Promedio
223,Desire Alien,76,Angelina Astaire,7,31,Elenco Estándar,Actor Muy Prolífico
224,Desperate Trainspotting,77,Cary Mcconaughey,4,24,Elenco Estándar,Actor Promedio
224,Desperate Trainspotting,117,Renee Tracy,4,33,Elenco Estándar,Actor Muy Prolífico
224,Desperate Trainspotting,187,Renee Ball,4,33,Elenco Estándar,Actor Muy Prolífico
224,Desperate Trainspotting,137,Morgan Williams,4,27,Elenco Estándar,Actor Promedio
225,Destination Jerk,26,Rip Crawford,3,33,Elenco Estándar,Actor Muy Prolífico
225,Destination Jerk,7,Grace Mostel,3,30,Elenco Estándar,Actor Promedio
225,Destination Jerk,63,Cameron Wray,3,19,Elenco Estándar,Actor Promedio
226,Destiny Saturday,66,Mary Tandy,7,31,Elenco Estándar,Actor Muy Prolífico
226,Destiny Saturday,56,Dan Harris,7,28,Elenco Estándar,Actor Promedio
226,Destiny Saturday,29,Alec Wayne,7,29,Elenco Estándar,Actor Promedio
226,Destiny Saturday,23,Sandra Kilmer,7,37,Elenco Estándar,Actor Muy Prolífico
226,Destiny Saturday,25,Kevin Bloom,7,21,Elenco Estándar,Actor Promedio
226,Destiny Saturday,2,Nick Wahlberg,7,25,Elenco Estándar,Actor Promedio
226,Destiny Saturday,148,Emily Dee,7,14,Elenco Estándar,Actor Promedio
227,Details Packer,122,Salma Nolte,2,25,Elenco Estándar,Actor Promedio
227,Details Packer,70,Michelle Mcconaughey,2,23,Elenco Estándar,Actor Promedio
228,Detective Vision,94,Kenneth Torn,3,33,Elenco Estándar,Actor Muy Prolífico
228,Detective Vision,186,Julia Zellweger,3,16,Elenco Estándar,Actor Promedio
228,Detective Vision,144,Angela Witherspoon,3,35,Elenco Estándar,Actor Muy Prolífico
229,Devil Desire,139,Ewan Gooding,5,33,Elenco Estándar,Actor Muy Prolífico
229,Devil Desire,136,Ed Mansfield,5,32,Elenco Estándar,Actor Muy Prolífico
229,Devil Desire,106,Groucho Dunst,5,35,Elenco Estándar,Actor Muy Prolífico
229,Devil Desire,66,Mary Tandy,5,31,Elenco Estándar,Actor Muy Prolífico
229,Devil Desire,92,Kirsten Akroyd,5,34,Elenco Estándar,Actor Muy Prolífico
230,Diary Panic,66,Mary Tandy,4,31,Elenco Estándar,Actor Muy Prolífico
230,Diary Panic,79,Mae Hoffman,4,28,Elenco Estándar,Actor Promedio
230,Diary Panic,41,Jodie Degeneres,4,29,Elenco Estándar,Actor Promedio
230,Diary Panic,129,Daryl Crawford,4,30,Elenco Estándar,Actor Promedio
231,Dinosaur Secretary,153,Minnie Kilmer,6,20,Elenco Estándar,Actor Promedio
231,Dinosaur Secretary,120,Penelope Monroe,6,27,Elenco Estándar,Actor Promedio
231,Dinosaur Secretary,112,Russell Bacall,6,25,Elenco Estándar,Actor Promedio
231,Dinosaur Secretary,20,Lucille Tracy,6,30,Elenco Estándar,Actor Promedio
231,Dinosaur Secretary,62,Jayne Neeson,6,29,Elenco Estándar,Actor Promedio
231,Dinosaur Secretary,36,Burt Dukakis,6,29,Elenco Estándar,Actor Promedio
232,Dirty Ace,81,Scarlett Damon,5,36,Elenco Estándar,Actor Muy Prolífico
232,Dirty Ace,14,Vivien Bergen,5,30,Elenco Estándar,Actor Promedio
232,Dirty Ace,143,River Dean,5,31,Elenco Estándar,Actor Muy Prolífico
232,Dirty Ace,151,Geoffrey Heston,5,26,Elenco Estándar,Actor Promedio
232,Dirty Ace,194,Meryl Allen,5,22,Elenco Estándar,Actor Promedio
233,Disciple Mother,71,Adam Grant,7,18,Elenco Estándar,Actor Promedio
233,Disciple Mother,40,Johnny Cage,7,29,Elenco Estándar,Actor Promedio
233,Disciple Mother,47,Julia Barrymore,7,24,Elenco Estándar,Actor Promedio
233,Disciple Mother,104,Penelope Cronyn,7,31,Elenco Estándar,Actor Muy Prolífico
233,Disciple Mother,139,Ewan Gooding,7,33,Elenco Estándar,Actor Muy Prolífico
233,Disciple Mother,150,Jayne Nolte,7,34,Elenco Estándar,Actor Muy Prolífico
233,Disciple Mother,181,Matthew Carrey,7,39,Elenco Estándar,Actor Muy Prolífico
234,Disturbing Scarface,123,Julianne Dench,4,32,Elenco Estándar,Actor Muy Prolífico
234,Disturbing Scarface,190,Audrey Bailey,4,27,Elenco Estándar,Actor Promedio
234,Disturbing Scarface,88,Kenneth Pesci,4,20,Elenco Estándar,Actor Promedio
234,Disturbing Scarface,76,Angelina Astaire,4,31,Elenco Estándar,Actor Muy Prolífico
235,Divide Monster,60,Henry Berry,6,35,Elenco Estándar,Actor Muy Prolífico
235,Divide Monster,58,Christian Akroyd,6,32,Elenco Estándar,Actor Muy Prolífico
235,Divide Monster,23,Sandra Kilmer,6,37,Elenco Estándar,Actor Muy Prolífico
235,Divide Monster,61,Christian Neeson,6,25,Elenco Estándar,Actor Promedio
235,Divide Monster,177,Gene Mckellen,6,27,Elenco Estándar,Actor Promedio
235,Divide Monster,173,Alan Dreyfuss,6,27,Elenco Estándar,Actor Promedio
236,Divine Resurrection,69,Kenneth Paltrow,5,21,Elenco Estándar,Actor Promedio
236,Divine Resurrection,56,Dan Harris,5,28,Elenco Estándar,Actor Promedio
236,Divine Resurrection,17,Helen Voight,5,32,Elenco Estándar,Actor Muy Prolífico
236,Divine Resurrection,10,Christian Gable,5,22,Elenco Estándar,Actor Promedio
236,Divine Resurrection,15,Cuba Olivier,5,28,Elenco Estándar,Actor Promedio
237,Divorce Shining,72,Sean Williams,6,26,Elenco Estándar,Actor Promedio
237,Divorce Shining,61,Christian Neeson,6,25,Elenco Estándar,Actor Promedio
237,Divorce Shining,114,Morgan Mcdormand,6,25,Elenco Estándar,Actor Promedio
237,Divorce Shining,168,Will Wilson,6,31,Elenco Estándar,Actor Muy Prolífico
237,Divorce Shining,177,Gene Mckellen,6,27,Elenco Estándar,Actor Promedio
237,Divorce Shining,186,Julia Zellweger,6,16,Elenco Estándar,Actor Promedio
238,Doctor Grail,176,Jon Chase,6,29,Elenco Estándar,Actor Promedio
238,Doctor Grail,122,Salma Nolte,6,25,Elenco Estándar,Actor Promedio
238,Doctor Grail,120,Penelope Monroe,6,27,Elenco Estándar,Actor Promedio
238,Doctor Grail,128,Cate Mcqueen,6,30,Elenco Estándar,Actor Promedio
238,Doctor Grail,125,Albert Nolte,6,31,Elenco Estándar,Actor Muy Prolífico
238,Doctor Grail,84,James Pitt,6,31,Elenco Estándar,Actor Muy Prolífico
239,Dogma Family,43,Kirk Jovovich,7,26,Elenco Estándar,Actor Promedio
239,Dogma Family,60,Henry Berry,7,35,Elenco Estándar,Actor Muy Prolífico
239,Dogma Family,78,Groucho Sinatra,7,26,Elenco Estándar,Actor Promedio
239,Dogma Family,105,Sidney Crowe,7,34,Elenco Estándar,Actor Muy Prolífico
239,Dogma Family,107,Gina Degeneres,7,42,Elenco Estándar,Actor Muy Prolífico
239,Dogma Family,143,River Dean,7,31,Elenco Estándar,Actor Muy Prolífico
239,Dogma Family,163,Christopher West,7,21,Elenco Estándar,Actor Promedio
240,Dolls Rage,77,Cary Mcconaughey,1,24,Elenco Estándar,Actor Promedio
241,Donnie Alley,26,Rip Crawford,7,33,Elenco Estándar,Actor Muy Prolífico
241,Donnie Alley,59,Dustin Tautou,7,27,Elenco Estándar,Actor Promedio
241,Donnie Alley,38,Tom Mckellen,7,25,Elenco Estándar,Actor Promedio
241,Donnie Alley,14,Vivien Bergen,7,30,Elenco Estándar,Actor Promedio
241,Donnie Alley,158,Vivien Basinger,7,35,Elenco Estándar,Actor Muy Prolífico
241,Donnie Alley,106,Groucho Dunst,7,35,Elenco Estándar,Actor Muy Prolífico
241,Donnie Alley,168,Will Wilson,7,31,Elenco Estándar,Actor Muy Prolífico
242,Doom Dancing,108,Warren Nolte,8,34,Elenco Estándar,Actor Muy Prolífico
242,Doom Dancing,160,Chris Depp,8,20,Elenco Estándar,Actor Promedio
242,Doom Dancing,44,Nick Stallone,8,30,Elenco Estándar,Actor Promedio
242,Doom Dancing,82,Woody Jolie,8,31,Elenco Estándar,Actor Muy Prolífico
242,Doom Dancing,67,Jessica Bailey,8,23,Elenco Estándar,Actor Promedio
242,Doom Dancing,79,Mae Hoffman,8,28,Elenco Estándar,Actor Promedio
242,Doom Dancing,24,Cameron Streep,8,24,Elenco Estándar,Actor Promedio
242,Doom Dancing,58,Christian Akroyd,8,32,Elenco Estándar,Actor Muy Prolífico
243,Doors President,58,Christian Akroyd,9,32,Elenco Estándar,Actor Muy Prolífico
243,Doors President,20,Lucille Tracy,9,30,Elenco Estándar,Actor Promedio
243,Doors President,50,Natalie Hopkins,9,32,Elenco Estándar,Actor Muy Prolífico
243,Doors President,12,Karl Berry,9,31,Elenco Estándar,Actor Muy Prolífico
243,Doors President,145,Kim Allen,9,28,Elenco Estándar,Actor Promedio
243,Doors President,134,Gene Hopkins,9,22,Elenco Estándar,Actor Promedio
243,Doors President,109,Sylvester Dern,9,22,Elenco Estándar,Actor Promedio
243,Doors President,136,Ed Mansfield,9,32,Elenco Estándar,Actor Muy Prolífico
243,Doors President,197,Reese West,9,33,Elenco Estándar,Actor Muy Prolífico
244,Dorado Notting,34,Audrey Olivier,4,25,Elenco Estándar,Actor Promedio
244,Dorado Notting,67,Jessica Bailey,4,23,Elenco Estándar,Actor Promedio
244,Dorado Notting,96,Gene Willis,4,23,Elenco Estándar,Actor Promedio
244,Dorado Notting,156,Fay Wood,4,22,Elenco Estándar,Actor Promedio
245,Double Wrath,123,Julianne Dench,8,32,Elenco Estándar,Actor Muy Prolífico
245,Double Wrath,115,Harrison Bale,8,28,Elenco Estándar,Actor Promedio
245,Double Wrath,95,Daryl Wahlberg,8,31,Elenco Estándar,Actor Muy Prolífico
245,Double Wrath,36,Burt Dukakis,8,29,Elenco Estándar,Actor Promedio
245,Double Wrath,25,Kevin Bloom,8,21,Elenco Estándar,Actor Promedio
245,Double Wrath,77,Cary Mcconaughey,8,24,Elenco Estándar,Actor Promedio
245,Double Wrath,73,Gary Penn,8,26,Elenco Estándar,Actor Promedio
245,Double Wrath,48,Frances Day-Lewis,8,26,Elenco Estándar,Actor Promedio
246,Doubtfire Labyrinth,124,Scarlett Bening,5,26,Elenco Estándar,Actor Promedio
246,Doubtfire Labyrinth,169,Kenneth Hoffman,5,29,Elenco Estándar,Actor Promedio
246,Doubtfire Labyrinth,123,Julianne Dench,5,32,Elenco Estándar,Actor Muy Prolífico
246,Doubtfire Labyrinth,117,Renee Tracy,5,33,Elenco Estándar,Actor Muy Prolífico
246,Doubtfire Labyrinth,115,Harrison Bale,5,28,Elenco Estándar,Actor Promedio
247,Downhill Enough,129,Daryl Crawford,4,30,Elenco Estándar,Actor Promedio
247,Downhill Enough,161,Harvey Hope,4,32,Elenco Estándar,Actor Muy Prolífico
247,Downhill Enough,82,Woody Jolie,4,31,Elenco Estándar,Actor Muy Prolífico
247,Downhill Enough,83,Ben Willis,4,33,Elenco Estándar,Actor Muy Prolífico
248,Dozen Lion,50,Natalie Hopkins,6,32,Elenco Estándar,Actor Muy Prolífico
248,Dozen Lion,63,Cameron Wray,6,19,Elenco Estándar,Actor Promedio
248,Dozen Lion,159,Laura Brody,6,26,Elenco Estándar,Actor Promedio
248,Dozen Lion,142,Jada Ryder,6,31,Elenco Estándar,Actor Muy Prolífico
248,Dozen Lion,169,Kenneth Hoffman,6,29,Elenco Estándar,Actor Promedio
248,Dozen Lion,152,Ben Harris,6,23,Elenco Estándar,Actor Promedio
249,Dracula Crystal,129,Daryl Crawford,13,30,Mega Elenco,Actor Promedio
249,Dracula Crystal,137,Morgan Williams,13,27,Mega Elenco,Actor Promedio
249,Dracula Crystal,113,Morgan Hopkins,13,27,Mega Elenco,Actor Promedio
249,Dracula Crystal,155,Ian Tandy,13,31,Mega Elenco,Actor Muy Prolífico
249,Dracula Crystal,197,Reese West,13,33,Mega Elenco,Actor Muy Prolífico
249,Dracula Crystal,2,Nick Wahlberg,13,25,Mega Elenco,Actor Promedio
249,Dracula Crystal,72,Sean Williams,13,26,Mega Elenco,Actor Promedio
249,Dracula Crystal,70,Michelle Mcconaughey,13,23,Mega Elenco,Actor Promedio
249,Dracula Crystal,86,Greg Chaplin,13,27,Mega Elenco,Actor Promedio
249,Dracula Crystal,83,Ben Willis,13,33,Mega Elenco,Actor Muy Prolífico
249,Dracula Crystal,63,Cameron Wray,13,19,Mega Elenco,Actor Promedio
249,Dracula Crystal,52,Carmen Hunt,13,26,Mega Elenco,Actor Promedio
249,Dracula Crystal,41,Jodie Degeneres,13,29,Mega Elenco,Actor Promedio
250,Dragon Squad,49,Anne Cronyn,8,27,Elenco Estándar,Actor Promedio
250,Dragon Squad,87,Spencer Peck,8,21,Elenco Estándar,Actor Promedio
250,Dragon Squad,99,Jim Mostel,8,26,Elenco Estándar,Actor Promedio
250,Dragon Squad,125,Albert Nolte,8,31,Elenco Estándar,Actor Muy Prolífico
250,Dragon Squad,179,Ed Guiness,8,29,Elenco Estándar,Actor Promedio
250,Dragon Squad,100,Spencer Depp,8,24,Elenco Estándar,Actor Promedio
250,Dragon Squad,134,Gene Hopkins,8,22,Elenco Estándar,Actor Promedio
250,Dragon Squad,101,Susan Davis,8,33,Elenco Estándar,Actor Muy Prolífico
251,Dragonfly Strangers,147,Fay Winslet,3,31,Elenco Estándar,Actor Muy Prolífico
251,Dragonfly Strangers,10,Christian Gable,3,22,Elenco Estándar,Actor Promedio
251,Dragonfly Strangers,76,Angelina Astaire,3,31,Elenco Estándar,Actor Muy Prolífico
252,Dream Pickup,41,Jodie Degeneres,4,29,Elenco Estándar,Actor Promedio
252,Dream Pickup,33,Milla Peck,4,24,Elenco Estándar,Actor Promedio
252,Dream Pickup,164,Humphrey Willis,4,26,Elenco Estándar,Actor Promedio
252,Dream Pickup,176,Jon Chase,4,29,Elenco Estándar,Actor Promedio
253,Drifter Commandments,165,Al Garland,7,26,Elenco Estándar,Actor Promedio
253,Drifter Commandments,21,Kirsten Paltrow,7,27,Elenco Estándar,Actor Promedio
253,Drifter Commandments,60,Henry Berry,7,35,Elenco Estándar,Actor Muy Prolífico
253,Drifter Commandments,14,Vivien Bergen,7,30,Elenco Estándar,Actor Promedio
253,Drifter Commandments,87,Spencer Peck,7,21,Elenco Estándar,Actor Promedio
253,Drifter Commandments,37,Val Bolger,7,35,Elenco Estándar,Actor Muy Prolífico
253,Drifter Commandments,190,Audrey Bailey,7,27,Elenco Estándar,Actor Promedio
254,Driver Annie,114,Morgan Mcdormand,8,25,Elenco Estándar,Actor Promedio
254,Driver Annie,147,Fay Winslet,8,31,Elenco Estándar,Actor Muy Prolífico
254,Driver Annie,137,Morgan Williams,8,27,Elenco Estándar,Actor Promedio
254,Driver Annie,58,Christian Akroyd,8,32,Elenco Estándar,Actor Muy Prolífico
254,Driver Annie,13,Uma Wood,8,35,Elenco Estándar,Actor Muy Prolífico
254,Driver Annie,23,Sandra Kilmer,8,37,Elenco Estándar,Actor Muy Prolífico
254,Driver Annie,46,Parker Goldberg,8,24,Elenco Estándar,Actor Promedio
254,Driver Annie,89,Charlize Dench,8,24,Elenco Estándar,Actor Promedio
255,Driving Polish,8,Matthew Johansson,7,20,Elenco Estándar,Actor Promedio
255,Driving Polish,68,Rip Winslet,7,30,Elenco Estándar,Actor Promedio
255,Driving Polish,14,Vivien Bergen,7,30,Elenco Estándar,Actor Promedio
255,Driving Polish,168,Will Wilson,7,31,Elenco Estándar,Actor Muy Prolífico
255,Driving Polish,101,Susan Davis,7,33,Elenco Estándar,Actor Muy Prolífico
255,Driving Polish,120,Penelope Monroe,7,27,Elenco Estándar,Actor Promedio
255,Driving Polish,166,Nick Degeneres,7,22,Elenco Estándar,Actor Promedio
256,Drop Waterfront,136,Ed Mansfield,8,32,Elenco Estándar,Actor Muy Prolífico
256,Drop Waterfront,126,Frances Tomei,8,23,Elenco Estándar,Actor Promedio
256,Drop Waterfront,53,Mena Temple,8,30,Elenco Estándar,Actor Promedio
256,Drop Waterfront,97,Meg Hawke,8,27,Elenco Estándar,Actor Promedio
256,Drop Waterfront,67,Jessica Bailey,8,23,Elenco Estándar,Actor Promedio
256,Drop Waterfront,24,Cameron Streep,8,24,Elenco Estándar,Actor Promedio
256,Drop Waterfront,6,Bette Nicholson,8,20,Elenco Estándar,Actor Promedio
256,Drop Waterfront,35,Judy Dean,8,15,Elenco Estándar,Actor Promedio
258,Drums Dynamite,57,Jude Cruise,7,30,Elenco Estándar,Actor Promedio
258,Drums Dynamite,14,Vivien Bergen,7,30,Elenco Estándar,Actor Promedio
258,Drums Dynamite,197,Reese West,7,33,Elenco Estándar,Actor Muy Prolífico
258,Drums Dynamite,140,Whoopi Hurt,7,32,Elenco Estándar,Actor Muy Prolífico
258,Drums Dynamite,180,Jeff Silverstone,7,25,Elenco Estándar,Actor Promedio
258,Drums Dynamite,138,Lucille Dee,7,24,Elenco Estándar,Actor Promedio
258,Drums Dynamite,113,Morgan Hopkins,7,27,Elenco Estándar,Actor Promedio
259,Duck Racer,104,Penelope Cronyn,2,31,Elenco Estándar,Actor Muy Prolífico
259,Duck Racer,28,Woody Hoffman,2,31,Elenco Estándar,Actor Muy Prolífico
260,Dude Blindness,30,Sandra Peck,7,19,Elenco Estándar,Actor Promedio
260,Dude Blindness,81,Scarlett Damon,7,36,Elenco Estándar,Actor Muy Prolífico
260,Dude Blindness,80,Ralph Cruz,7,28,Elenco Estándar,Actor Promedio
260,Dude Blindness,78,Groucho Sinatra,7,26,Elenco Estándar,Actor Promedio
260,Dude Blindness,37,Val Bolger,7,35,Elenco Estándar,Actor Muy Prolífico
260,Dude Blindness,144,Angela Witherspoon,7,35,Elenco Estándar,Actor Muy Prolífico
260,Dude Blindness,124,Scarlett Bening,7,26,Elenco Estándar,Actor Promedio
261,Duffel Apocalypse,139,Ewan Gooding,3,33,Elenco Estándar,Actor Muy Prolífico
261,Duffel Apocalypse,78,Groucho Sinatra,3,26,Elenco Estándar,Actor Promedio
261,Duffel Apocalypse,77,Cary Mcconaughey,3,24,Elenco Estándar,Actor Promedio
262,Dumbo Lust,60,Henry Berry,9,35,Elenco Estándar,Actor Muy Prolífico
262,Dumbo Lust,90,Sean Guiness,9,33,Elenco Estándar,Actor Muy Prolífico
262,Dumbo Lust,80,Ralph Cruz,9,28,Elenco Estándar,Actor Promedio
262,Dumbo Lust,30,Sandra Peck,9,19,Elenco Estándar,Actor Promedio
262,Dumbo Lust,79,Mae Hoffman,9,28,Elenco Estándar,Actor Promedio
262,Dumbo Lust,156,Fay Wood,9,22,Elenco Estándar,Actor Promedio
262,Dumbo Lust,136,Ed Mansfield,9,32,Elenco Estándar,Actor Muy Prolífico
262,Dumbo Lust,139,Ewan Gooding,9,33,Elenco Estándar,Actor Muy Prolífico
262,Dumbo Lust,198,Mary Keitel,9,40,Elenco Estándar,Actor Muy Prolífico
263,Durham Panky,8,Matthew Johansson,9,20,Elenco Estándar,Actor Promedio
263,Durham Panky,28,Woody Hoffman,9,31,Elenco Estándar,Actor Muy Prolífico
263,Durham Panky,74,Milla Keitel,9,28,Elenco Estándar,Actor Promedio
263,Durham Panky,83,Ben Willis,9,33,Elenco Estándar,Actor Muy Prolífico
263,Durham Panky,126,Frances Tomei,9,23,Elenco Estándar,Actor Promedio
263,Durham Panky,156,Fay Wood,9,22,Elenco Estándar,Actor Promedio
263,Durham Panky,101,Susan Davis,9,33,Elenco Estándar,Actor Muy Prolífico
263,Durham Panky,124,Scarlett Bening,9,26,Elenco Estándar,Actor Promedio
263,Durham Panky,137,Morgan Williams,9,27,Elenco Estándar,Actor Promedio
264,Dwarfs Alter,198,Mary Keitel,1,40,Elenco Estándar,Actor Muy Prolífico
265,Dying Maker,185,Michael Bolger,2,30,Elenco Estándar,Actor Promedio
265,Dying Maker,78,Groucho Sinatra,2,26,Elenco Estándar,Actor Promedio
266,Dynamite Tarzan,19,Bob Fawcett,5,25,Elenco Estándar,Actor Promedio
266,Dynamite Tarzan,89,Charlize Dench,5,24,Elenco Estándar,Actor Promedio
266,Dynamite Tarzan,123,Julianne Dench,5,32,Elenco Estándar,Actor Muy Prolífico
266,Dynamite Tarzan,139,Ewan Gooding,5,33,Elenco Estándar,Actor Muy Prolífico
266,Dynamite Tarzan,189,Cuba Birch,5,24,Elenco Estándar,Actor Promedio
267,Eagles Panky,160,Chris Depp,6,20,Elenco Estándar,Actor Promedio
267,Eagles Panky,79,Mae Hoffman,6,28,Elenco Estándar,Actor Promedio
267,Eagles Panky,81,Scarlett Damon,6,36,Elenco Estándar,Actor Muy Prolífico
267,Eagles Panky,48,Frances Day-Lewis,6,26,Elenco Estándar,Actor Promedio
267,Eagles Panky,16,Fred Costner,6,27,Elenco Estándar,Actor Promedio
267,Eagles Panky,57,Jude Cruise,6,30,Elenco Estándar,Actor Promedio
268,Early Home,18,Dan Torn,6,22,Elenco Estándar,Actor Promedio
268,Early Home,81,Scarlett Damon,6,36,Elenco Estándar,Actor Muy Prolífico
268,Early Home,53,Mena Temple,6,30,Elenco Estándar,Actor Promedio
268,Early Home,83,Ben Willis,6,33,Elenco Estándar,Actor Muy Prolífico
268,Early Home,102,Walter Torn,6,41,Elenco Estándar,Actor Muy Prolífico
268,Early Home,137,Morgan Williams,6,27,Elenco Estándar,Actor Promedio
269,Earring Instinct,135,Rita Reynolds,5,20,Elenco Estándar,Actor Promedio
269,Earring Instinct,161,Harvey Hope,5,32,Elenco Estándar,Actor Muy Prolífico
269,Earring Instinct,79,Mae Hoffman,5,28,Elenco Estándar,Actor Promedio
269,Earring Instinct,16,Fred Costner,5,27,Elenco Estándar,Actor Promedio
269,Earring Instinct,20,Lucille Tracy,5,30,Elenco Estándar,Actor Promedio
270,Earth Vision,94,Kenneth Torn,3,33,Elenco Estándar,Actor Muy Prolífico
270,Earth Vision,133,Richard Penn,3,30,Elenco Estándar,Actor Promedio
270,Earth Vision,150,Jayne Nolte,3,34,Elenco Estándar,Actor Muy Prolífico
271,Easy Gladiator,103,Matthew Leigh,3,30,Elenco Estándar,Actor Promedio
271,Easy Gladiator,136,Ed Mansfield,3,32,Elenco Estándar,Actor Muy Prolífico
271,Easy Gladiator,16,Fred Costner,3,27,Elenco Estándar,Actor Promedio
272,Edge Kissing,62,Jayne Neeson,3,29,Elenco Estándar,Actor Promedio
272,Edge Kissing,189,Cuba Birch,3,24,Elenco Estándar,Actor Promedio
272,Edge Kissing,144,Angela Witherspoon,3,35,Elenco Estándar,Actor Muy Prolífico
273,Effect Gladiator,178,Lisa Monroe,7,23,Elenco Estándar,Actor Promedio
273,Effect Gladiator,117,Renee Tracy,7,33,Elenco Estándar,Actor Muy Prolífico
273,Effect Gladiator,171,Olympia Pfeiffer,7,28,Elenco Estándar,Actor Promedio
273,Effect Gladiator,29,Alec Wayne,7,29,Elenco Estándar,Actor Promedio
273,Effect Gladiator,47,Julia Barrymore,7,24,Elenco Estándar,Actor Promedio
273,Effect Gladiator,44,Nick Stallone,7,30,Elenco Estándar,Actor Promedio
273,Effect Gladiator,27,Julia Mcqueen,7,33,Elenco Estándar,Actor Muy Prolífico
274,Egg Igby,38,Tom Mckellen,5,25,Elenco Estándar,Actor Promedio
274,Egg Igby,20,Lucille Tracy,5,30,Elenco Estándar,Actor Promedio
274,Egg Igby,50,Natalie Hopkins,5,32,Elenco Estándar,Actor Muy Prolífico
274,Egg Igby,154,Meryl Gibson,5,28,Elenco Estándar,Actor Promedio
274,Egg Igby,162,Oprah Kilmer,5,25,Elenco Estándar,Actor Promedio
275,Egypt Tenenbaums,160,Chris Depp,5,20,Elenco Estándar,Actor Promedio
275,Egypt Tenenbaums,101,Susan Davis,5,33,Elenco Estándar,Actor Muy Prolífico
275,Egypt Tenenbaums,15,Cuba Olivier,5,28,Elenco Estándar,Actor Promedio
275,Egypt Tenenbaums,94,Kenneth Torn,5,33,Elenco Estándar,Actor Muy Prolífico
275,Egypt Tenenbaums,73,Gary Penn,5,26,Elenco Estándar,Actor Promedio
276,Element Freddy,65,Angela Hudson,4,34,Elenco Estándar,Actor Muy Prolífico
276,Element Freddy,43,Kirk Jovovich,4,26,Elenco Estándar,Actor Promedio
276,Element Freddy,196,Bela Walken,4,30,Elenco Estándar,Actor Promedio
276,Element Freddy,154,Meryl Gibson,4,28,Elenco Estándar,Actor Promedio
277,Elephant Trojan,115,Harrison Bale,5,28,Elenco Estándar,Actor Promedio
277,Elephant Trojan,107,Gina Degeneres,5,42,Elenco Estándar,Actor Muy Prolífico
277,Elephant Trojan,24,Cameron Streep,5,24,Elenco Estándar,Actor Promedio
277,Elephant Trojan,1,Penelope Guiness,5,19,Elenco Estándar,Actor Promedio
277,Elephant Trojan,37,Val Bolger,5,35,Elenco Estándar,Actor Muy Prolífico
278,Elf Murder,63,Cameron Wray,5,19,Elenco Estándar,Actor Promedio
278,Elf Murder,134,Gene Hopkins,5,22,Elenco Estándar,Actor Promedio
278,Elf Murder,108,Warren Nolte,5,34,Elenco Estándar,Actor Muy Prolífico
278,Elf Murder,146,Albert Johansson,5,33,Elenco Estándar,Actor Muy Prolífico
278,Elf Murder,190,Audrey Bailey,5,27,Elenco Estándar,Actor Promedio
279,Elizabeth Shane,83,Ben Willis,3,33,Elenco Estándar,Actor Muy Prolífico
279,Elizabeth Shane,18,Dan Torn,3,22,Elenco Estándar,Actor Promedio
279,Elizabeth Shane,162,Oprah Kilmer,3,25,Elenco Estándar,Actor Promedio
280,Empire Malkovich,105,Sidney Crowe,9,34,Elenco Estándar,Actor Muy Prolífico
280,Empire Malkovich,133,Richard Penn,9,30,Elenco Estándar,Actor Promedio
280,Empire Malkovich,16,Fred Costner,9,27,Elenco Estándar,Actor Promedio
280,Empire Malkovich,64,Ray Johansson,9,30,Elenco Estándar,Actor Promedio
280,Empire Malkovich,80,Ralph Cruz,9,28,Elenco Estándar,Actor Promedio
280,Empire Malkovich,15,Cuba Olivier,9,28,Elenco Estándar,Actor Promedio
280,Empire Malkovich,18,Dan Torn,9,22,Elenco Estándar,Actor Promedio
280,Empire Malkovich,93,Ellen Presley,9,25,Elenco Estándar,Actor Promedio
280,Empire Malkovich,17,Helen Voight,9,32,Elenco Estándar,Actor Muy Prolífico
281,Encino Elf,83,Ben Willis,6,33,Elenco Estándar,Actor Muy Prolífico
281,Encino Elf,11,Zero Cage,6,25,Elenco Estándar,Actor Promedio
281,Encino Elf,21,Kirsten Paltrow,6,27,Elenco Estándar,Actor Promedio
281,Encino Elf,84,James Pitt,6,31,Elenco Estándar,Actor Muy Prolífico
281,Encino Elf,109,Sylvester Dern,6,22,Elenco Estándar,Actor Promedio
281,Encino Elf,161,Harvey Hope,6,32,Elenco Estándar,Actor Muy Prolífico
282,Encounters Curtain,154,Meryl Gibson,4,28,Elenco Estándar,Actor Promedio
282,Encounters Curtain,139,Ewan Gooding,4,33,Elenco Estándar,Actor Muy Prolífico
282,Encounters Curtain,49,Anne Cronyn,4,27,Elenco Estándar,Actor Promedio
282,Encounters Curtain,29,Alec Wayne,4,29,Elenco Estándar,Actor Promedio
283,Ending Crowds,11,Zero Cage,5,25,Elenco Estándar,Actor Promedio
283,Ending Crowds,36,Burt Dukakis,5,29,Elenco Estándar,Actor Promedio
283,Ending Crowds,66,Mary Tandy,5,31,Elenco Estándar,Actor Muy Prolífico
283,Ending Crowds,105,Sidney Crowe,5,34,Elenco Estándar,Actor Muy Prolífico
283,Ending Crowds,163,Christopher West,5,21,Elenco Estándar,Actor Promedio
284,Enemy Odds,121,Liza Bergman,4,25,Elenco Estándar,Actor Promedio
284,Enemy Odds,139,Ewan Gooding,4,33,Elenco Estándar,Actor Muy Prolífico
284,Enemy Odds,196,Bela Walken,4,30,Elenco Estándar,Actor Promedio
284,Enemy Odds,14,Vivien Bergen,4,30,Elenco Estándar,Actor Promedio
285,English Bulworth,54,Penelope Pinkett,5,25,Elenco Estándar,Actor Promedio
285,English Bulworth,53,Mena Temple,5,30,Elenco Estándar,Actor Promedio
285,English Bulworth,103,Matthew Leigh,5,30,Elenco Estándar,Actor Promedio
285,English Bulworth,150,Jayne Nolte,5,34,Elenco Estándar,Actor Muy Prolífico
285,English Bulworth,156,Fay Wood,5,22,Elenco Estándar,Actor Promedio
286,Enough Raging,185,Michael Bolger,9,30,Elenco Estándar,Actor Promedio
286,Enough Raging,133,Richard Penn,9,30,Elenco Estándar,Actor Promedio
286,Enough Raging,165,Al Garland,9,26,Elenco Estándar,Actor Promedio
286,Enough Raging,181,Matthew Carrey,9,39,Elenco Estándar,Actor Muy Prolífico
286,Enough Raging,123,Julianne Dench,9,32,Elenco Estándar,Actor Muy Prolífico
286,Enough Raging,127,Kevin Garland,9,33,Elenco Estándar,Actor Muy Prolífico
286,Enough Raging,30,Sandra Peck,9,19,Elenco Estándar,Actor Promedio
286,Enough Raging,72,Sean Williams,9,26,Elenco Estándar,Actor Promedio
286,Enough Raging,5,Johnny Lollobrigida,9,29,Elenco Estándar,Actor Promedio
287,Entrapment Satisfaction,16,Fred Costner,4,27,Elenco Estándar,Actor Promedio
287,Entrapment Satisfaction,28,Woody Hoffman,4,31,Elenco Estándar,Actor Muy Prolífico
287,Entrapment Satisfaction,48,Frances Day-Lewis,4,26,Elenco Estándar,Actor Promedio
287,Entrapment Satisfaction,104,Penelope Cronyn,4,31,Elenco Estándar,Actor Muy Prolífico
288,Escape Metropolis,126,Frances Tomei,4,23,Elenco Estándar,Actor Promedio
288,Escape Metropolis,136,Ed Mansfield,4,32,Elenco Estándar,Actor Muy Prolífico
288,Escape Metropolis,50,Natalie Hopkins,4,32,Elenco Estándar,Actor Muy Prolífico
288,Escape Metropolis,5,Johnny Lollobrigida,4,29,Elenco Estándar,Actor Promedio
289,Eve Resurrection,3,Ed Chase,6,22,Elenco Estándar,Actor Promedio
289,Eve Resurrection,101,Susan Davis,6,33,Elenco Estándar,Actor Muy Prolífico
289,Eve Resurrection,169,Kenneth Hoffman,6,29,Elenco Estándar,Actor Promedio
289,Eve Resurrection,188,Rock Dukakis,6,30,Elenco Estándar,Actor Promedio
289,Eve Resurrection,177,Gene Mckellen,6,27,Elenco Estándar,Actor Promedio
289,Eve Resurrection,124,Scarlett Bening,6,26,Elenco Estándar,Actor Promedio
290,Everyone Craft,85,Minnie Zellweger,5,31,Elenco Estándar,Actor Muy Prolífico
290,Everyone Craft,70,Michelle Mcconaughey,5,23,Elenco Estándar,Actor Promedio
290,Everyone Craft,84,James Pitt,5,31,Elenco Estándar,Actor Muy Prolífico
290,Everyone Craft,82,Woody Jolie,5,31,Elenco Estándar,Actor Muy Prolífico
290,Everyone Craft,39,Goldie Brody,5,28,Elenco Estándar,Actor Promedio
291,Evolution Alter,22,Elvis Marx,6,26,Elenco Estándar,Actor Promedio
291,Evolution Alter,64,Ray Johansson,6,30,Elenco Estándar,Actor Promedio
291,Evolution Alter,157,Greta Malden,6,32,Elenco Estándar,Actor Muy Prolífico
291,Evolution Alter,144,Angela Witherspoon,6,35,Elenco Estándar,Actor Muy Prolífico
291,Evolution Alter,179,Ed Guiness,6,29,Elenco Estándar,Actor Promedio
291,Evolution Alter,193,Burt Temple,6,23,Elenco Estándar,Actor Promedio
292,Excitement Eve,30,Sandra Peck,8,19,Elenco Estándar,Actor Promedio
292,Excitement Eve,14,Vivien Bergen,8,30,Elenco Estándar,Actor Promedio
292,Excitement Eve,69,Kenneth Paltrow,8,21,Elenco Estándar,Actor Promedio
292,Excitement Eve,54,Penelope Pinkett,8,25,Elenco Estándar,Actor Promedio
292,Excitement Eve,7,Grace Mostel,8,30,Elenco Estándar,Actor Promedio
292,Excitement Eve,107,Gina Degeneres,8,42,Elenco Estándar,Actor Muy Prolífico
292,Excitement Eve,110,Susan Davis,8,21,Elenco Estándar,Actor Promedio
292,Excitement Eve,113,Morgan Hopkins,8,27,Elenco Estándar,Actor Promedio
293,Exorcist Sting,145,Kim Allen,5,28,Elenco Estándar,Actor Promedio
293,Exorcist Sting,144,Angela Witherspoon,5,35,Elenco Estándar,Actor Muy Prolífico
293,Exorcist Sting,158,Vivien Basinger,5,35,Elenco Estándar,Actor Muy Prolífico
293,Exorcist Sting,191,Gregory Gooding,5,30,Elenco Estándar,Actor Promedio
293,Exorcist Sting,39,Goldie Brody,5,28,Elenco Estándar,Actor Promedio
294,Expecations Natural,95,Daryl Wahlberg,3,31,Elenco Estándar,Actor Muy Prolífico
294,Expecations Natural,22,Elvis Marx,3,26,Elenco Estándar,Actor Promedio
294,Expecations Natural,167,Laurence Bullock,3,26,Elenco Estándar,Actor Promedio
295,Expendable Stallion,147,Fay Winslet,4,31,Elenco Estándar,Actor Muy Prolífico
295,Expendable Stallion,59,Dustin Tautou,4,27,Elenco Estándar,Actor Promedio
295,Expendable Stallion,62,Jayne Neeson,4,29,Elenco Estándar,Actor Promedio
295,Expendable Stallion,48,Frances Day-Lewis,4,26,Elenco Estándar,Actor Promedio
296,Express Lonely,29,Alec Wayne,8,29,Elenco Estándar,Actor Promedio
296,Express Lonely,68,Rip Winslet,8,30,Elenco Estándar,Actor Promedio
296,Express Lonely,85,Minnie Zellweger,8,31,Elenco Estándar,Actor Muy Prolífico
296,Express Lonely,46,Parker Goldberg,8,24,Elenco Estándar,Actor Promedio
296,Express Lonely,72,Sean Williams,8,26,Elenco Estándar,Actor Promedio
296,Express Lonely,146,Albert Johansson,8,33,Elenco Estándar,Actor Muy Prolífico
296,Express Lonely,171,Olympia Pfeiffer,8,28,Elenco Estándar,Actor Promedio
296,Express Lonely,191,Gregory Gooding,8,30,Elenco Estándar,Actor Promedio
297,Extraordinary Conquerer,85,Minnie Zellweger,7,31,Elenco Estándar,Actor Muy Prolífico
297,Extraordinary Conquerer,98,Chris Bridges,7,27,Elenco Estándar,Actor Promedio
297,Extraordinary Conquerer,60,Henry Berry,7,35,Elenco Estándar,Actor Muy Prolífico
297,Extraordinary Conquerer,156,Fay Wood,7,22,Elenco Estándar,Actor Promedio
297,Extraordinary Conquerer,166,Nick Degeneres,7,22,Elenco Estándar,Actor Promedio
297,Extraordinary Conquerer,187,Renee Ball,7,33,Elenco Estándar,Actor Muy Prolífico
297,Extraordinary Conquerer,121,Liza Bergman,7,25,Elenco Estándar,Actor Promedio
298,Eyes Driving,174,Michael Bening,5,24,Elenco Estándar,Actor Promedio
298,Eyes Driving,117,Renee Tracy,5,33,Elenco Estándar,Actor Muy Prolífico
298,Eyes Driving,147,Fay Winslet,5,31,Elenco Estándar,Actor Muy Prolífico
298,Eyes Driving,195,Jayne Silverstone,5,27,Elenco Estándar,Actor Promedio
298,Eyes Driving,56,Dan Harris,5,28,Elenco Estándar,Actor Promedio
299,Factory Dragon,31,Sissy Sobieski,6,18,Elenco Estándar,Actor Promedio
299,Factory Dragon,60,Henry Berry,6,35,Elenco Estándar,Actor Muy Prolífico
299,Factory Dragon,79,Mae Hoffman,6,28,Elenco Estándar,Actor Promedio
299,Factory Dragon,154,Meryl Gibson,6,28,Elenco Estándar,Actor Promedio
299,Factory Dragon,170,Mena Hopper,6,24,Elenco Estándar,Actor Promedio
299,Factory Dragon,128,Cate Mcqueen,6,30,Elenco Estándar,Actor Promedio
300,Falcon Volume,122,Salma Nolte,4,25,Elenco Estándar,Actor Promedio
300,Falcon Volume,136,Ed Mansfield,4,32,Elenco Estándar,Actor Muy Prolífico
300,Falcon Volume,66,Mary Tandy,4,31,Elenco Estándar,Actor Muy Prolífico
300,Falcon Volume,69,Kenneth Paltrow,4,21,Elenco Estándar,Actor Promedio
301,Family Sweet,30,Sandra Peck,9,19,Elenco Estándar,Actor Promedio
301,Family Sweet,95,Daryl Wahlberg,9,31,Elenco Estándar,Actor Muy Prolífico
301,Family Sweet,54,Penelope Pinkett,9,25,Elenco Estándar,Actor Promedio
301,Family Sweet,78,Groucho Sinatra,9,26,Elenco Estándar,Actor Promedio
301,Family Sweet,75,Burt Posey,9,24,Elenco Estándar,Actor Promedio
301,Family Sweet,156,Fay Wood,9,22,Elenco Estándar,Actor Promedio
301,Family Sweet,182,Debbie Akroyd,9,24,Elenco Estándar,Actor Promedio
301,Family Sweet,169,Kenneth Hoffman,9,29,Elenco Estándar,Actor Promedio
301,Family Sweet,181,Matthew Carrey,9,39,Elenco Estándar,Actor Muy Prolífico
302,Fantasia Park,108,Warren Nolte,3,34,Elenco Estándar,Actor Muy Prolífico
302,Fantasia Park,115,Harrison Bale,3,28,Elenco Estándar,Actor Promedio
302,Fantasia Park,172,Groucho Williams,3,25,Elenco Estándar,Actor Promedio
303,Fantasy Troopers,176,Jon Chase,9,29,Elenco Estándar,Actor Promedio
303,Fantasy Troopers,157,Greta Malden,9,32,Elenco Estándar,Actor Muy Prolífico
303,Fantasy Troopers,163,Christopher West,9,21,Elenco Estándar,Actor Promedio
303,Fantasy Troopers,155,Ian Tandy,9,31,Elenco Estándar,Actor Muy Prolífico
303,Fantasy Troopers,90,Sean Guiness,9,33,Elenco Estándar,Actor Muy Prolífico
303,Fantasy Troopers,50,Natalie Hopkins,9,32,Elenco Estándar,Actor Muy Prolífico
303,Fantasy Troopers,86,Greg Chaplin,9,27,Elenco Estándar,Actor Promedio
303,Fantasy Troopers,196,Bela Walken,9,30,Elenco Estándar,Actor Promedio
303,Fantasy Troopers,198,Mary Keitel,9,40,Elenco Estándar,Actor Muy Prolífico
304,Fargo Gandhi,163,Christopher West,5,21,Elenco Estándar,Actor Promedio
304,Fargo Gandhi,137,Morgan Williams,5,27,Elenco Estándar,Actor Promedio
304,Fargo Gandhi,88,Kenneth Pesci,5,20,Elenco Estándar,Actor Promedio
304,Fargo Gandhi,81,Scarlett Damon,5,36,Elenco Estándar,Actor Muy Prolífico
304,Fargo Gandhi,70,Michelle Mcconaughey,5,23,Elenco Estándar,Actor Promedio
305,Fatal Haunted,41,Jodie Degeneres,6,29,Elenco Estándar,Actor Promedio
305,Fatal Haunted,33,Milla Peck,6,24,Elenco Estándar,Actor Promedio
305,Fatal Haunted,65,Angela Hudson,6,34,Elenco Estándar,Actor Muy Prolífico
305,Fatal Haunted,114,Morgan Mcdormand,6,25,Elenco Estándar,Actor Promedio
305,Fatal Haunted,147,Fay Winslet,6,31,Elenco Estándar,Actor Muy Prolífico
305,Fatal Haunted,168,Will Wilson,6,31,Elenco Estándar,Actor Muy Prolífico
306,Feathers Metal,124,Scarlett Bening,9,26,Elenco Estándar,Actor Promedio
306,Feathers Metal,150,Jayne Nolte,9,34,Elenco Estándar,Actor Muy Prolífico
306,Feathers Metal,166,Nick Degeneres,9,22,Elenco Estándar,Actor Promedio
306,Feathers Metal,33,Milla Peck,9,24,Elenco Estándar,Actor Promedio
306,Feathers Metal,82,Woody Jolie,9,31,Elenco Estándar,Actor Muy Prolífico
306,Feathers Metal,58,Christian Akroyd,9,32,Elenco Estándar,Actor Muy Prolífico
306,Feathers Metal,50,Natalie Hopkins,9,32,Elenco Estándar,Actor Muy Prolífico
306,Feathers Metal,69,Kenneth Paltrow,9,21,Elenco Estándar,Actor Promedio
306,Feathers Metal,89,Charlize Dench,9,24,Elenco Estándar,Actor Promedio
307,Fellowship Autumn,56,Dan Harris,7,28,Elenco Estándar,Actor Promedio
307,Fellowship Autumn,55,Fay Kilmer,7,20,Elenco Estándar,Actor Promedio
307,Fellowship Autumn,61,Christian Neeson,7,25,Elenco Estándar,Actor Promedio
307,Fellowship Autumn,64,Ray Johansson,7,30,Elenco Estándar,Actor Promedio
307,Fellowship Autumn,53,Mena Temple,7,30,Elenco Estándar,Actor Promedio
307,Fellowship Autumn,122,Salma Nolte,7,25,Elenco Estándar,Actor Promedio
307,Fellowship Autumn,163,Christopher West,7,21,Elenco Estándar,Actor Promedio
308,Ferris Mother,31,Sissy Sobieski,1,18,Elenco Estándar,Actor Promedio
309,Feud Frogmen,42,Tom Miranda,4,27,Elenco Estándar,Actor Promedio
309,Feud Frogmen,32,Tim Hackman,4,23,Elenco Estándar,Actor Promedio
309,Feud Frogmen,198,Mary Keitel,4,40,Elenco Estándar,Actor Muy Prolífico
309,Feud Frogmen,104,Penelope Cronyn,4,31,Elenco Estándar,Actor Muy Prolífico
310,Fever Empire,147,Fay Winslet,3,31,Elenco Estándar,Actor Muy Prolífico
310,Fever Empire,17,Helen Voight,3,32,Elenco Estándar,Actor Muy Prolífico
310,Fever Empire,190,Audrey Bailey,3,27,Elenco Estándar,Actor Promedio
311,Fiction Christmas,198,Mary Keitel,8,40,Elenco Estándar,Actor Muy Prolífico
311,Fiction Christmas,188,Rock Dukakis,8,30,Elenco Estándar,Actor Promedio
311,Fiction Christmas,181,Matthew Carrey,8,39,Elenco Estándar,Actor Muy Prolífico
311,Fiction Christmas,118,Cuba Allen,8,25,Elenco Estándar,Actor Promedio
311,Fiction Christmas,178,Lisa Monroe,8,23,Elenco Estándar,Actor Promedio
311,Fiction Christmas,132,Adam Hopper,8,22,Elenco Estándar,Actor Promedio
311,Fiction Christmas,25,Kevin Bloom,8,21,Elenco Estándar,Actor Promedio
311,Fiction Christmas,29,Alec Wayne,8,29,Elenco Estándar,Actor Promedio
312,Fiddler Lost,95,Daryl Wahlberg,11,31,Elenco Grande,Actor Muy Prolífico
312,Fiddler Lost,32,Tim Hackman,11,23,Elenco Grande,Actor Promedio
312,Fiddler Lost,87,Spencer Peck,11,21,Elenco Grande,Actor Promedio
312,Fiddler Lost,84,James Pitt,11,31,Elenco Grande,Actor Muy Prolífico
312,Fiddler Lost,97,Meg Hawke,11,27,Elenco Grande,Actor Promedio
312,Fiddler Lost,48,Frances Day-Lewis,11,26,Elenco Grande,Actor Promedio
312,Fiddler Lost,112,Russell Bacall,11,25,Elenco Grande,Actor Promedio
312,Fiddler Lost,128,Cate Mcqueen,11,30,Elenco Grande,Actor Promedio
312,Fiddler Lost,144,Angela Witherspoon,11,35,Elenco Grande,Actor Muy Prolífico
312,Fiddler Lost,124,Scarlett Bening,11,26,Elenco Grande,Actor Promedio
312,Fiddler Lost,155,Ian Tandy,11,31,Elenco Grande,Actor Muy Prolífico
313,Fidelity Devil,183,Russell Close,4,19,Elenco Estándar,Actor Promedio
313,Fidelity Devil,104,Penelope Cronyn,4,31,Elenco Estándar,Actor Muy Prolífico
313,Fidelity Devil,173,Alan Dreyfuss,4,27,Elenco Estándar,Actor Promedio
313,Fidelity Devil,17,Helen Voight,4,32,Elenco Estándar,Actor Muy Prolífico
314,Fight Jawbreaker,2,Nick Wahlberg,3,25,Elenco Estándar,Actor Promedio
314,Fight Jawbreaker,154,Meryl Gibson,3,28,Elenco Estándar,Actor Promedio
314,Fight Jawbreaker,146,Albert Johansson,3,33,Elenco Estándar,Actor Muy Prolífico
315,Finding Anaconda,103,Matthew Leigh,5,30,Elenco Estándar,Actor Promedio
315,Finding Anaconda,189,Cuba Birch,5,24,Elenco Estándar,Actor Promedio
315,Finding Anaconda,105,Sidney Crowe,5,34,Elenco Estándar,Actor Muy Prolífico
315,Finding Anaconda,68,Rip Winslet,5,30,Elenco Estándar,Actor Promedio
315,Finding Anaconda,48,Frances Day-Lewis,5,26,Elenco Estándar,Actor Promedio
316,Fire Wolves,58,Christian Akroyd,5,32,Elenco Estándar,Actor Muy Prolífico
316,Fire Wolves,82,Woody Jolie,5,31,Elenco Estándar,Actor Muy Prolífico
316,Fire Wolves,5,Johnny Lollobrigida,5,29,Elenco Estándar,Actor Promedio
316,Fire Wolves,117,Renee Tracy,5,33,Elenco Estándar,Actor Muy Prolífico
316,Fire Wolves,143,River Dean,5,31,Elenco Estándar,Actor Muy Prolífico
317,Fireball Philadelphia,126,Frances Tomei,5,23,Elenco Estándar,Actor Promedio
317,Fireball Philadelphia,37,Val Bolger,5,35,Elenco Estándar,Actor Muy Prolífico
317,Fireball Philadelphia,57,Jude Cruise,5,30,Elenco Estándar,Actor Promedio
317,Fireball Philadelphia,84,James Pitt,5,31,Elenco Estándar,Actor Muy Prolífico
317,Fireball Philadelphia,71,Adam Grant,5,18,Elenco Estándar,Actor Promedio
318,Firehouse Vietnam,30,Sandra Peck,5,19,Elenco Estándar,Actor Promedio
318,Firehouse Vietnam,171,Olympia Pfeiffer,5,28,Elenco Estándar,Actor Promedio
318,Firehouse Vietnam,147,Fay Winslet,5,31,Elenco Estándar,Actor Muy Prolífico
318,Firehouse Vietnam,103,Matthew Leigh,5,30,Elenco Estándar,Actor Promedio
318,Firehouse Vietnam,152,Ben Harris,5,23,Elenco Estándar,Actor Promedio
319,Fish Opus,167,Laurence Bullock,2,26,Elenco Estándar,Actor Promedio
319,Fish Opus,46,Parker Goldberg,2,24,Elenco Estándar,Actor Promedio
320,Flamingos Connecticut,96,Gene Willis,9,23,Elenco Estándar,Actor Promedio
320,Flamingos Connecticut,39,Goldie Brody,9,28,Elenco Estándar,Actor Promedio
320,Flamingos Connecticut,42,Tom Miranda,9,27,Elenco Estándar,Actor Promedio
320,Flamingos Connecticut,94,Kenneth Torn,9,33,Elenco Estándar,Actor Muy Prolífico
320,Flamingos Connecticut,55,Fay Kilmer,9,20,Elenco Estándar,Actor Promedio
320,Flamingos Connecticut,176,Jon Chase,9,29,Elenco Estándar,Actor Promedio
320,Flamingos Connecticut,131,Jane Jackman,9,25,Elenco Estándar,Actor Promedio
320,Flamingos Connecticut,146,Albert Johansson,9,33,Elenco Estándar,Actor Muy Prolífico
320,Flamingos Connecticut,135,Rita Reynolds,9,20,Elenco Estándar,Actor Promedio
321,Flash Wars,157,Greta Malden,7,32,Elenco Estándar,Actor Muy Prolífico
321,Flash Wars,30,Sandra Peck,7,19,Elenco Estándar,Actor Promedio
321,Flash Wars,18,Dan Torn,7,22,Elenco Estándar,Actor Promedio
321,Flash Wars,21,Kirsten Paltrow,7,27,Elenco Estándar,Actor Promedio
321,Flash Wars,8,Matthew Johansson,7,20,Elenco Estándar,Actor Promedio
321,Flash Wars,74,Milla Keitel,7,28,Elenco Estándar,Actor Promedio
321,Flash Wars,2,Nick Wahlberg,7,25,Elenco Estándar,Actor Promedio
322,Flatliners Killer,44,Nick Stallone,9,30,Elenco Estándar,Actor Promedio
322,Flatliners Killer,73,Gary Penn,9,26,Elenco Estándar,Actor Promedio
322,Flatliners Killer,94,Kenneth Torn,9,33,Elenco Estándar,Actor Muy Prolífico
322,Flatliners Killer,124,Scarlett Bening,9,26,Elenco Estándar,Actor Promedio
322,Flatliners Killer,99,Jim Mostel,9,26,Elenco Estándar,Actor Promedio
322,Flatliners Killer,170,Mena Hopper,9,24,Elenco Estándar,Actor Promedio
322,Flatliners Killer,188,Rock Dukakis,9,30,Elenco Estándar,Actor Promedio
322,Flatliners Killer,113,Morgan Hopkins,9,27,Elenco Estándar,Actor Promedio
322,Flatliners Killer,112,Russell Bacall,9,25,Elenco Estándar,Actor Promedio
324,Flintstones Happiness,164,Humphrey Willis,4,26,Elenco Estándar,Actor Promedio
324,Flintstones Happiness,125,Albert Nolte,4,31,Elenco Estándar,Actor Muy Prolífico
324,Flintstones Happiness,182,Debbie Akroyd,4,24,Elenco Estándar,Actor Promedio
324,Flintstones Happiness,196,Bela Walken,4,30,Elenco Estándar,Actor Promedio
325,Floats Garden,111,Cameron Zellweger,5,33,Elenco Estándar,Actor Muy Prolífico
325,Floats Garden,99,Jim Mostel,5,26,Elenco Estándar,Actor Promedio
325,Floats Garden,72,Sean Williams,5,26,Elenco Estándar,Actor Promedio
325,Floats Garden,68,Rip Winslet,5,30,Elenco Estándar,Actor Promedio
325,Floats Garden,93,Ellen Presley,5,25,Elenco Estándar,Actor Promedio
326,Flying Hook,40,Johnny Cage,8,29,Elenco Estándar,Actor Promedio
326,Flying Hook,15,Cuba Olivier,8,28,Elenco Estándar,Actor Promedio
326,Flying Hook,102,Walter Torn,8,41,Elenco Estándar,Actor Muy Prolífico
326,Flying Hook,128,Cate Mcqueen,8,30,Elenco Estándar,Actor Promedio
326,Flying Hook,169,Kenneth Hoffman,8,29,Elenco Estándar,Actor Promedio
326,Flying Hook,130,Greta Keitel,8,27,Elenco Estándar,Actor Promedio
326,Flying Hook,157,Greta Malden,8,32,Elenco Estándar,Actor Muy Prolífico
326,Flying Hook,166,Nick Degeneres,8,22,Elenco Estándar,Actor Promedio
327,Fool Mockingbird,26,Rip Crawford,2,33,Elenco Estándar,Actor Muy Prolífico
327,Fool Mockingbird,50,Natalie Hopkins,2,32,Elenco Estándar,Actor Muy Prolífico
328,Forever Candidate,142,Jada Ryder,1,31,Elenco Estándar,Actor Muy Prolífico
329,Forrest Sons,102,Walter Torn,5,41,Elenco Estándar,Actor Muy Prolífico
329,Forrest Sons,198,Mary Keitel,5,40,Elenco Estándar,Actor Muy Prolífico
329,Forrest Sons,3,Ed Chase,5,22,Elenco Estándar,Actor Promedio
329,Forrest Sons,26,Rip Crawford,5,33,Elenco Estándar,Actor Muy Prolífico
329,Forrest Sons,95,Daryl Wahlberg,5,31,Elenco Estándar,Actor Muy Prolífico
330,Forrester Comancheros,45,Reese Kilmer,3,32,Elenco Estándar,Actor Muy Prolífico
330,Forrester Comancheros,43,Kirk Jovovich,3,26,Elenco Estándar,Actor Promedio
330,Forrester Comancheros,90,Sean Guiness,3,33,Elenco Estándar,Actor Muy Prolífico
331,Forward Temple,72,Sean Williams,3,26,Elenco Estándar,Actor Promedio
331,Forward Temple,86,Greg Chaplin,3,27,Elenco Estándar,Actor Promedio
331,Forward Temple,68,Rip Winslet,3,30,Elenco Estándar,Actor Promedio
332,Frankenstein Stranger,81,Scarlett Damon,2,36,Elenco Estándar,Actor Muy Prolífico
332,Frankenstein Stranger,152,Ben Harris,2,23,Elenco Estándar,Actor Promedio
333,Freaky Pocus,105,Sidney Crowe,5,34,Elenco Estándar,Actor Muy Prolífico
333,Freaky Pocus,147,Fay Winslet,5,31,Elenco Estándar,Actor Muy Prolífico
333,Freaky Pocus,103,Matthew Leigh,5,30,Elenco Estándar,Actor Promedio
333,Freaky Pocus,127,Kevin Garland,5,33,Elenco Estándar,Actor Muy Prolífico
333,Freaky Pocus,42,Tom Miranda,5,27,Elenco Estándar,Actor Promedio
334,Freddy Storm,60,Henry Berry,3,35,Elenco Estándar,Actor Muy Prolífico
334,Freddy Storm,27,Julia Mcqueen,3,33,Elenco Estándar,Actor Muy Prolífico
334,Freddy Storm,102,Walter Torn,3,41,Elenco Estándar,Actor Muy Prolífico
335,Freedom Cleopatra,64,Ray Johansson,5,30,Elenco Estándar,Actor Promedio
335,Freedom Cleopatra,38,Tom Mckellen,5,25,Elenco Estándar,Actor Promedio
335,Freedom Cleopatra,29,Alec Wayne,5,29,Elenco Estándar,Actor Promedio
335,Freedom Cleopatra,24,Cameron Streep,5,24,Elenco Estándar,Actor Promedio
335,Freedom Cleopatra,91,Christopher Berry,5,20,Elenco Estándar,Actor Promedio
336,French Holiday,41,Jodie Degeneres,7,29,Elenco Estándar,Actor Promedio
336,French Holiday,3,Ed Chase,7,22,Elenco Estándar,Actor Promedio
336,French Holiday,34,Audrey Olivier,7,25,Elenco Estándar,Actor Promedio
336,French Holiday,128,Cate Mcqueen,7,30,Elenco Estándar,Actor Promedio
336,French Holiday,168,Will Wilson,7,31,Elenco Estándar,Actor Muy Prolífico
336,French Holiday,184,Humphrey Garland,7,29,Elenco Estándar,Actor Promedio
336,French Holiday,116,Dan Streep,7,24,Elenco Estándar,Actor Promedio
337,Frida Slipper,117,Renee Tracy,5,33,Elenco Estándar,Actor Muy Prolífico
337,Frida Slipper,62,Jayne Neeson,5,29,Elenco Estándar,Actor Promedio
337,Frida Slipper,85,Minnie Zellweger,5,31,Elenco Estándar,Actor Muy Prolífico
337,Frida Slipper,13,Uma Wood,5,35,Elenco Estándar,Actor Muy Prolífico
337,Frida Slipper,94,Kenneth Torn,5,33,Elenco Estándar,Actor Muy Prolífico
338,Frisco Forrest,38,Tom Mckellen,9,25,Elenco Estándar,Actor Promedio
338,Frisco Forrest,92,Kirsten Akroyd,9,34,Elenco Estándar,Actor Muy Prolífico
338,Frisco Forrest,65,Angela Hudson,9,34,Elenco Estándar,Actor Muy Prolífico
338,Frisco Forrest,107,Gina Degeneres,9,42,Elenco Estándar,Actor Muy Prolífico
338,Frisco Forrest,121,Liza Bergman,9,25,Elenco Estándar,Actor Promedio
338,Frisco Forrest,188,Rock Dukakis,9,30,Elenco Estándar,Actor Promedio
338,Frisco Forrest,125,Albert Nolte,9,31,Elenco Estándar,Actor Muy Prolífico
338,Frisco Forrest,133,Richard Penn,9,30,Elenco Estándar,Actor Promedio
338,Frisco Forrest,116,Dan Streep,9,24,Elenco Estándar,Actor Promedio
339,Frogmen Breaking,149,Russell Temple,6,31,Elenco Estándar,Actor Muy Prolífico
339,Frogmen Breaking,143,River Dean,6,31,Elenco Estándar,Actor Muy Prolífico
339,Frogmen Breaking,114,Morgan Mcdormand,6,25,Elenco Estándar,Actor Promedio
339,Frogmen Breaking,167,Laurence Bullock,6,26,Elenco Estándar,Actor Promedio
339,Frogmen Breaking,83,Ben Willis,6,33,Elenco Estándar,Actor Muy Prolífico
339,Frogmen Breaking,93,Ellen Presley,6,25,Elenco Estándar,Actor Promedio
340,Frontier Cabin,57,Jude Cruise,6,30,Elenco Estándar,Actor Promedio
340,Frontier Cabin,55,Fay Kilmer,6,20,Elenco Estándar,Actor Promedio
340,Frontier Cabin,26,Rip Crawford,6,33,Elenco Estándar,Actor Muy Prolífico
340,Frontier Cabin,83,Ben Willis,6,33,Elenco Estándar,Actor Muy Prolífico
340,Frontier Cabin,5,Johnny Lollobrigida,6,29,Elenco Estándar,Actor Promedio
340,Frontier Cabin,161,Harvey Hope,6,32,Elenco Estándar,Actor Muy Prolífico
341,Frost Head,141,Cate Harris,7,28,Elenco Estándar,Actor Promedio
341,Frost Head,134,Gene Hopkins,7,22,Elenco Estándar,Actor Promedio
341,Frost Head,147,Fay Winslet,7,31,Elenco Estándar,Actor Muy Prolífico
341,Frost Head,167,Laurence Bullock,7,26,Elenco Estándar,Actor Promedio
341,Frost Head,80,Ralph Cruz,7,28,Elenco Estándar,Actor Promedio
341,Frost Head,3,Ed Chase,7,22,Elenco Estándar,Actor Promedio
341,Frost Head,52,Carmen Hunt,7,26,Elenco Estándar,Actor Promedio
342,Fugitive Maguire,80,Ralph Cruz,11,28,Elenco Grande,Actor Promedio
342,Fugitive Maguire,15,Cuba Olivier,11,28,Elenco Grande,Actor Promedio
342,Fugitive Maguire,89,Charlize Dench,11,24,Elenco Grande,Actor Promedio
342,Fugitive Maguire,29,Alec Wayne,11,29,Elenco Grande,Actor Promedio
342,Fugitive Maguire,97,Meg Hawke,11,27,Elenco Grande,Actor Promedio
342,Fugitive Maguire,66,Mary Tandy,11,31,Elenco Grande,Actor Muy Prolífico
342,Fugitive Maguire,171,Olympia Pfeiffer,11,28,Elenco Grande,Actor Promedio
342,Fugitive Maguire,133,Richard Penn,11,30,Elenco Grande,Actor Promedio
342,Fugitive Maguire,151,Geoffrey Heston,11,26,Elenco Grande,Actor Promedio
342,Fugitive Maguire,159,Laura Brody,11,26,Elenco Grande,Actor Promedio
342,Fugitive Maguire,148,Emily Dee,11,14,Elenco Grande,Actor Promedio
343,Full Flatliners,159,Laura Brody,6,26,Elenco Estándar,Actor Promedio
343,Full Flatliners,110,Susan Davis,6,21,Elenco Estándar,Actor Promedio
343,Full Flatliners,124,Scarlett Bening,6,26,Elenco Estándar,Actor Promedio
343,Full Flatliners,70,Michelle Mcconaughey,6,23,Elenco Estándar,Actor Promedio
343,Full Flatliners,80,Ralph Cruz,6,28,Elenco Estándar,Actor Promedio
343,Full Flatliners,77,Cary Mcconaughey,6,24,Elenco Estándar,Actor Promedio
344,Fury Murder,12,Karl Berry,4,31,Elenco Estándar,Actor Muy Prolífico
344,Fury Murder,82,Woody Jolie,4,31,Elenco Estándar,Actor Muy Prolífico
344,Fury Murder,43,Kirk Jovovich,4,26,Elenco Estándar,Actor Promedio
344,Fury Murder,159,Laura Brody,4,26,Elenco Estándar,Actor Promedio
345,Gables Metropolis,128,Cate Mcqueen,8,30,Elenco Estándar,Actor Promedio
345,Gables Metropolis,106,Groucho Dunst,8,35,Elenco Estándar,Actor Muy Prolífico
345,Gables Metropolis,132,Adam Hopper,8,22,Elenco Estándar,Actor Promedio
345,Gables Metropolis,172,Groucho Williams,8,25,Elenco Estándar,Actor Promedio
345,Gables Metropolis,26,Rip Crawford,8,33,Elenco Estándar,Actor Muy Prolífico
345,Gables Metropolis,64,Ray Johansson,8,30,Elenco Estándar,Actor Promedio
345,Gables Metropolis,16,Fred Costner,8,27,Elenco Estándar,Actor Promedio
345,Gables Metropolis,48,Frances Day-Lewis,8,26,Elenco Estándar,Actor Promedio
346,Galaxy Sweethearts,13,Uma Wood,3,35,Elenco Estándar,Actor Muy Prolífico
346,Galaxy Sweethearts,182,Debbie Akroyd,3,24,Elenco Estándar,Actor Promedio
346,Galaxy Sweethearts,200,Thora Temple,3,20,Elenco Estándar,Actor Promedio
347,Games Bowfinger,198,Mary Keitel,8,40,Elenco Estándar,Actor Muy Prolífico
347,Games Bowfinger,65,Angela Hudson,8,34,Elenco Estándar,Actor Muy Prolífico
347,Games Bowfinger,27,Julia Mcqueen,8,33,Elenco Estándar,Actor Muy Prolífico
347,Games Bowfinger,68,Rip Winslet,8,30,Elenco Estándar,Actor Promedio
347,Games Bowfinger,75,Burt Posey,8,24,Elenco Estándar,Actor Promedio
347,Games Bowfinger,126,Frances Tomei,8,23,Elenco Estándar,Actor Promedio
347,Games Bowfinger,103,Matthew Leigh,8,30,Elenco Estándar,Actor Promedio
347,Games Bowfinger,164,Humphrey Willis,8,26,Elenco Estándar,Actor Promedio
348,Gandhi Kwai,107,Gina Degeneres,8,42,Elenco Estándar,Actor Muy Prolífico
348,Gandhi Kwai,129,Daryl Crawford,8,30,Elenco Estándar,Actor Promedio
348,Gandhi Kwai,97,Meg Hawke,8,27,Elenco Estándar,Actor Promedio
348,Gandhi Kwai,54,Penelope Pinkett,8,25,Elenco Estándar,Actor Promedio
348,Gandhi Kwai,76,Angelina Astaire,8,31,Elenco Estándar,Actor Muy Prolífico
348,Gandhi Kwai,49,Anne Cronyn,8,27,Elenco Estándar,Actor Promedio
348,Gandhi Kwai,20,Lucille Tracy,8,30,Elenco Estándar,Actor Promedio
348,Gandhi Kwai,11,Zero Cage,8,25,Elenco Estándar,Actor Promedio
349,Gangs Pride,22,Elvis Marx,4,26,Elenco Estándar,Actor Promedio
349,Gangs Pride,48,Frances Day-Lewis,4,26,Elenco Estándar,Actor Promedio
349,Gangs Pride,169,Kenneth Hoffman,4,29,Elenco Estándar,Actor Promedio
349,Gangs Pride,156,Fay Wood,4,22,Elenco Estándar,Actor Promedio
350,Garden Island,108,Warren Nolte,3,34,Elenco Estándar,Actor Muy Prolífico
350,Garden Island,142,Jada Ryder,3,31,Elenco Estándar,Actor Muy Prolífico
350,Garden Island,66,Mary Tandy,3,31,Elenco Estándar,Actor Muy Prolífico
351,Gaslight Crusade,7,Grace Mostel,5,30,Elenco Estándar,Actor Promedio
351,Gaslight Crusade,47,Julia Barrymore,5,24,Elenco Estándar,Actor Promedio
351,Gaslight Crusade,102,Walter Torn,5,41,Elenco Estándar,Actor Muy Prolífico
351,Gaslight Crusade,147,Fay Winslet,5,31,Elenco Estándar,Actor Muy Prolífico
351,Gaslight Crusade,133,Richard Penn,5,30,Elenco Estándar,Actor Promedio
352,Gathering Calendar,174,Michael Bening,3,24,Elenco Estándar,Actor Promedio
352,Gathering Calendar,193,Burt Temple,3,23,Elenco Estándar,Actor Promedio
352,Gathering Calendar,194,Meryl Allen,3,22,Elenco Estándar,Actor Promedio
353,Gentlemen Stage,121,Liza Bergman,8,25,Elenco Estándar,Actor Promedio
353,Gentlemen Stage,161,Harvey Hope,8,32,Elenco Estándar,Actor Muy Prolífico
353,Gentlemen Stage,135,Rita Reynolds,8,20,Elenco Estándar,Actor Promedio
353,Gentlemen Stage,179,Ed Guiness,8,29,Elenco Estándar,Actor Promedio
353,Gentlemen Stage,113,Morgan Hopkins,8,27,Elenco Estándar,Actor Promedio
353,Gentlemen Stage,157,Greta Malden,8,32,Elenco Estándar,Actor Muy Prolífico
353,Gentlemen Stage,95,Daryl Wahlberg,8,31,Elenco Estándar,Actor Muy Prolífico
353,Gentlemen Stage,38,Tom Mckellen,8,25,Elenco Estándar,Actor Promedio
354,Ghost Groundhog,56,Dan Harris,5,28,Elenco Estándar,Actor Promedio
354,Ghost Groundhog,94,Kenneth Torn,5,33,Elenco Estándar,Actor Muy Prolífico
354,Ghost Groundhog,127,Kevin Garland,5,33,Elenco Estándar,Actor Muy Prolífico
354,Ghost Groundhog,149,Russell Temple,5,31,Elenco Estándar,Actor Muy Prolífico
354,Ghost Groundhog,187,Renee Ball,5,33,Elenco Estándar,Actor Muy Prolífico
355,Ghostbusters Elf,4,Jennifer Davis,1,22,Elenco Estándar,Actor Promedio
356,Giant Troopers,103,Matthew Leigh,1,30,Elenco Estándar,Actor Promedio
357,Gilbert Pelican,135,Rita Reynolds,4,20,Elenco Estándar,Actor Promedio
357,Gilbert Pelican,30,Sandra Peck,4,19,Elenco Estándar,Actor Promedio
357,Gilbert Pelican,2,Nick Wahlberg,4,25,Elenco Estándar,Actor Promedio
357,Gilbert Pelican,68,Rip Winslet,4,30,Elenco Estándar,Actor Promedio
358,Gilmore Boiled,28,Woody Hoffman,6,31,Elenco Estándar,Actor Muy Prolífico
358,Gilmore Boiled,53,Mena Temple,6,30,Elenco Estándar,Actor Promedio
358,Gilmore Boiled,97,Meg Hawke,6,27,Elenco Estándar,Actor Promedio
358,Gilmore Boiled,193,Burt Temple,6,23,Elenco Estándar,Actor Promedio
358,Gilmore Boiled,170,Mena Hopper,6,24,Elenco Estándar,Actor Promedio
358,Gilmore Boiled,141,Cate Harris,6,28,Elenco Estándar,Actor Promedio
359,Gladiator Westward,155,Ian Tandy,6,31,Elenco Estándar,Actor Muy Prolífico
359,Gladiator Westward,111,Cameron Zellweger,6,33,Elenco Estándar,Actor Muy Prolífico
359,Gladiator Westward,71,Adam Grant,6,18,Elenco Estándar,Actor Promedio
359,Gladiator Westward,27,Julia Mcqueen,6,33,Elenco Estándar,Actor Muy Prolífico
359,Gladiator Westward,43,Kirk Jovovich,6,26,Elenco Estándar,Actor Promedio
359,Gladiator Westward,195,Jayne Silverstone,6,27,Elenco Estándar,Actor Promedio
360,Glass Dying,110,Susan Davis,4,21,Elenco Estándar,Actor Promedio
360,Glass Dying,185,Michael Bolger,4,30,Elenco Estándar,Actor Promedio
360,Glass Dying,165,Al Garland,4,26,Elenco Estándar,Actor Promedio
360,Glass Dying,103,Matthew Leigh,4,30,Elenco Estándar,Actor Promedio
361,Gleaming Jawbreaker,143,River Dean,8,31,Elenco Estándar,Actor Muy Prolífico
361,Gleaming Jawbreaker,155,Ian Tandy,8,31,Elenco Estándar,Actor Muy Prolífico
361,Gleaming Jawbreaker,166,Nick Degeneres,8,22,Elenco Estándar,Actor Promedio
361,Gleaming Jawbreaker,125,Albert Nolte,8,31,Elenco Estándar,Actor Muy Prolífico
361,Gleaming Jawbreaker,192,John Suvari,8,29,Elenco Estándar,Actor Promedio
361,Gleaming Jawbreaker,195,Jayne Silverstone,8,27,Elenco Estándar,Actor Promedio
361,Gleaming Jawbreaker,1,Penelope Guiness,8,19,Elenco Estándar,Actor Promedio
361,Gleaming Jawbreaker,66,Mary Tandy,8,31,Elenco Estándar,Actor Muy Prolífico
362,Glory Tracy,80,Ralph Cruz,6,28,Elenco Estándar,Actor Promedio
362,Glory Tracy,61,Christian Neeson,6,25,Elenco Estándar,Actor Promedio
362,Glory Tracy,71,Adam Grant,6,18,Elenco Estándar,Actor Promedio
362,Glory Tracy,175,William Hackman,6,27,Elenco Estándar,Actor Promedio
362,Glory Tracy,182,Debbie Akroyd,6,24,Elenco Estándar,Actor Promedio
362,Glory Tracy,149,Russell Temple,6,31,Elenco Estándar,Actor Muy Prolífico
363,Go Purple,122,Salma Nolte,3,25,Elenco Estándar,Actor Promedio
363,Go Purple,177,Gene Mckellen,3,27,Elenco Estándar,Actor Promedio
363,Go Purple,90,Sean Guiness,3,33,Elenco Estándar,Actor Muy Prolífico
364,Godfather Diary,11,Zero Cage,6,25,Elenco Estándar,Actor Promedio
364,Godfather Diary,86,Greg Chaplin,6,27,Elenco Estándar,Actor Promedio
364,Godfather Diary,159,Laura Brody,6,26,Elenco Estándar,Actor Promedio
364,Godfather Diary,135,Rita Reynolds,6,20,Elenco Estándar,Actor Promedio
364,Godfather Diary,136,Ed Mansfield,6,32,Elenco Estándar,Actor Muy Prolífico
364,Godfather Diary,197,Reese West,6,33,Elenco Estándar,Actor Muy Prolífico
365,Gold River,106,Groucho Dunst,2,35,Elenco Estándar,Actor Muy Prolífico
365,Gold River,149,Russell Temple,2,31,Elenco Estándar,Actor Muy Prolífico
366,Goldfinger Sensibility,127,Kevin Garland,4,33,Elenco Estándar,Actor Muy Prolífico
366,Goldfinger Sensibility,166,Nick Degeneres,4,22,Elenco Estándar,Actor Promedio
366,Goldfinger Sensibility,20,Lucille Tracy,4,30,Elenco Estándar,Actor Promedio
366,Goldfinger Sensibility,10,Christian Gable,4,22,Elenco Estándar,Actor Promedio
367,Goldmine Tycoon,79,Mae Hoffman,7,28,Elenco Estándar,Actor Promedio
367,Goldmine Tycoon,23,Sandra Kilmer,7,37,Elenco Estándar,Actor Muy Prolífico
367,Goldmine Tycoon,164,Humphrey Willis,7,26,Elenco Estándar,Actor Promedio
367,Goldmine Tycoon,129,Daryl Crawford,7,30,Elenco Estándar,Actor Promedio
367,Goldmine Tycoon,125,Albert Nolte,7,31,Elenco Estándar,Actor Muy Prolífico
367,Goldmine Tycoon,151,Geoffrey Heston,7,26,Elenco Estándar,Actor Promedio
367,Goldmine Tycoon,192,John Suvari,7,29,Elenco Estándar,Actor Promedio
368,Gone Trouble,31,Sissy Sobieski,5,18,Elenco Estándar,Actor Promedio
368,Gone Trouble,172,Groucho Williams,5,25,Elenco Estándar,Actor Promedio
368,Gone Trouble,148,Emily Dee,5,14,Elenco Estándar,Actor Promedio
368,Gone Trouble,133,Richard Penn,5,30,Elenco Estándar,Actor Promedio
368,Gone Trouble,160,Chris Depp,5,20,Elenco Estándar,Actor Promedio
369,Goodfellas Salute,110,Susan Davis,8,21,Elenco Estándar,Actor Promedio
369,Goodfellas Salute,126,Frances Tomei,8,23,Elenco Estándar,Actor Promedio
369,Goodfellas Salute,107,Gina Degeneres,8,42,Elenco Estándar,Actor Muy Prolífico
369,Goodfellas Salute,197,Reese West,8,33,Elenco Estándar,Actor Muy Prolífico
369,Goodfellas Salute,22,Elvis Marx,8,26,Elenco Estándar,Actor Promedio
369,Goodfellas Salute,83,Ben Willis,8,33,Elenco Estándar,Actor Muy Prolífico
369,Goodfellas Salute,2,Nick Wahlberg,8,25,Elenco Estándar,Actor Promedio
369,Goodfellas Salute,5,Johnny Lollobrigida,8,29,Elenco Estándar,Actor Promedio
370,Gorgeous Bingo,23,Sandra Kilmer,7,37,Elenco Estándar,Actor Muy Prolífico
370,Gorgeous Bingo,97,Meg Hawke,7,27,Elenco Estándar,Actor Promedio
370,Gorgeous Bingo,14,Vivien Bergen,7,30,Elenco Estándar,Actor Promedio
370,Gorgeous Bingo,126,Frances Tomei,7,23,Elenco Estándar,Actor Promedio
370,Gorgeous Bingo,140,Whoopi Hurt,7,32,Elenco Estándar,Actor Muy Prolífico
370,Gorgeous Bingo,151,Geoffrey Heston,7,26,Elenco Estándar,Actor Promedio
370,Gorgeous Bingo,197,Reese West,7,33,Elenco Estándar,Actor Muy Prolífico
371,Gosford Donnie,65,Angela Hudson,3,34,Elenco Estándar,Actor Muy Prolífico
371,Gosford Donnie,142,Jada Ryder,3,31,Elenco Estándar,Actor Muy Prolífico
371,Gosford Donnie,184,Humphrey Garland,3,29,Elenco Estándar,Actor Promedio
372,Graceland Dynamite,169,Kenneth Hoffman,6,29,Elenco Estándar,Actor Promedio
372,Graceland Dynamite,105,Sidney Crowe,6,34,Elenco Estándar,Actor Muy Prolífico
372,Graceland Dynamite,146,Albert Johansson,6,33,Elenco Estándar,Actor Muy Prolífico
372,Graceland Dynamite,61,Christian Neeson,6,25,Elenco Estándar,Actor Promedio
372,Graceland Dynamite,75,Burt Posey,6,24,Elenco Estándar,Actor Promedio
372,Graceland Dynamite,50,Natalie Hopkins,6,32,Elenco Estándar,Actor Muy Prolífico
373,Graduate Lord,139,Ewan Gooding,2,33,Elenco Estándar,Actor Muy Prolífico
373,Graduate Lord,140,Whoopi Hurt,2,32,Elenco Estándar,Actor Muy Prolífico
374,Graffiti Love,190,Audrey Bailey,6,27,Elenco Estándar,Actor Promedio
374,Graffiti Love,73,Gary Penn,6,26,Elenco Estándar,Actor Promedio
374,Graffiti Love,40,Johnny Cage,6,29,Elenco Estándar,Actor Promedio
374,Graffiti Love,61,Christian Neeson,6,25,Elenco Estándar,Actor Promedio
374,Graffiti Love,90,Sean Guiness,6,33,Elenco Estándar,Actor Muy Prolífico
374,Graffiti Love,69,Kenneth Paltrow,6,21,Elenco Estándar,Actor Promedio
375,Grail Frankenstein,5,Johnny Lollobrigida,5,29,Elenco Estándar,Actor Promedio
375,Grail Frankenstein,62,Jayne Neeson,5,29,Elenco Estándar,Actor Promedio
375,Grail Frankenstein,95,Daryl Wahlberg,5,31,Elenco Estándar,Actor Muy Prolífico
375,Grail Frankenstein,130,Greta Keitel,5,27,Elenco Estándar,Actor Promedio
375,Grail Frankenstein,165,Al Garland,5,26,Elenco Estándar,Actor Promedio
376,Grapes Fury,138,Lucille Dee,5,24,Elenco Estándar,Actor Promedio
376,Grapes Fury,60,Henry Berry,5,35,Elenco Estándar,Actor Muy Prolífico
376,Grapes Fury,52,Carmen Hunt,5,26,Elenco Estándar,Actor Promedio
376,Grapes Fury,66,Mary Tandy,5,31,Elenco Estándar,Actor Muy Prolífico
376,Grapes Fury,193,Burt Temple,5,23,Elenco Estándar,Actor Promedio
377,Grease Youth,132,Adam Hopper,3,22,Elenco Estándar,Actor Promedio
377,Grease Youth,105,Sidney Crowe,3,34,Elenco Estándar,Actor Muy Prolífico
377,Grease Youth,43,Kirk Jovovich,3,26,Elenco Estándar,Actor Promedio
378,Greatest North,17,Helen Voight,6,32,Elenco Estándar,Actor Muy Prolífico
378,Greatest North,68,Rip Winslet,6,30,Elenco Estándar,Actor Promedio
378,Greatest North,191,Gregory Gooding,6,30,Elenco Estándar,Actor Promedio
378,Greatest North,189,Cuba Birch,6,24,Elenco Estándar,Actor Promedio
378,Greatest North,108,Warren Nolte,6,34,Elenco Estándar,Actor Muy Prolífico
378,Greatest North,103,Matthew Leigh,6,30,Elenco Estándar,Actor Promedio
379,Greedy Roots,173,Alan Dreyfuss,8,27,Elenco Estándar,Actor Promedio
379,Greedy Roots,187,Renee Ball,8,33,Elenco Estándar,Actor Muy Prolífico
379,Greedy Roots,108,Warren Nolte,8,34,Elenco Estándar,Actor Muy Prolífico
379,Greedy Roots,115,Harrison Bale,8,28,Elenco Estándar,Actor Promedio
379,Greedy Roots,156,Fay Wood,8,22,Elenco Estándar,Actor Promedio
379,Greedy Roots,4,Jennifer Davis,8,22,Elenco Estándar,Actor Promedio
379,Greedy Roots,73,Gary Penn,8,26,Elenco Estándar,Actor Promedio
379,Greedy Roots,198,Mary Keitel,8,40,Elenco Estándar,Actor Muy Prolífico
380,Greek Everyone,141,Cate Harris,4,28,Elenco Estándar,Actor Promedio
380,Greek Everyone,31,Sissy Sobieski,4,18,Elenco Estándar,Actor Promedio
380,Greek Everyone,68,Rip Winslet,4,30,Elenco Estándar,Actor Promedio
380,Greek Everyone,36,Burt Dukakis,4,29,Elenco Estándar,Actor Promedio
381,Grinch Massage,13,Uma Wood,6,35,Elenco Estándar,Actor Muy Prolífico
381,Grinch Massage,92,Kirsten Akroyd,6,34,Elenco Estándar,Actor Muy Prolífico
381,Grinch Massage,36,Burt Dukakis,6,29,Elenco Estándar,Actor Promedio
381,Grinch Massage,119,Warren Jackman,6,32,Elenco Estándar,Actor Muy Prolífico
381,Grinch Massage,99,Jim Mostel,6,26,Elenco Estándar,Actor Promedio
381,Grinch Massage,181,Matthew Carrey,6,39,Elenco Estándar,Actor Muy Prolífico
382,Grit Clockwork,151,Geoffrey Heston,3,26,Elenco Estándar,Actor Promedio
382,Grit Clockwork,111,Cameron Zellweger,3,33,Elenco Estándar,Actor Muy Prolífico
382,Grit Clockwork,127,Kevin Garland,3,33,Elenco Estándar,Actor Muy Prolífico
383,Groove Fiction,131,Jane Jackman,7,25,Elenco Estándar,Actor Promedio
383,Groove Fiction,155,Ian Tandy,7,31,Elenco Estándar,Actor Muy Prolífico
383,Groove Fiction,115,Harrison Bale,7,28,Elenco Estándar,Actor Promedio
383,Groove Fiction,5,Johnny Lollobrigida,7,29,Elenco Estándar,Actor Promedio
383,Groove Fiction,56,Dan Harris,7,28,Elenco Estándar,Actor Promedio
383,Groove Fiction,41,Jodie Degeneres,7,29,Elenco Estándar,Actor Promedio
383,Groove Fiction,85,Minnie Zellweger,7,31,Elenco Estándar,Actor Muy Prolífico
384,Grosse Wonderful,90,Sean Guiness,4,33,Elenco Estándar,Actor Muy Prolífico
384,Grosse Wonderful,118,Cuba Allen,4,25,Elenco Estándar,Actor Promedio
384,Grosse Wonderful,116,Dan Streep,4,24,Elenco Estándar,Actor Promedio
384,Grosse Wonderful,146,Albert Johansson,4,33,Elenco Estándar,Actor Muy Prolífico
385,Groundhog Uncut,133,Richard Penn,7,30,Elenco Estándar,Actor Promedio
385,Groundhog Uncut,172,Groucho Williams,7,25,Elenco Estándar,Actor Promedio
385,Groundhog Uncut,90,Sean Guiness,7,33,Elenco Estándar,Actor Muy Prolífico
385,Groundhog Uncut,62,Jayne Neeson,7,29,Elenco Estándar,Actor Promedio
385,Groundhog Uncut,71,Adam Grant,7,18,Elenco Estándar,Actor Promedio
385,Groundhog Uncut,47,Julia Barrymore,7,24,Elenco Estándar,Actor Promedio
385,Groundhog Uncut,13,Uma Wood,7,35,Elenco Estándar,Actor Muy Prolífico
386,Gump Date,68,Rip Winslet,6,30,Elenco Estándar,Actor Promedio
386,Gump Date,18,Dan Torn,6,22,Elenco Estándar,Actor Promedio
386,Gump Date,53,Mena Temple,6,30,Elenco Estándar,Actor Promedio
386,Gump Date,134,Gene Hopkins,6,22,Elenco Estándar,Actor Promedio
386,Gump Date,150,Jayne Nolte,6,34,Elenco Estándar,Actor Muy Prolífico
386,Gump Date,143,River Dean,6,31,Elenco Estándar,Actor Muy Prolífico
387,Gun Bonnie,181,Matthew Carrey,5,39,Elenco Estándar,Actor Muy Prolífico
387,Gun Bonnie,155,Ian Tandy,5,31,Elenco Estándar,Actor Muy Prolífico
387,Gun Bonnie,168,Will Wilson,5,31,Elenco Estándar,Actor Muy Prolífico
387,Gun Bonnie,78,Groucho Sinatra,5,26,Elenco Estándar,Actor Promedio
387,Gun Bonnie,36,Burt Dukakis,5,29,Elenco Estándar,Actor Promedio
388,Gunfight Moon,52,Carmen Hunt,4,26,Elenco Estándar,Actor Promedio
388,Gunfight Moon,107,Gina Degeneres,4,42,Elenco Estándar,Actor Muy Prolífico
388,Gunfight Moon,127,Kevin Garland,4,33,Elenco Estándar,Actor Muy Prolífico
388,Gunfight Moon,183,Russell Close,4,19,Elenco Estándar,Actor Promedio
389,Gunfighter Mussolini,183,Russell Close,4,19,Elenco Estándar,Actor Promedio
389,Gunfighter Mussolini,81,Scarlett Damon,4,36,Elenco Estándar,Actor Muy Prolífico
389,Gunfighter Mussolini,35,Judy Dean,4,15,Elenco Estándar,Actor Promedio
389,Gunfighter Mussolini,34,Audrey Olivier,4,25,Elenco Estándar,Actor Promedio
390,Guys Falcon,26,Rip Crawford,5,33,Elenco Estándar,Actor Muy Prolífico
390,Guys Falcon,36,Burt Dukakis,5,29,Elenco Estándar,Actor Promedio
390,Guys Falcon,133,Richard Penn,5,30,Elenco Estándar,Actor Promedio
390,Guys Falcon,183,Russell Close,5,19,Elenco Estándar,Actor Promedio
390,Guys Falcon,137,Morgan Williams,5,27,Elenco Estándar,Actor Promedio
391,Half Outfield,115,Harrison Bale,6,28,Elenco Estándar,Actor Promedio
391,Half Outfield,129,Daryl Crawford,6,30,Elenco Estándar,Actor Promedio
391,Half Outfield,182,Debbie Akroyd,6,24,Elenco Estándar,Actor Promedio
391,Half Outfield,86,Greg Chaplin,6,27,Elenco Estándar,Actor Promedio
391,Half Outfield,90,Sean Guiness,6,33,Elenco Estándar,Actor Muy Prolífico
391,Half Outfield,49,Anne Cronyn,6,27,Elenco Estándar,Actor Promedio
392,Hall Cassidy,26,Rip Crawford,5,33,Elenco Estándar,Actor Muy Prolífico
392,Hall Cassidy,63,Cameron Wray,5,19,Elenco Estándar,Actor Promedio
392,Hall Cassidy,5,Johnny Lollobrigida,5,29,Elenco Estándar,Actor Promedio
392,Hall Cassidy,195,Jayne Silverstone,5,27,Elenco Estándar,Actor Promedio
392,Hall Cassidy,107,Gina Degeneres,5,42,Elenco Estándar,Actor Muy Prolífico
393,Halloween Nuts,144,Angela Witherspoon,7,35,Elenco Estándar,Actor Muy Prolífico
393,Halloween Nuts,109,Sylvester Dern,7,22,Elenco Estándar,Actor Promedio
393,Halloween Nuts,34,Audrey Olivier,7,25,Elenco Estándar,Actor Promedio
393,Halloween Nuts,62,Jayne Neeson,7,29,Elenco Estándar,Actor Promedio
393,Halloween Nuts,3,Ed Chase,7,22,Elenco Estándar,Actor Promedio
393,Halloween Nuts,78,Groucho Sinatra,7,26,Elenco Estándar,Actor Promedio
393,Halloween Nuts,57,Jude Cruise,7,30,Elenco Estándar,Actor Promedio
394,Hamlet Wisdom,40,Johnny Cage,5,29,Elenco Estándar,Actor Promedio
394,Hamlet Wisdom,163,Christopher West,5,21,Elenco Estándar,Actor Promedio
394,Hamlet Wisdom,104,Penelope Cronyn,5,31,Elenco Estándar,Actor Muy Prolífico
394,Hamlet Wisdom,119,Warren Jackman,5,32,Elenco Estándar,Actor Muy Prolífico
394,Hamlet Wisdom,147,Fay Winslet,5,31,Elenco Estándar,Actor Muy Prolífico
395,Handicap Boondock,117,Renee Tracy,7,33,Elenco Estándar,Actor Muy Prolífico
395,Handicap Boondock,125,Albert Nolte,7,31,Elenco Estándar,Actor Muy Prolífico
395,Handicap Boondock,141,Cate Harris,7,28,Elenco Estándar,Actor Promedio
395,Handicap Boondock,165,Al Garland,7,26,Elenco Estándar,Actor Promedio
395,Handicap Boondock,51,Gary Phoenix,7,25,Elenco Estándar,Actor Promedio
395,Handicap Boondock,11,Zero Cage,7,25,Elenco Estándar,Actor Promedio
395,Handicap Boondock,198,Mary Keitel,7,40,Elenco Estándar,Actor Muy Prolífico
396,Hanging Deep,144,Angela Witherspoon,7,35,Elenco Estándar,Actor Muy Prolífico
396,Hanging Deep,154,Meryl Gibson,7,28,Elenco Estándar,Actor Promedio
396,Hanging Deep,188,Rock Dukakis,7,30,Elenco Estándar,Actor Promedio
396,Hanging Deep,68,Rip Winslet,7,30,Elenco Estándar,Actor Promedio
396,Hanging Deep,69,Kenneth Paltrow,7,21,Elenco Estándar,Actor Promedio
396,Hanging Deep,8,Matthew Johansson,7,20,Elenco Estándar,Actor Promedio
396,Hanging Deep,40,Johnny Cage,7,29,Elenco Estándar,Actor Promedio
397,Hanky October,133,Richard Penn,3,30,Elenco Estándar,Actor Promedio
397,Hanky October,171,Olympia Pfeiffer,3,28,Elenco Estándar,Actor Promedio
397,Hanky October,178,Lisa Monroe,3,23,Elenco Estándar,Actor Promedio
398,Hanover Galaxy,169,Kenneth Hoffman,7,29,Elenco Estándar,Actor Promedio
398,Hanover Galaxy,81,Scarlett Damon,7,36,Elenco Estándar,Actor Muy Prolífico
398,Hanover Galaxy,65,Angela Hudson,7,34,Elenco Estándar,Actor Muy Prolífico
398,Hanover Galaxy,62,Jayne Neeson,7,29,Elenco Estándar,Actor Promedio
398,Hanover Galaxy,4,Jennifer Davis,7,22,Elenco Estándar,Actor Promedio
398,Hanover Galaxy,21,Kirsten Paltrow,7,27,Elenco Estándar,Actor Promedio
398,Hanover Galaxy,27,Julia Mcqueen,7,33,Elenco Estándar,Actor Muy Prolífico
399,Happiness United,71,Adam Grant,5,18,Elenco Estándar,Actor Promedio
399,Happiness United,2,Nick Wahlberg,5,25,Elenco Estándar,Actor Promedio
399,Happiness United,154,Meryl Gibson,5,28,Elenco Estándar,Actor Promedio
399,Happiness United,106,Groucho Dunst,5,35,Elenco Estándar,Actor Muy Prolífico
399,Happiness United,118,Cuba Allen,5,25,Elenco Estándar,Actor Promedio
400,Hardly Robbers,157,Greta Malden,3,32,Elenco Estándar,Actor Muy Prolífico
400,Hardly Robbers,12,Karl Berry,3,31,Elenco Estándar,Actor Muy Prolífico
400,Hardly Robbers,49,Anne Cronyn,3,27,Elenco Estándar,Actor Promedio
401,Harold French,50,Natalie Hopkins,7,32,Elenco Estándar,Actor Muy Prolífico
401,Harold French,32,Tim Hackman,7,23,Elenco Estándar,Actor Promedio
401,Harold French,176,Jon Chase,7,29,Elenco Estándar,Actor Promedio
401,Harold French,104,Penelope Cronyn,7,31,Elenco Estándar,Actor Muy Prolífico
401,Harold French,177,Gene Mckellen,7,27,Elenco Estándar,Actor Promedio
401,Harold French,161,Harvey Hope,7,32,Elenco Estándar,Actor Muy Prolífico
401,Harold French,136,Ed Mansfield,7,32,Elenco Estándar,Actor Muy Prolífico
402,Harper Dying,147,Fay Winslet,4,31,Elenco Estándar,Actor Muy Prolífico
402,Harper Dying,146,Albert Johansson,4,33,Elenco Estándar,Actor Muy Prolífico
402,Harper Dying,145,Kim Allen,4,28,Elenco Estándar,Actor Promedio
402,Harper Dying,94,Kenneth Torn,4,33,Elenco Estándar,Actor Muy Prolífico
403,Harry Idaho,55,Fay Kilmer,6,20,Elenco Estándar,Actor Promedio
403,Harry Idaho,195,Jayne Silverstone,6,27,Elenco Estándar,Actor Promedio
403,Harry Idaho,113,Morgan Hopkins,6,27,Elenco Estándar,Actor Promedio
403,Harry Idaho,181,Matthew Carrey,6,39,Elenco Estándar,Actor Muy Prolífico
403,Harry Idaho,138,Lucille Dee,6,24,Elenco Estándar,Actor Promedio
403,Harry Idaho,111,Cameron Zellweger,6,33,Elenco Estándar,Actor Muy Prolífico
404,Hate Handicap,143,River Dean,3,31,Elenco Estándar,Actor Muy Prolífico
404,Hate Handicap,19,Bob Fawcett,3,25,Elenco Estándar,Actor Promedio
404,Hate Handicap,25,Kevin Bloom,3,21,Elenco Estándar,Actor Promedio
405,Haunted Antitrust,24,Cameron Streep,5,24,Elenco Estándar,Actor Promedio
405,Haunted Antitrust,72,Sean Williams,5,26,Elenco Estándar,Actor Promedio
405,Haunted Antitrust,147,Fay Winslet,5,31,Elenco Estándar,Actor Muy Prolífico
405,Haunted Antitrust,173,Alan Dreyfuss,5,27,Elenco Estándar,Actor Promedio
405,Haunted Antitrust,175,William Hackman,5,27,Elenco Estándar,Actor Promedio
406,Haunting Pianist,157,Greta Malden,5,32,Elenco Estándar,Actor Muy Prolífico
406,Haunting Pianist,90,Sean Guiness,5,33,Elenco Estándar,Actor Muy Prolífico
406,Haunting Pianist,89,Charlize Dench,5,24,Elenco Estándar,Actor Promedio
406,Haunting Pianist,62,Jayne Neeson,5,29,Elenco Estándar,Actor Promedio
406,Haunting Pianist,198,Mary Keitel,5,40,Elenco Estándar,Actor Muy Prolífico
407,Hawk Chill,128,Cate Mcqueen,7,30,Elenco Estándar,Actor Promedio
407,Hawk Chill,111,Cameron Zellweger,7,33,Elenco Estándar,Actor Muy Prolífico
407,Hawk Chill,155,Ian Tandy,7,31,Elenco Estándar,Actor Muy Prolífico
407,Hawk Chill,46,Parker Goldberg,7,24,Elenco Estándar,Actor Promedio
407,Hawk Chill,49,Anne Cronyn,7,27,Elenco Estándar,Actor Promedio
407,Hawk Chill,52,Carmen Hunt,7,26,Elenco Estándar,Actor Promedio
407,Hawk Chill,45,Reese Kilmer,7,32,Elenco Estándar,Actor Muy Prolífico
408,Head Stranger,51,Gary Phoenix,2,25,Elenco Estándar,Actor Promedio
408,Head Stranger,67,Jessica Bailey,2,23,Elenco Estándar,Actor Promedio
409,Heartbreakers Bright,107,Gina Degeneres,5,42,Elenco Estándar,Actor Muy Prolífico
409,Heartbreakers Bright,163,Christopher West,5,21,Elenco Estándar,Actor Promedio
409,Heartbreakers Bright,181,Matthew Carrey,5,39,Elenco Estándar,Actor Muy Prolífico
409,Heartbreakers Bright,145,Kim Allen,5,28,Elenco Estándar,Actor Promedio
409,Heartbreakers Bright,162,Oprah Kilmer,5,25,Elenco Estándar,Actor Promedio
410,Heaven Freedom,133,Richard Penn,10,30,Elenco Grande,Actor Promedio
410,Heaven Freedom,147,Fay Winslet,10,31,Elenco Grande,Actor Muy Prolífico
410,Heaven Freedom,137,Morgan Williams,10,27,Elenco Grande,Actor Promedio
410,Heaven Freedom,146,Albert Johansson,10,33,Elenco Grande,Actor Muy Prolífico
410,Heaven Freedom,162,Oprah Kilmer,10,25,Elenco Grande,Actor Promedio
410,Heaven Freedom,132,Adam Hopper,10,22,Elenco Grande,Actor Promedio
410,Heaven Freedom,191,Gregory Gooding,10,30,Elenco Grande,Actor Promedio
410,Heaven Freedom,43,Kirk Jovovich,10,26,Elenco Grande,Actor Promedio
410,Heaven Freedom,89,Charlize Dench,10,24,Elenco Grande,Actor Promedio
410,Heaven Freedom,36,Burt Dukakis,10,29,Elenco Grande,Actor Promedio
411,Heavenly Gun,25,Kevin Bloom,6,21,Elenco Estándar,Actor Promedio
411,Heavenly Gun,5,Johnny Lollobrigida,6,29,Elenco Estándar,Actor Promedio
411,Heavenly Gun,100,Spencer Depp,6,24,Elenco Estándar,Actor Promedio
411,Heavenly Gun,127,Kevin Garland,6,33,Elenco Estándar,Actor Muy Prolífico
411,Heavenly Gun,185,Michael Bolger,6,30,Elenco Estándar,Actor Promedio
411,Heavenly Gun,190,Audrey Bailey,6,27,Elenco Estándar,Actor Promedio
412,Heavyweights Beast,193,Burt Temple,5,23,Elenco Estándar,Actor Promedio
412,Heavyweights Beast,83,Ben Willis,5,33,Elenco Estándar,Actor Muy Prolífico
412,Heavyweights Beast,116,Dan Streep,5,24,Elenco Estándar,Actor Promedio
412,Heavyweights Beast,188,Rock Dukakis,5,30,Elenco Estándar,Actor Promedio
412,Heavyweights Beast,119,Warren Jackman,5,32,Elenco Estándar,Actor Muy Prolífico
413,Hedwig Alter,134,Gene Hopkins,4,22,Elenco Estándar,Actor Promedio
413,Hedwig Alter,182,Debbie Akroyd,4,24,Elenco Estándar,Actor Promedio
413,Hedwig Alter,62,Jayne Neeson,4,29,Elenco Estándar,Actor Promedio
413,Hedwig Alter,84,James Pitt,4,31,Elenco Estándar,Actor Muy Prolífico
414,Hellfighters Sierra,7,Grace Mostel,12,30,Elenco Grande,Actor Promedio
414,Hellfighters Sierra,15,Cuba Olivier,12,28,Elenco Grande,Actor Promedio
414,Hellfighters Sierra,84,James Pitt,12,31,Elenco Grande,Actor Muy Prolífico
414,Hellfighters Sierra,23,Sandra Kilmer,12,37,Elenco Grande,Actor Muy Prolífico
414,Hellfighters Sierra,70,Michelle Mcconaughey,12,23,Elenco Grande,Actor Promedio
414,Hellfighters Sierra,161,Harvey Hope,12,32,Elenco Grande,Actor Muy Prolífico
414,Hellfighters Sierra,111,Cameron Zellweger,12,33,Elenco Grande,Actor Muy Prolífico
414,Hellfighters Sierra,99,Jim Mostel,12,26,Elenco Grande,Actor Promedio
414,Hellfighters Sierra,100,Spencer Depp,12,24,Elenco Grande,Actor Promedio
414,Hellfighters Sierra,120,Penelope Monroe,12,27,Elenco Grande,Actor Promedio
414,Hellfighters Sierra,136,Ed Mansfield,12,32,Elenco Grande,Actor Muy Prolífico
414,Hellfighters Sierra,125,Albert Nolte,12,31,Elenco Grande,Actor Muy Prolífico
415,High Encino,179,Ed Guiness,7,29,Elenco Estándar,Actor Promedio
415,High Encino,162,Oprah Kilmer,7,25,Elenco Estándar,Actor Promedio
415,High Encino,194,Meryl Allen,7,22,Elenco Estándar,Actor Promedio
415,High Encino,39,Goldie Brody,7,28,Elenco Estándar,Actor Promedio
415,High Encino,74,Milla Keitel,7,28,Elenco Estándar,Actor Promedio
415,High Encino,14,Vivien Bergen,7,30,Elenco Estándar,Actor Promedio
415,High Encino,27,Julia Mcqueen,7,33,Elenco Estándar,Actor Muy Prolífico
416,Highball Potter,91,Christopher Berry,5,20,Elenco Estándar,Actor Promedio
416,Highball Potter,45,Reese Kilmer,5,32,Elenco Estándar,Actor Muy Prolífico
416,Highball Potter,12,Karl Berry,5,31,Elenco Estándar,Actor Muy Prolífico
416,Highball Potter,130,Greta Keitel,5,27,Elenco Estándar,Actor Promedio
416,Highball Potter,170,Mena Hopper,5,24,Elenco Estándar,Actor Promedio
417,Hills Neighbors,187,Renee Ball,6,33,Elenco Estándar,Actor Muy Prolífico
417,Hills Neighbors,176,Jon Chase,6,29,Elenco Estándar,Actor Promedio
417,Hills Neighbors,14,Vivien Bergen,6,30,Elenco Estándar,Actor Promedio
417,Hills Neighbors,58,Christian Akroyd,6,32,Elenco Estándar,Actor Muy Prolífico
417,Hills Neighbors,56,Dan Harris,6,28,Elenco Estándar,Actor Promedio
417,Hills Neighbors,50,Natalie Hopkins,6,32,Elenco Estándar,Actor Muy Prolífico
418,Hobbit Alien,14,Vivien Bergen,8,30,Elenco Estándar,Actor Promedio
418,Hobbit Alien,59,Dustin Tautou,8,27,Elenco Estándar,Actor Promedio
418,Hobbit Alien,22,Elvis Marx,8,26,Elenco Estándar,Actor Promedio
418,Hobbit Alien,102,Walter Torn,8,41,Elenco Estándar,Actor Muy Prolífico
418,Hobbit Alien,119,Warren Jackman,8,32,Elenco Estándar,Actor Muy Prolífico
418,Hobbit Alien,159,Laura Brody,8,26,Elenco Estándar,Actor Promedio
418,Hobbit Alien,129,Daryl Crawford,8,30,Elenco Estándar,Actor Promedio
418,Hobbit Alien,197,Reese West,8,33,Elenco Estándar,Actor Muy Prolífico
419,Hocus Frida,200,Thora Temple,3,20,Elenco Estándar,Actor Promedio
419,Hocus Frida,23,Sandra Kilmer,3,37,Elenco Estándar,Actor Muy Prolífico
419,Hocus Frida,126,Frances Tomei,3,23,Elenco Estándar,Actor Promedio
420,Holes Brannigan,116,Dan Streep,11,24,Elenco Grande,Actor Promedio
420,Holes Brannigan,136,Ed Mansfield,11,32,Elenco Grande,Actor Muy Prolífico
420,Holes Brannigan,181,Matthew Carrey,11,39,Elenco Grande,Actor Muy Prolífico
420,Holes Brannigan,114,Morgan Mcdormand,11,25,Elenco Grande,Actor Promedio
420,Holes Brannigan,191,Gregory Gooding,11,30,Elenco Grande,Actor Promedio
420,Holes Brannigan,95,Daryl Wahlberg,11,31,Elenco Grande,Actor Muy Prolífico
420,Holes Brannigan,51,Gary Phoenix,11,25,Elenco Grande,Actor Promedio
420,Holes Brannigan,12,Karl Berry,11,31,Elenco Grande,Actor Muy Prolífico
420,Holes Brannigan,44,Nick Stallone,11,30,Elenco Grande,Actor Promedio
420,Holes Brannigan,50,Natalie Hopkins,11,32,Elenco Grande,Actor Muy Prolífico
420,Holes Brannigan,25,Kevin Bloom,11,21,Elenco Grande,Actor Promedio
421,Holiday Games,85,Minnie Zellweger,6,31,Elenco Estándar,Actor Muy Prolífico
421,Holiday Games,56,Dan Harris,6,28,Elenco Estándar,Actor Promedio
421,Holiday Games,87,Spencer Peck,6,21,Elenco Estándar,Actor Promedio
421,Holiday Games,182,Debbie Akroyd,6,24,Elenco Estándar,Actor Promedio
421,Holiday Games,154,Meryl Gibson,6,28,Elenco Estándar,Actor Promedio
421,Holiday Games,165,Al Garland,6,26,Elenco Estándar,Actor Promedio
422,Hollow Jeopardy,148,Emily Dee,2,14,Elenco Estándar,Actor Promedio
422,Hollow Jeopardy,186,Julia Zellweger,2,16,Elenco Estándar,Actor Promedio
423,Hollywood Anonymous,172,Groucho Williams,6,25,Elenco Estándar,Actor Promedio
423,Hollywood Anonymous,117,Renee Tracy,6,33,Elenco Estándar,Actor Muy Prolífico
423,Hollywood Anonymous,60,Henry Berry,6,35,Elenco Estándar,Actor Muy Prolífico
423,Hollywood Anonymous,49,Anne Cronyn,6,27,Elenco Estándar,Actor Promedio
423,Hollywood Anonymous,61,Christian Neeson,6,25,Elenco Estándar,Actor Promedio
423,Hollywood Anonymous,196,Bela Walken,6,30,Elenco Estándar,Actor Promedio
424,Holocaust Highball,120,Penelope Monroe,5,27,Elenco Estándar,Actor Promedio
424,Holocaust Highball,175,William Hackman,5,27,Elenco Estándar,Actor Promedio
424,Holocaust Highball,95,Daryl Wahlberg,5,31,Elenco Estándar,Actor Muy Prolífico
424,Holocaust Highball,66,Mary Tandy,5,31,Elenco Estándar,Actor Muy Prolífico
424,Holocaust Highball,52,Carmen Hunt,5,26,Elenco Estándar,Actor Promedio
425,Holy Tadpole,39,Goldie Brody,3,28,Elenco Estándar,Actor Promedio
425,Holy Tadpole,114,Morgan Mcdormand,3,25,Elenco Estándar,Actor Promedio
425,Holy Tadpole,161,Harvey Hope,3,32,Elenco Estándar,Actor Muy Prolífico
426,Home Pity,166,Nick Degeneres,6,22,Elenco Estándar,Actor Promedio
426,Home Pity,192,John Suvari,6,29,Elenco Estándar,Actor Promedio
426,Home Pity,190,Audrey Bailey,6,27,Elenco Estándar,Actor Promedio
426,Home Pity,58,Christian Akroyd,6,32,Elenco Estándar,Actor Muy Prolífico
426,Home Pity,21,Kirsten Paltrow,6,27,Elenco Estándar,Actor Promedio
426,Home Pity,36,Burt Dukakis,6,29,Elenco Estándar,Actor Promedio
427,Homeward Cider,13,Uma Wood,7,35,Elenco Estándar,Actor Muy Prolífico
427,Homeward Cider,93,Ellen Presley,7,25,Elenco Estándar,Actor Promedio
427,Homeward Cider,36,Burt Dukakis,7,29,Elenco Estándar,Actor Promedio
427,Homeward Cider,32,Tim Hackman,7,23,Elenco Estándar,Actor Promedio
427,Homeward Cider,155,Ian Tandy,7,31,Elenco Estándar,Actor Muy Prolífico
427,Homeward Cider,146,Albert Johansson,7,33,Elenco Estándar,Actor Muy Prolífico
427,Homeward Cider,185,Michael Bolger,7,30,Elenco Estándar,Actor Promedio
428,Homicide Peach,125,Albert Nolte,8,31,Elenco Estándar,Actor Muy Prolífico
428,Homicide Peach,115,Harrison Bale,8,28,Elenco Estándar,Actor Promedio
428,Homicide Peach,94,Kenneth Torn,8,33,Elenco Estándar,Actor Muy Prolífico
428,Homicide Peach,19,Bob Fawcett,8,25,Elenco Estándar,Actor Promedio
428,Homicide Peach,79,Mae Hoffman,8,28,Elenco Estándar,Actor Promedio
428,Homicide Peach,78,Groucho Sinatra,8,26,Elenco Estándar,Actor Promedio
428,Homicide Peach,62,Jayne Neeson,8,29,Elenco Estándar,Actor Promedio
428,Homicide Peach,48,Frances Day-Lewis,8,26,Elenco Estándar,Actor Promedio
429,Honey Ties,11,Zero Cage,5,25,Elenco Estándar,Actor Promedio
429,Honey Ties,21,Kirsten Paltrow,5,27,Elenco Estándar,Actor Promedio
429,Honey Ties,146,Albert Johansson,5,33,Elenco Estándar,Actor Muy Prolífico
429,Honey Ties,125,Albert Nolte,5,31,Elenco Estándar,Actor Muy Prolífico
429,Honey Ties,123,Julianne Dench,5,32,Elenco Estándar,Actor Muy Prolífico
430,Hook Chariots,107,Gina Degeneres,4,42,Elenco Estándar,Actor Muy Prolífico
430,Hook Chariots,79,Mae Hoffman,4,28,Elenco Estándar,Actor Promedio
430,Hook Chariots,22,Elvis Marx,4,26,Elenco Estándar,Actor Promedio
430,Hook Chariots,96,Gene Willis,4,23,Elenco Estándar,Actor Promedio
431,Hoosiers Birdcage,32,Tim Hackman,10,23,Elenco Grande,Actor Promedio
431,Hoosiers Birdcage,95,Daryl Wahlberg,10,31,Elenco Grande,Actor Muy Prolífico
431,Hoosiers Birdcage,39,Goldie Brody,10,28,Elenco Grande,Actor Promedio
431,Hoosiers Birdcage,31,Sissy Sobieski,10,18,Elenco Grande,Actor Promedio
431,Hoosiers Birdcage,164,Humphrey Willis,10,26,Elenco Grande,Actor Promedio
431,Hoosiers Birdcage,130,Greta Keitel,10,27,Elenco Grande,Actor Promedio
431,Hoosiers Birdcage,157,Greta Malden,10,32,Elenco Grande,Actor Muy Prolífico
431,Hoosiers Birdcage,102,Walter Torn,10,41,Elenco Grande,Actor Muy Prolífico
431,Hoosiers Birdcage,147,Fay Winslet,10,31,Elenco Grande,Actor Muy Prolífico
431,Hoosiers Birdcage,129,Daryl Crawford,10,30,Elenco Grande,Actor Promedio
432,Hope Tootsie,117,Renee Tracy,4,33,Elenco Estándar,Actor Muy Prolífico
432,Hope Tootsie,131,Jane Jackman,4,25,Elenco Estándar,Actor Promedio
432,Hope Tootsie,86,Greg Chaplin,4,27,Elenco Estándar,Actor Promedio
432,Hope Tootsie,199,Julia Fawcett,4,15,Elenco Estándar,Actor Promedio
433,Horn Working,168,Will Wilson,8,31,Elenco Estándar,Actor Muy Prolífico
433,Horn Working,177,Gene Mckellen,8,27,Elenco Estándar,Actor Promedio
433,Horn Working,137,Morgan Williams,8,27,Elenco Estándar,Actor Promedio
433,Horn Working,150,Jayne Nolte,8,34,Elenco Estándar,Actor Muy Prolífico
433,Horn Working,49,Anne Cronyn,8,27,Elenco Estándar,Actor Promedio
433,Horn Working,90,Sean Guiness,8,33,Elenco Estándar,Actor Muy Prolífico
433,Horn Working,11,Zero Cage,8,25,Elenco Estándar,Actor Promedio
433,Horn Working,61,Christian Neeson,8,25,Elenco Estándar,Actor Promedio
434,Horror Reign,9,Joe Swank,5,25,Elenco Estándar,Actor Promedio
434,Horror Reign,44,Nick Stallone,5,30,Elenco Estándar,Actor Promedio
434,Horror Reign,66,Mary Tandy,5,31,Elenco Estándar,Actor Muy Prolífico
434,Horror Reign,169,Kenneth Hoffman,5,29,Elenco Estándar,Actor Promedio
434,Horror Reign,163,Christopher West,5,21,Elenco Estándar,Actor Promedio
435,Hotel Happiness,110,Susan Davis,4,21,Elenco Estándar,Actor Promedio
435,Hotel Happiness,187,Renee Ball,4,33,Elenco Estándar,Actor Muy Prolífico
435,Hotel Happiness,23,Sandra Kilmer,4,37,Elenco Estándar,Actor Muy Prolífico
435,Hotel Happiness,68,Rip Winslet,4,30,Elenco Estándar,Actor Promedio
436,Hours Rage,60,Henry Berry,6,35,Elenco Estándar,Actor Muy Prolífico
436,Hours Rage,92,Kirsten Akroyd,6,34,Elenco Estándar,Actor Muy Prolífico
436,Hours Rage,29,Alec Wayne,6,29,Elenco Estándar,Actor Promedio
436,Hours Rage,80,Ralph Cruz,6,28,Elenco Estándar,Actor Promedio
436,Hours Rage,75,Burt Posey,6,24,Elenco Estándar,Actor Promedio
436,Hours Rage,131,Jane Jackman,6,25,Elenco Estándar,Actor Promedio
437,House Dynamite,185,Michael Bolger,9,30,Elenco Estándar,Actor Promedio
437,House Dynamite,103,Matthew Leigh,9,30,Elenco Estándar,Actor Promedio
437,House Dynamite,165,Al Garland,9,26,Elenco Estándar,Actor Promedio
437,House Dynamite,158,Vivien Basinger,9,35,Elenco Estándar,Actor Muy Prolífico
437,House Dynamite,181,Matthew Carrey,9,39,Elenco Estándar,Actor Muy Prolífico
437,House Dynamite,182,Debbie Akroyd,9,24,Elenco Estándar,Actor Promedio
437,House Dynamite,50,Natalie Hopkins,9,32,Elenco Estándar,Actor Muy Prolífico
437,House Dynamite,57,Jude Cruise,9,30,Elenco Estándar,Actor Promedio
437,House Dynamite,97,Meg Hawke,9,27,Elenco Estándar,Actor Promedio
438,Human Graffiti,16,Fred Costner,4,27,Elenco Estándar,Actor Promedio
438,Human Graffiti,34,Audrey Olivier,4,25,Elenco Estándar,Actor Promedio
438,Human Graffiti,1,Penelope Guiness,4,19,Elenco Estándar,Actor Promedio
438,Human Graffiti,168,Will Wilson,4,31,Elenco Estándar,Actor Muy Prolífico
439,Hunchback Impossible,106,Groucho Dunst,2,35,Elenco Estándar,Actor Muy Prolífico
439,Hunchback Impossible,175,William Hackman,2,27,Elenco Estándar,Actor Promedio
440,Hunger Roof,154,Meryl Gibson,1,28,Elenco Estándar,Actor Promedio
441,Hunter Alter,180,Jeff Silverstone,4,25,Elenco Estándar,Actor Promedio
441,Hunter Alter,176,Jon Chase,4,29,Elenco Estándar,Actor Promedio
441,Hunter Alter,187,Renee Ball,4,33,Elenco Estándar,Actor Muy Prolífico
441,Hunter Alter,3,Ed Chase,4,22,Elenco Estándar,Actor Promedio
442,Hunting Musketeers,90,Sean Guiness,5,33,Elenco Estándar,Actor Muy Prolífico
442,Hunting Musketeers,77,Cary Mcconaughey,5,24,Elenco Estándar,Actor Promedio
442,Hunting Musketeers,174,Michael Bening,5,24,Elenco Estándar,Actor Promedio
442,Hunting Musketeers,123,Julianne Dench,5,32,Elenco Estándar,Actor Muy Prolífico
442,Hunting Musketeers,175,William Hackman,5,27,Elenco Estándar,Actor Promedio
443,Hurricane Affair,147,Fay Winslet,3,31,Elenco Estándar,Actor Muy Prolífico
443,Hurricane Affair,112,Russell Bacall,3,25,Elenco Estándar,Actor Promedio
443,Hurricane Affair,92,Kirsten Akroyd,3,34,Elenco Estándar,Actor Muy Prolífico
444,Hustler Party,29,Alec Wayne,4,29,Elenco Estándar,Actor Promedio
444,Hustler Party,76,Angelina Astaire,4,31,Elenco Estándar,Actor Muy Prolífico
444,Hustler Party,153,Minnie Kilmer,4,20,Elenco Estándar,Actor Promedio
444,Hustler Party,163,Christopher West,4,21,Elenco Estándar,Actor Promedio
445,Hyde Doctor,107,Gina Degeneres,6,42,Elenco Estándar,Actor Muy Prolífico
445,Hyde Doctor,75,Burt Posey,6,24,Elenco Estándar,Actor Promedio
445,Hyde Doctor,93,Ellen Presley,6,25,Elenco Estándar,Actor Promedio
445,Hyde Doctor,62,Jayne Neeson,6,29,Elenco Estándar,Actor Promedio
445,Hyde Doctor,20,Lucille Tracy,6,30,Elenco Estándar,Actor Promedio
445,Hyde Doctor,15,Cuba Olivier,6,28,Elenco Estándar,Actor Promedio
446,Hysterical Grail,89,Charlize Dench,9,24,Elenco Estándar,Actor Promedio
446,Hysterical Grail,75,Burt Posey,9,24,Elenco Estándar,Actor Promedio
446,Hysterical Grail,97,Meg Hawke,9,27,Elenco Estándar,Actor Promedio
446,Hysterical Grail,85,Minnie Zellweger,9,31,Elenco Estándar,Actor Muy Prolífico
446,Hysterical Grail,137,Morgan Williams,9,27,Elenco Estándar,Actor Promedio
446,Hysterical Grail,123,Julianne Dench,9,32,Elenco Estándar,Actor Muy Prolífico
446,Hysterical Grail,138,Lucille Dee,9,24,Elenco Estándar,Actor Promedio
446,Hysterical Grail,102,Walter Torn,9,41,Elenco Estándar,Actor Muy Prolífico
446,Hysterical Grail,150,Jayne Nolte,9,34,Elenco Estándar,Actor Muy Prolífico
447,Ice Crossing,150,Jayne Nolte,6,34,Elenco Estándar,Actor Muy Prolífico
447,Ice Crossing,139,Ewan Gooding,6,33,Elenco Estándar,Actor Muy Prolífico
447,Ice Crossing,171,Olympia Pfeiffer,6,28,Elenco Estándar,Actor Promedio
447,Ice Crossing,53,Mena Temple,6,30,Elenco Estándar,Actor Promedio
447,Ice Crossing,57,Jude Cruise,6,30,Elenco Estándar,Actor Promedio
447,Ice Crossing,91,Christopher Berry,6,20,Elenco Estándar,Actor Promedio
448,Idaho Love,38,Tom Mckellen,6,25,Elenco Estándar,Actor Promedio
448,Idaho Love,46,Parker Goldberg,6,24,Elenco Estándar,Actor Promedio
448,Idaho Love,64,Ray Johansson,6,30,Elenco Estándar,Actor Promedio
448,Idaho Love,156,Fay Wood,6,22,Elenco Estándar,Actor Promedio
448,Idaho Love,164,Humphrey Willis,6,26,Elenco Estándar,Actor Promedio
448,Idaho Love,185,Michael Bolger,6,30,Elenco Estándar,Actor Promedio
449,Identity Lover,121,Liza Bergman,4,25,Elenco Estándar,Actor Promedio
449,Identity Lover,124,Scarlett Bening,4,26,Elenco Estándar,Actor Promedio
449,Identity Lover,23,Sandra Kilmer,4,37,Elenco Estándar,Actor Muy Prolífico
449,Identity Lover,29,Alec Wayne,4,29,Elenco Estándar,Actor Promedio
450,Idols Snatchers,72,Sean Williams,8,26,Elenco Estándar,Actor Promedio
450,Idols Snatchers,71,Adam Grant,8,18,Elenco Estándar,Actor Promedio
450,Idols Snatchers,38,Tom Mckellen,8,25,Elenco Estándar,Actor Promedio
450,Idols Snatchers,198,Mary Keitel,8,40,Elenco Estándar,Actor Muy Prolífico
450,Idols Snatchers,131,Jane Jackman,8,25,Elenco Estándar,Actor Promedio
450,Idols Snatchers,112,Russell Bacall,8,25,Elenco Estándar,Actor Promedio
450,Idols Snatchers,125,Albert Nolte,8,31,Elenco Estándar,Actor Muy Prolífico
450,Idols Snatchers,171,Olympia Pfeiffer,8,28,Elenco Estándar,Actor Promedio
451,Igby Maker,174,Michael Bening,5,24,Elenco Estándar,Actor Promedio
451,Igby Maker,151,Geoffrey Heston,5,26,Elenco Estándar,Actor Promedio
451,Igby Maker,116,Dan Streep,5,24,Elenco Estándar,Actor Promedio
451,Igby Maker,90,Sean Guiness,5,33,Elenco Estándar,Actor Muy Prolífico
451,Igby Maker,6,Bette Nicholson,5,20,Elenco Estándar,Actor Promedio
452,Illusion Amelie,96,Gene Willis,7,23,Elenco Estándar,Actor Promedio
452,Illusion Amelie,69,Kenneth Paltrow,7,21,Elenco Estándar,Actor Promedio
452,Illusion Amelie,129,Daryl Crawford,7,30,Elenco Estándar,Actor Promedio
452,Illusion Amelie,130,Greta Keitel,7,27,Elenco Estándar,Actor Promedio
452,Illusion Amelie,184,Humphrey Garland,7,29,Elenco Estándar,Actor Promedio
452,Illusion Amelie,133,Richard Penn,7,30,Elenco Estándar,Actor Promedio
452,Illusion Amelie,114,Morgan Mcdormand,7,25,Elenco Estándar,Actor Promedio
453,Image Princess,138,Lucille Dee,11,24,Elenco Grande,Actor Promedio
453,Image Princess,130,Greta Keitel,11,27,Elenco Grande,Actor Promedio
453,Image Princess,16,Fred Costner,11,27,Elenco Grande,Actor Promedio
453,Image Princess,93,Ellen Presley,11,25,Elenco Grande,Actor Promedio
453,Image Princess,92,Kirsten Akroyd,11,34,Elenco Grande,Actor Muy Prolífico
453,Image Princess,36,Burt Dukakis,11,29,Elenco Grande,Actor Promedio
453,Image Princess,3,Ed Chase,11,22,Elenco Grande,Actor Promedio
453,Image Princess,81,Scarlett Damon,11,36,Elenco Grande,Actor Muy Prolífico
453,Image Princess,82,Woody Jolie,11,31,Elenco Grande,Actor Muy Prolífico
453,Image Princess,70,Michelle Mcconaughey,11,23,Elenco Grande,Actor Promedio
453,Image Princess,11,Zero Cage,11,25,Elenco Grande,Actor Promedio
454,Impact Aladdin,14,Vivien Bergen,3,30,Elenco Estándar,Actor Promedio
454,Impact Aladdin,107,Gina Degeneres,3,42,Elenco Estándar,Actor Muy Prolífico
454,Impact Aladdin,119,Warren Jackman,3,32,Elenco Estándar,Actor Muy Prolífico
455,Impossible Prejudice,135,Rita Reynolds,3,20,Elenco Estándar,Actor Promedio
455,Impossible Prejudice,160,Chris Depp,3,20,Elenco Estándar,Actor Promedio
455,Impossible Prejudice,16,Fred Costner,3,27,Elenco Estándar,Actor Promedio
456,Inch Jet,39,Goldie Brody,5,28,Elenco Estándar,Actor Promedio
456,Inch Jet,16,Fred Costner,5,27,Elenco Estándar,Actor Promedio
456,Inch Jet,46,Parker Goldberg,5,24,Elenco Estándar,Actor Promedio
456,Inch Jet,13,Uma Wood,5,35,Elenco Estándar,Actor Muy Prolífico
456,Inch Jet,181,Matthew Carrey,5,39,Elenco Estándar,Actor Muy Prolífico
457,Independence Hotel,145,Kim Allen,9,28,Elenco Estándar,Actor Promedio
457,Independence Hotel,106,Groucho Dunst,9,35,Elenco Estándar,Actor Muy Prolífico
457,Independence Hotel,143,River Dean,9,31,Elenco Estándar,Actor Muy Prolífico
457,Independence Hotel,62,Jayne Neeson,9,29,Elenco Estándar,Actor Promedio
457,Independence Hotel,94,Kenneth Torn,9,33,Elenco Estándar,Actor Muy Prolífico
457,Independence Hotel,56,Dan Harris,9,28,Elenco Estándar,Actor Promedio
457,Independence Hotel,17,Helen Voight,9,32,Elenco Estándar,Actor Muy Prolífico
457,Independence Hotel,12,Karl Berry,9,31,Elenco Estándar,Actor Muy Prolífico
457,Independence Hotel,78,Groucho Sinatra,9,26,Elenco Estándar,Actor Promedio
458,Indian Love,81,Scarlett Damon,10,36,Elenco Grande,Actor Muy Prolífico
458,Indian Love,38,Tom Mckellen,10,25,Elenco Grande,Actor Promedio
458,Indian Love,2,Nick Wahlberg,10,25,Elenco Grande,Actor Promedio
458,Indian Love,77,Cary Mcconaughey,10,24,Elenco Grande,Actor Promedio
458,Indian Love,8,Matthew Johansson,10,20,Elenco Grande,Actor Promedio
458,Indian Love,135,Rita Reynolds,10,20,Elenco Grande,Actor Promedio
458,Indian Love,107,Gina Degeneres,10,42,Elenco Grande,Actor Muy Prolífico
458,Indian Love,177,Gene Mckellen,10,27,Elenco Grande,Actor Promedio
458,Indian Love,149,Russell Temple,10,31,Elenco Grande,Actor Muy Prolífico
458,Indian Love,176,Jon Chase,10,29,Elenco Grande,Actor Promedio
459,Informer Double,155,Ian Tandy,3,31,Elenco Estándar,Actor Muy Prolífico
459,Informer Double,117,Renee Tracy,3,33,Elenco Estándar,Actor Muy Prolífico
459,Informer Double,127,Kevin Garland,3,33,Elenco Estándar,Actor Muy Prolífico
460,Innocent Usual,84,James Pitt,3,31,Elenco Estándar,Actor Muy Prolífico
460,Innocent Usual,58,Christian Akroyd,3,32,Elenco Estándar,Actor Muy Prolífico
460,Innocent Usual,18,Dan Torn,3,22,Elenco Estándar,Actor Promedio
461,Insects Stone,85,Minnie Zellweger,4,31,Elenco Estándar,Actor Muy Prolífico
461,Insects Stone,51,Gary Phoenix,4,25,Elenco Estándar,Actor Promedio
461,Insects Stone,176,Jon Chase,4,29,Elenco Estándar,Actor Promedio
461,Insects Stone,191,Gregory Gooding,4,30,Elenco Estándar,Actor Promedio
462,Insider Arizona,193,Burt Temple,9,23,Elenco Estándar,Actor Promedio
462,Insider Arizona,200,Thora Temple,9,20,Elenco Estándar,Actor Promedio
462,Insider Arizona,56,Dan Harris,9,28,Elenco Estándar,Actor Promedio
462,Insider Arizona,29,Alec Wayne,9,29,Elenco Estándar,Actor Promedio
462,Insider Arizona,27,Julia Mcqueen,9,33,Elenco Estándar,Actor Muy Prolífico
462,Insider Arizona,43,Kirk Jovovich,9,26,Elenco Estándar,Actor Promedio
462,Insider Arizona,18,Dan Torn,9,22,Elenco Estándar,Actor Promedio
462,Insider Arizona,156,Fay Wood,9,22,Elenco Estándar,Actor Promedio
462,Insider Arizona,128,Cate Mcqueen,9,30,Elenco Estándar,Actor Promedio
463,Instinct Airport,104,Penelope Cronyn,11,31,Elenco Grande,Actor Muy Prolífico
463,Instinct Airport,179,Ed Guiness,11,29,Elenco Grande,Actor Promedio
463,Instinct Airport,109,Sylvester Dern,11,22,Elenco Grande,Actor Promedio
463,Instinct Airport,151,Geoffrey Heston,11,26,Elenco Grande,Actor Promedio
463,Instinct Airport,133,Richard Penn,11,30,Elenco Grande,Actor Promedio
463,Instinct Airport,24,Cameron Streep,11,24,Elenco Grande,Actor Promedio
463,Instinct Airport,40,Johnny Cage,11,29,Elenco Grande,Actor Promedio
463,Instinct Airport,46,Parker Goldberg,11,24,Elenco Grande,Actor Promedio
463,Instinct Airport,7,Grace Mostel,11,30,Elenco Grande,Actor Promedio
463,Instinct Airport,45,Reese Kilmer,11,32,Elenco Grande,Actor Muy Prolífico
463,Instinct Airport,4,Jennifer Davis,11,22,Elenco Grande,Actor Promedio
464,Intentions Empire,76,Angelina Astaire,2,31,Elenco Estándar,Actor Muy Prolífico
464,Intentions Empire,198,Mary Keitel,2,40,Elenco Estándar,Actor Muy Prolífico
465,Interview Liaisons,192,John Suvari,5,29,Elenco Estándar,Actor Promedio
465,Interview Liaisons,200,Thora Temple,5,20,Elenco Estándar,Actor Promedio
465,Interview Liaisons,53,Mena Temple,5,30,Elenco Estándar,Actor Promedio
465,Interview Liaisons,62,Jayne Neeson,5,29,Elenco Estándar,Actor Promedio
465,Interview Liaisons,81,Scarlett Damon,5,36,Elenco Estándar,Actor Muy Prolífico
466,Intolerable Intentions,70,Michelle Mcconaughey,6,23,Elenco Estándar,Actor Promedio
466,Intolerable Intentions,97,Meg Hawke,6,27,Elenco Estándar,Actor Promedio
466,Intolerable Intentions,40,Johnny Cage,6,29,Elenco Estándar,Actor Promedio
466,Intolerable Intentions,36,Burt Dukakis,6,29,Elenco Estándar,Actor Promedio
466,Intolerable Intentions,69,Kenneth Paltrow,6,21,Elenco Estándar,Actor Promedio
466,Intolerable Intentions,171,Olympia Pfeiffer,6,28,Elenco Estándar,Actor Promedio
467,Intrigue Worst,156,Fay Wood,7,22,Elenco Estándar,Actor Promedio
467,Intrigue Worst,154,Meryl Gibson,7,28,Elenco Estándar,Actor Promedio
467,Intrigue Worst,141,Cate Harris,7,28,Elenco Estándar,Actor Promedio
467,Intrigue Worst,107,Gina Degeneres,7,42,Elenco Estándar,Actor Muy Prolífico
467,Intrigue Worst,73,Gary Penn,7,26,Elenco Estándar,Actor Promedio
467,Intrigue Worst,37,Val Bolger,7,35,Elenco Estándar,Actor Muy Prolífico
467,Intrigue Worst,45,Reese Kilmer,7,32,Elenco Estándar,Actor Muy Prolífico
468,Invasion Cyclone,82,Woody Jolie,7,31,Elenco Estándar,Actor Muy Prolífico
468,Invasion Cyclone,150,Jayne Nolte,7,34,Elenco Estándar,Actor Muy Prolífico
468,Invasion Cyclone,124,Scarlett Bening,7,26,Elenco Estándar,Actor Promedio
468,Invasion Cyclone,179,Ed Guiness,7,29,Elenco Estándar,Actor Promedio
468,Invasion Cyclone,117,Renee Tracy,7,33,Elenco Estándar,Actor Muy Prolífico
468,Invasion Cyclone,148,Emily Dee,7,14,Elenco Estándar,Actor Promedio
468,Invasion Cyclone,126,Frances Tomei,7,23,Elenco Estándar,Actor Promedio
469,Iron Moon,160,Chris Depp,8,20,Elenco Estándar,Actor Promedio
469,Iron Moon,106,Groucho Dunst,8,35,Elenco Estándar,Actor Muy Prolífico
469,Iron Moon,161,Harvey Hope,8,32,Elenco Estándar,Actor Muy Prolífico
469,Iron Moon,126,Frances Tomei,8,23,Elenco Estándar,Actor Promedio
469,Iron Moon,164,Humphrey Willis,8,26,Elenco Estándar,Actor Promedio
469,Iron Moon,49,Anne Cronyn,8,27,Elenco Estándar,Actor Promedio
469,Iron Moon,64,Ray Johansson,8,30,Elenco Estándar,Actor Promedio
469,Iron Moon,17,Helen Voight,8,32,Elenco Estándar,Actor Muy Prolífico
470,Ishtar Rocketeer,92,Kirsten Akroyd,4,34,Elenco Estándar,Actor Muy Prolífico
470,Ishtar Rocketeer,192,John Suvari,4,29,Elenco Estándar,Actor Promedio
470,Ishtar Rocketeer,142,Jada Ryder,4,31,Elenco Estándar,Actor Muy Prolífico
470,Ishtar Rocketeer,122,Salma Nolte,4,25,Elenco Estándar,Actor Promedio
471,Island Exorcist,129,Daryl Crawford,3,30,Elenco Estándar,Actor Promedio
471,Island Exorcist,64,Ray Johansson,3,30,Elenco Estándar,Actor Promedio
471,Island Exorcist,65,Angela Hudson,3,34,Elenco Estándar,Actor Muy Prolífico
472,Italian African,14,Vivien Bergen,2,30,Elenco Estándar,Actor Promedio
472,Italian African,190,Audrey Bailey,2,27,Elenco Estándar,Actor Promedio
473,Jacket Frisco,196,Bela Walken,10,30,Elenco Grande,Actor Promedio
473,Jacket Frisco,144,Angela Witherspoon,10,35,Elenco Grande,Actor Muy Prolífico
473,Jacket Frisco,158,Vivien Basinger,10,35,Elenco Grande,Actor Muy Prolífico
473,Jacket Frisco,165,Al Garland,10,26,Elenco Grande,Actor Promedio
473,Jacket Frisco,89,Charlize Dench,10,24,Elenco Grande,Actor Promedio
473,Jacket Frisco,94,Kenneth Torn,10,33,Elenco Grande,Actor Muy Prolífico
473,Jacket Frisco,19,Bob Fawcett,10,25,Elenco Grande,Actor Promedio
473,Jacket Frisco,33,Milla Peck,10,24,Elenco Grande,Actor Promedio
473,Jacket Frisco,93,Ellen Presley,10,25,Elenco Grande,Actor Promedio
473,Jacket Frisco,79,Mae Hoffman,10,28,Elenco Grande,Actor Promedio
474,Jade Bunch,56,Dan Harris,8,28,Elenco Estándar,Actor Promedio
474,Jade Bunch,52,Carmen Hunt,8,26,Elenco Estándar,Actor Promedio
474,Jade Bunch,76,Angelina Astaire,8,31,Elenco Estándar,Actor Muy Prolífico
474,Jade Bunch,200,Thora Temple,8,20,Elenco Estándar,Actor Promedio
474,Jade Bunch,154,Meryl Gibson,8,28,Elenco Estándar,Actor Promedio
474,Jade Bunch,111,Cameron Zellweger,8,33,Elenco Estándar,Actor Muy Prolífico
474,Jade Bunch,187,Renee Ball,8,33,Elenco Estándar,Actor Muy Prolífico
474,Jade Bunch,136,Ed Mansfield,8,32,Elenco Estándar,Actor Muy Prolífico
475,Japanese Run,152,Ben Harris,9,23,Elenco Estándar,Actor Promedio
475,Japanese Run,99,Jim Mostel,9,26,Elenco Estándar,Actor Promedio
475,Japanese Run,145,Kim Allen,9,28,Elenco Estándar,Actor Promedio
475,Japanese Run,85,Minnie Zellweger,9,31,Elenco Estándar,Actor Muy Prolífico
475,Japanese Run,80,Ralph Cruz,9,28,Elenco Estándar,Actor Promedio
475,Japanese Run,94,Kenneth Torn,9,33,Elenco Estándar,Actor Muy Prolífico
475,Japanese Run,14,Vivien Bergen,9,30,Elenco Estándar,Actor Promedio
475,Japanese Run,65,Angela Hudson,9,34,Elenco Estándar,Actor Muy Prolífico
475,Japanese Run,192,John Suvari,9,29,Elenco Estándar,Actor Promedio
476,Jason Trap,153,Minnie Kilmer,5,20,Elenco Estándar,Actor Promedio
476,Jason Trap,152,Ben Harris,5,23,Elenco Estándar,Actor Promedio
476,Jason Trap,65,Angela Hudson,5,34,Elenco Estándar,Actor Muy Prolífico
476,Jason Trap,50,Natalie Hopkins,5,32,Elenco Estándar,Actor Muy Prolífico
476,Jason Trap,39,Goldie Brody,5,28,Elenco Estándar,Actor Promedio
477,Jawbreaker Brooklyn,67,Jessica Bailey,5,23,Elenco Estándar,Actor Promedio
477,Jawbreaker Brooklyn,58,Christian Akroyd,5,32,Elenco Estándar,Actor Muy Prolífico
477,Jawbreaker Brooklyn,37,Val Bolger,5,35,Elenco Estándar,Actor Muy Prolífico
477,Jawbreaker Brooklyn,10,Christian Gable,5,22,Elenco Estándar,Actor Promedio
477,Jawbreaker Brooklyn,27,Julia Mcqueen,5,33,Elenco Estándar,Actor Muy Prolífico
478,Jaws Harry,85,Minnie Zellweger,5,31,Elenco Estándar,Actor Muy Prolífico
478,Jaws Harry,20,Lucille Tracy,5,30,Elenco Estándar,Actor Promedio
478,Jaws Harry,17,Helen Voight,5,32,Elenco Estándar,Actor Muy Prolífico
478,Jaws Harry,46,Parker Goldberg,5,24,Elenco Estándar,Actor Promedio
478,Jaws Harry,130,Greta Keitel,5,27,Elenco Estándar,Actor Promedio
479,Jedi Beneath,121,Liza Bergman,4,25,Elenco Estándar,Actor Promedio
479,Jedi Beneath,131,Jane Jackman,4,25,Elenco Estándar,Actor Promedio
479,Jedi Beneath,123,Julianne Dench,4,32,Elenco Estándar,Actor Muy Prolífico
479,Jedi Beneath,84,James Pitt,4,31,Elenco Estándar,Actor Muy Prolífico
480,Jeepers Wedding,3,Ed Chase,6,22,Elenco Estándar,Actor Promedio
480,Jeepers Wedding,91,Christopher Berry,6,20,Elenco Estándar,Actor Promedio
480,Jeepers Wedding,10,Christian Gable,6,22,Elenco Estándar,Actor Promedio
480,Jeepers Wedding,82,Woody Jolie,6,31,Elenco Estándar,Actor Muy Prolífico
480,Jeepers Wedding,153,Minnie Kilmer,6,20,Elenco Estándar,Actor Promedio
480,Jeepers Wedding,123,Julianne Dench,6,32,Elenco Estándar,Actor Muy Prolífico
481,Jekyll Frogmen,142,Jada Ryder,3,31,Elenco Estándar,Actor Muy Prolífico
481,Jekyll Frogmen,116,Dan Streep,3,24,Elenco Estándar,Actor Promedio
481,Jekyll Frogmen,2,Nick Wahlberg,3,25,Elenco Estándar,Actor Promedio
482,Jeopardy Encino,29,Alec Wayne,5,29,Elenco Estándar,Actor Promedio
482,Jeopardy Encino,86,Greg Chaplin,5,27,Elenco Estándar,Actor Promedio
482,Jeopardy Encino,198,Mary Keitel,5,40,Elenco Estándar,Actor Muy Prolífico
482,Jeopardy Encino,151,Geoffrey Heston,5,26,Elenco Estándar,Actor Promedio
482,Jeopardy Encino,186,Julia Zellweger,5,16,Elenco Estándar,Actor Promedio
483,Jericho Mulan,178,Lisa Monroe,4,23,Elenco Estándar,Actor Promedio
483,Jericho Mulan,175,William Hackman,4,27,Elenco Estándar,Actor Promedio
483,Jericho Mulan,158,Vivien Basinger,4,35,Elenco Estándar,Actor Muy Prolífico
483,Jericho Mulan,22,Elvis Marx,4,26,Elenco Estándar,Actor Promedio
484,Jerk Paycheck,36,Burt Dukakis,8,29,Elenco Estándar,Actor Promedio
484,Jerk Paycheck,18,Dan Torn,8,22,Elenco Estándar,Actor Promedio
484,Jerk Paycheck,47,Julia Barrymore,8,24,Elenco Estándar,Actor Promedio
484,Jerk Paycheck,45,Reese Kilmer,8,32,Elenco Estándar,Actor Muy Prolífico
484,Jerk Paycheck,74,Milla Keitel,8,28,Elenco Estándar,Actor Promedio
484,Jerk Paycheck,160,Chris Depp,8,20,Elenco Estándar,Actor Promedio
484,Jerk Paycheck,135,Rita Reynolds,8,20,Elenco Estándar,Actor Promedio
484,Jerk Paycheck,196,Bela Walken,8,30,Elenco Estándar,Actor Promedio
485,Jersey Sassy,192,John Suvari,9,29,Elenco Estándar,Actor Promedio
485,Jersey Sassy,37,Val Bolger,9,35,Elenco Estándar,Actor Muy Prolífico
485,Jersey Sassy,2,Nick Wahlberg,9,25,Elenco Estándar,Actor Promedio
485,Jersey Sassy,55,Fay Kilmer,9,20,Elenco Estándar,Actor Promedio
485,Jersey Sassy,11,Zero Cage,9,25,Elenco Estándar,Actor Promedio
485,Jersey Sassy,136,Ed Mansfield,9,32,Elenco Estándar,Actor Muy Prolífico
485,Jersey Sassy,102,Walter Torn,9,41,Elenco Estándar,Actor Muy Prolífico
485,Jersey Sassy,128,Cate Mcqueen,9,30,Elenco Estándar,Actor Promedio
485,Jersey Sassy,143,River Dean,9,31,Elenco Estándar,Actor Muy Prolífico
486,Jet Neighbors,184,Humphrey Garland,6,29,Elenco Estándar,Actor Promedio
486,Jet Neighbors,153,Minnie Kilmer,6,20,Elenco Estándar,Actor Promedio
486,Jet Neighbors,194,Meryl Allen,6,22,Elenco Estándar,Actor Promedio
486,Jet Neighbors,96,Gene Willis,6,23,Elenco Estándar,Actor Promedio
486,Jet Neighbors,55,Fay Kilmer,6,20,Elenco Estándar,Actor Promedio
486,Jet Neighbors,86,Greg Chaplin,6,27,Elenco Estándar,Actor Promedio
487,Jingle Sagebrush,172,Groucho Williams,2,25,Elenco Estándar,Actor Promedio
487,Jingle Sagebrush,145,Kim Allen,2,28,Elenco Estándar,Actor Promedio
488,Joon Northwest,89,Charlize Dench,2,24,Elenco Estándar,Actor Promedio
488,Joon Northwest,29,Alec Wayne,2,29,Elenco Estándar,Actor Promedio
489,Juggler Hardly,54,Penelope Pinkett,9,25,Elenco Estándar,Actor Promedio
489,Juggler Hardly,33,Milla Peck,9,24,Elenco Estándar,Actor Promedio
489,Juggler Hardly,139,Ewan Gooding,9,33,Elenco Estándar,Actor Muy Prolífico
489,Juggler Hardly,137,Morgan Williams,9,27,Elenco Estándar,Actor Promedio
489,Juggler Hardly,122,Salma Nolte,9,25,Elenco Estándar,Actor Promedio
489,Juggler Hardly,111,Cameron Zellweger,9,33,Elenco Estándar,Actor Muy Prolífico
489,Juggler Hardly,120,Penelope Monroe,9,27,Elenco Estándar,Actor Promedio
489,Juggler Hardly,154,Meryl Gibson,9,28,Elenco Estándar,Actor Promedio
489,Juggler Hardly,179,Ed Guiness,9,29,Elenco Estándar,Actor Promedio
490,Jumanji Blade,99,Jim Mostel,6,26,Elenco Estándar,Actor Promedio
490,Jumanji Blade,44,Nick Stallone,6,30,Elenco Estándar,Actor Promedio
490,Jumanji Blade,51,Gary Phoenix,6,25,Elenco Estándar,Actor Promedio
490,Jumanji Blade,53,Mena Temple,6,30,Elenco Estándar,Actor Promedio
490,Jumanji Blade,19,Bob Fawcett,6,25,Elenco Estándar,Actor Promedio
490,Jumanji Blade,4,Jennifer Davis,6,22,Elenco Estándar,Actor Promedio
491,Jumping Wrath,23,Sandra Kilmer,8,37,Elenco Estándar,Actor Muy Prolífico
491,Jumping Wrath,65,Angela Hudson,8,34,Elenco Estándar,Actor Muy Prolífico
491,Jumping Wrath,84,James Pitt,8,31,Elenco Estándar,Actor Muy Prolífico
491,Jumping Wrath,22,Elvis Marx,8,26,Elenco Estándar,Actor Promedio
491,Jumping Wrath,173,Alan Dreyfuss,8,27,Elenco Estándar,Actor Promedio
491,Jumping Wrath,101,Susan Davis,8,33,Elenco Estándar,Actor Muy Prolífico
491,Jumping Wrath,141,Cate Harris,8,28,Elenco Estándar,Actor Promedio
491,Jumping Wrath,122,Salma Nolte,8,25,Elenco Estándar,Actor Promedio
492,Jungle Closer,116,Dan Streep,6,24,Elenco Estándar,Actor Promedio
492,Jungle Closer,184,Humphrey Garland,6,29,Elenco Estándar,Actor Promedio
492,Jungle Closer,189,Cuba Birch,6,24,Elenco Estándar,Actor Promedio
492,Jungle Closer,75,Burt Posey,6,24,Elenco Estándar,Actor Promedio
492,Jungle Closer,20,Lucille Tracy,6,30,Elenco Estándar,Actor Promedio
492,Jungle Closer,53,Mena Temple,6,30,Elenco Estándar,Actor Promedio
493,Kane Exorcist,91,Christopher Berry,5,20,Elenco Estándar,Actor Promedio
493,Kane Exorcist,36,Burt Dukakis,5,29,Elenco Estándar,Actor Promedio
493,Kane Exorcist,60,Henry Berry,5,35,Elenco Estándar,Actor Muy Prolífico
493,Kane Exorcist,34,Audrey Olivier,5,25,Elenco Estándar,Actor Promedio
493,Kane Exorcist,172,Groucho Williams,5,25,Elenco Estándar,Actor Promedio
494,Karate Moon,145,Kim Allen,8,28,Elenco Estándar,Actor Promedio
494,Karate Moon,101,Susan Davis,8,33,Elenco Estándar,Actor Muy Prolífico
494,Karate Moon,185,Michael Bolger,8,30,Elenco Estándar,Actor Promedio
494,Karate Moon,123,Julianne Dench,8,32,Elenco Estándar,Actor Muy Prolífico
494,Karate Moon,142,Jada Ryder,8,31,Elenco Estándar,Actor Muy Prolífico
494,Karate Moon,131,Jane Jackman,8,25,Elenco Estándar,Actor Promedio
494,Karate Moon,40,Johnny Cage,8,29,Elenco Estándar,Actor Promedio
494,Karate Moon,195,Jayne Silverstone,8,27,Elenco Estándar,Actor Promedio
495,Kentuckian Giant,108,Warren Nolte,4,34,Elenco Estándar,Actor Muy Prolífico
495,Kentuckian Giant,183,Russell Close,4,19,Elenco Estándar,Actor Promedio
495,Kentuckian Giant,14,Vivien Bergen,4,30,Elenco Estándar,Actor Promedio
495,Kentuckian Giant,22,Elvis Marx,4,26,Elenco Estándar,Actor Promedio
496,Kick Savannah,67,Jessica Bailey,6,23,Elenco Estándar,Actor Promedio
496,Kick Savannah,65,Angela Hudson,6,34,Elenco Estándar,Actor Muy Prolífico
496,Kick Savannah,157,Greta Malden,6,32,Elenco Estándar,Actor Muy Prolífico
496,Kick Savannah,173,Alan Dreyfuss,6,27,Elenco Estándar,Actor Promedio
496,Kick Savannah,167,Laurence Bullock,6,26,Elenco Estándar,Actor Promedio
496,Kick Savannah,174,Michael Bening,6,24,Elenco Estándar,Actor Promedio
497,Kill Brotherhood,125,Albert Nolte,5,31,Elenco Estándar,Actor Muy Prolífico
497,Kill Brotherhood,143,River Dean,5,31,Elenco Estándar,Actor Muy Prolífico
497,Kill Brotherhood,82,Woody Jolie,5,31,Elenco Estándar,Actor Muy Prolífico
497,Kill Brotherhood,68,Rip Winslet,5,30,Elenco Estándar,Actor Promedio
497,Kill Brotherhood,21,Kirsten Paltrow,5,27,Elenco Estándar,Actor Promedio
498,Killer Innocent,95,Daryl Wahlberg,5,31,Elenco Estándar,Actor Muy Prolífico
498,Killer Innocent,75,Burt Posey,5,24,Elenco Estándar,Actor Promedio
498,Killer Innocent,76,Angelina Astaire,5,31,Elenco Estándar,Actor Muy Prolífico
498,Killer Innocent,194,Meryl Allen,5,22,Elenco Estándar,Actor Promedio
498,Killer Innocent,140,Whoopi Hurt,5,32,Elenco Estándar,Actor Muy Prolífico
499,King Evolution,118,Cuba Allen,6,25,Elenco Estándar,Actor Promedio
499,King Evolution,187,Renee Ball,6,33,Elenco Estándar,Actor Muy Prolífico
499,King Evolution,36,Burt Dukakis,6,29,Elenco Estándar,Actor Promedio
499,King Evolution,1,Penelope Guiness,6,19,Elenco Estándar,Actor Promedio
499,King Evolution,20,Lucille Tracy,6,30,Elenco Estándar,Actor Promedio
499,King Evolution,198,Mary Keitel,6,40,Elenco Estándar,Actor Muy Prolífico
500,Kiss Glory,162,Oprah Kilmer,7,25,Elenco Estándar,Actor Promedio
500,Kiss Glory,184,Humphrey Garland,7,29,Elenco Estándar,Actor Promedio
500,Kiss Glory,106,Groucho Dunst,7,35,Elenco Estándar,Actor Muy Prolífico
500,Kiss Glory,17,Helen Voight,7,32,Elenco Estándar,Actor Muy Prolífico
500,Kiss Glory,27,Julia Mcqueen,7,33,Elenco Estándar,Actor Muy Prolífico
500,Kiss Glory,15,Cuba Olivier,7,28,Elenco Estándar,Actor Promedio
500,Kiss Glory,42,Tom Miranda,7,27,Elenco Estándar,Actor Promedio
501,Kissing Dolls,38,Tom Mckellen,3,25,Elenco Estándar,Actor Promedio
501,Kissing Dolls,142,Jada Ryder,3,31,Elenco Estándar,Actor Muy Prolífico
501,Kissing Dolls,151,Geoffrey Heston,3,26,Elenco Estándar,Actor Promedio
502,Knock Warlock,28,Woody Hoffman,6,31,Elenco Estándar,Actor Muy Prolífico
502,Knock Warlock,45,Reese Kilmer,6,32,Elenco Estándar,Actor Muy Prolífico
502,Knock Warlock,15,Cuba Olivier,6,28,Elenco Estándar,Actor Promedio
502,Knock Warlock,34,Audrey Olivier,6,25,Elenco Estándar,Actor Promedio
502,Knock Warlock,57,Jude Cruise,6,30,Elenco Estándar,Actor Promedio
502,Knock Warlock,42,Tom Miranda,6,27,Elenco Estándar,Actor Promedio
503,Kramer Chocolate,16,Fred Costner,8,27,Elenco Estándar,Actor Promedio
503,Kramer Chocolate,45,Reese Kilmer,8,32,Elenco Estándar,Actor Muy Prolífico
503,Kramer Chocolate,74,Milla Keitel,8,28,Elenco Estándar,Actor Promedio
503,Kramer Chocolate,27,Julia Mcqueen,8,33,Elenco Estándar,Actor Muy Prolífico
503,Kramer Chocolate,5,Johnny Lollobrigida,8,29,Elenco Estándar,Actor Promedio
503,Kramer Chocolate,6,Bette Nicholson,8,20,Elenco Estándar,Actor Promedio
503,Kramer Chocolate,82,Woody Jolie,8,31,Elenco Estándar,Actor Muy Prolífico
503,Kramer Chocolate,123,Julianne Dench,8,32,Elenco Estándar,Actor Muy Prolífico
504,Kwai Homeward,144,Angela Witherspoon,5,35,Elenco Estándar,Actor Muy Prolífico
504,Kwai Homeward,156,Fay Wood,5,22,Elenco Estándar,Actor Promedio
504,Kwai Homeward,142,Jada Ryder,5,31,Elenco Estándar,Actor Muy Prolífico
504,Kwai Homeward,50,Natalie Hopkins,5,32,Elenco Estándar,Actor Muy Prolífico
504,Kwai Homeward,70,Michelle Mcconaughey,5,23,Elenco Estándar,Actor Promedio
505,Labyrinth League,92,Kirsten Akroyd,6,34,Elenco Estándar,Actor Muy Prolífico
505,Labyrinth League,42,Tom Miranda,6,27,Elenco Estándar,Actor Promedio
505,Labyrinth League,78,Groucho Sinatra,6,26,Elenco Estándar,Actor Promedio
505,Labyrinth League,81,Scarlett Damon,6,36,Elenco Estándar,Actor Muy Prolífico
505,Labyrinth League,169,Kenneth Hoffman,6,29,Elenco Estándar,Actor Promedio
505,Labyrinth League,106,Groucho Dunst,6,35,Elenco Estándar,Actor Muy Prolífico
506,Lady Stage,180,Jeff Silverstone,8,25,Elenco Estándar,Actor Promedio
506,Lady Stage,115,Harrison Bale,8,28,Elenco Estándar,Actor Promedio
506,Lady Stage,104,Penelope Cronyn,8,31,Elenco Estándar,Actor Muy Prolífico
506,Lady Stage,188,Rock Dukakis,8,30,Elenco Estándar,Actor Promedio
506,Lady Stage,1,Penelope Guiness,8,19,Elenco Estándar,Actor Promedio
506,Lady Stage,64,Ray Johansson,8,30,Elenco Estándar,Actor Promedio
506,Lady Stage,48,Frances Day-Lewis,8,26,Elenco Estándar,Actor Promedio
506,Lady Stage,49,Anne Cronyn,8,27,Elenco Estándar,Actor Promedio
507,Ladybugs Armageddon,21,Kirsten Paltrow,4,27,Elenco Estándar,Actor Promedio
507,Ladybugs Armageddon,130,Greta Keitel,4,27,Elenco Estándar,Actor Promedio
507,Ladybugs Armageddon,181,Matthew Carrey,4,39,Elenco Estándar,Actor Muy Prolífico
507,Ladybugs Armageddon,108,Warren Nolte,4,34,Elenco Estándar,Actor Muy Prolífico
508,Lambs Cincinatti,102,Walter Torn,15,41,Mega Elenco,Actor Muy Prolífico
508,Lambs Cincinatti,138,Lucille Dee,15,24,Mega Elenco,Actor Promedio
508,Lambs Cincinatti,170,Mena Hopper,15,24,Mega Elenco,Actor Promedio
508,Lambs Cincinatti,150,Jayne Nolte,15,34,Mega Elenco,Actor Muy Prolífico
508,Lambs Cincinatti,111,Cameron Zellweger,15,33,Mega Elenco,Actor Muy Prolífico
508,Lambs Cincinatti,186,Julia Zellweger,15,16,Mega Elenco,Actor Promedio
508,Lambs Cincinatti,147,Fay Winslet,15,31,Mega Elenco,Actor Muy Prolífico
508,Lambs Cincinatti,53,Mena Temple,15,30,Mega Elenco,Actor Promedio
508,Lambs Cincinatti,28,Woody Hoffman,15,31,Mega Elenco,Actor Muy Prolífico
508,Lambs Cincinatti,75,Burt Posey,15,24,Mega Elenco,Actor Promedio
508,Lambs Cincinatti,47,Julia Barrymore,15,24,Mega Elenco,Actor Promedio
508,Lambs Cincinatti,45,Reese Kilmer,15,32,Mega Elenco,Actor Muy Prolífico
508,Lambs Cincinatti,37,Val Bolger,15,35,Mega Elenco,Actor Muy Prolífico
508,Lambs Cincinatti,61,Christian Neeson,15,25,Mega Elenco,Actor Promedio
508,Lambs Cincinatti,81,Scarlett Damon,15,36,Mega Elenco,Actor Muy Prolífico
509,Language Cowboy,1,Penelope Guiness,6,19,Elenco Estándar,Actor Promedio
509,Language Cowboy,91,Christopher Berry,6,20,Elenco Estándar,Actor Promedio
509,Language Cowboy,6,Bette Nicholson,6,20,Elenco Estándar,Actor Promedio
509,Language Cowboy,189,Cuba Birch,6,24,Elenco Estándar,Actor Promedio
509,Language Cowboy,140,Whoopi Hurt,6,32,Elenco Estándar,Actor Muy Prolífico
509,Language Cowboy,119,Warren Jackman,6,32,Elenco Estándar,Actor Muy Prolífico
510,Lawless Vision,185,Michael Bolger,4,30,Elenco Estándar,Actor Promedio
510,Lawless Vision,19,Bob Fawcett,4,25,Elenco Estándar,Actor Promedio
510,Lawless Vision,9,Joe Swank,4,25,Elenco Estándar,Actor Promedio
510,Lawless Vision,54,Penelope Pinkett,4,25,Elenco Estándar,Actor Promedio
511,Lawrence Love,91,Christopher Berry,2,20,Elenco Estándar,Actor Promedio
511,Lawrence Love,101,Susan Davis,2,33,Elenco Estándar,Actor Muy Prolífico
512,League Hellfighters,189,Cuba Birch,6,24,Elenco Estándar,Actor Promedio
512,League Hellfighters,146,Albert Johansson,6,33,Elenco Estándar,Actor Muy Prolífico
512,League Hellfighters,99,Jim Mostel,6,26,Elenco Estándar,Actor Promedio
512,League Hellfighters,94,Kenneth Torn,6,33,Elenco Estándar,Actor Muy Prolífico
512,League Hellfighters,67,Jessica Bailey,6,23,Elenco Estándar,Actor Promedio
512,League Hellfighters,92,Kirsten Akroyd,6,34,Elenco Estándar,Actor Muy Prolífico
513,Leathernecks Dwarfs,19,Bob Fawcett,7,25,Elenco Estándar,Actor Promedio
513,Leathernecks Dwarfs,13,Uma Wood,7,35,Elenco Estándar,Actor Muy Prolífico
513,Leathernecks Dwarfs,12,Karl Berry,7,31,Elenco Estándar,Actor Muy Prolífico
513,Leathernecks Dwarfs,110,Susan Davis,7,21,Elenco Estándar,Actor Promedio
513,Leathernecks Dwarfs,155,Ian Tandy,7,31,Elenco Estándar,Actor Muy Prolífico
513,Leathernecks Dwarfs,120,Penelope Monroe,7,27,Elenco Estándar,Actor Promedio
513,Leathernecks Dwarfs,100,Spencer Depp,7,24,Elenco Estándar,Actor Promedio
514,Lebowski Soldiers,146,Albert Johansson,3,33,Elenco Estándar,Actor Muy Prolífico
514,Lebowski Soldiers,133,Richard Penn,3,30,Elenco Estándar,Actor Promedio
514,Lebowski Soldiers,9,Joe Swank,3,25,Elenco Estándar,Actor Promedio
515,Legally Secretary,24,Cameron Streep,6,24,Elenco Estándar,Actor Promedio
515,Legally Secretary,52,Carmen Hunt,6,26,Elenco Estándar,Actor Promedio
515,Legally Secretary,13,Uma Wood,6,35,Elenco Estándar,Actor Muy Prolífico
515,Legally Secretary,17,Helen Voight,6,32,Elenco Estándar,Actor Muy Prolífico
515,Legally Secretary,196,Bela Walken,6,30,Elenco Estándar,Actor Promedio
515,Legally Secretary,131,Jane Jackman,6,25,Elenco Estándar,Actor Promedio
516,Legend Jedi,128,Cate Mcqueen,4,30,Elenco Estándar,Actor Promedio
516,Legend Jedi,104,Penelope Cronyn,4,31,Elenco Estándar,Actor Muy Prolífico
516,Legend Jedi,38,Tom Mckellen,4,25,Elenco Estándar,Actor Promedio
516,Legend Jedi,65,Angela Hudson,4,34,Elenco Estándar,Actor Muy Prolífico
517,Lesson Cleopatra,52,Carmen Hunt,12,26,Elenco Grande,Actor Promedio
517,Lesson Cleopatra,94,Kenneth Torn,12,33,Elenco Grande,Actor Muy Prolífico
517,Lesson Cleopatra,6,Bette Nicholson,12,20,Elenco Grande,Actor Promedio
517,Lesson Cleopatra,65,Angela Hudson,12,34,Elenco Grande,Actor Muy Prolífico
517,Lesson Cleopatra,63,Cameron Wray,12,19,Elenco Grande,Actor Promedio
517,Lesson Cleopatra,102,Walter Torn,12,41,Elenco Grande,Actor Muy Prolífico
517,Lesson Cleopatra,188,Rock Dukakis,12,30,Elenco Grande,Actor Promedio
517,Lesson Cleopatra,108,Warren Nolte,12,34,Elenco Grande,Actor Muy Prolífico
517,Lesson Cleopatra,178,Lisa Monroe,12,23,Elenco Grande,Actor Promedio
517,Lesson Cleopatra,121,Liza Bergman,12,25,Elenco Grande,Actor Promedio
517,Lesson Cleopatra,176,Jon Chase,12,29,Elenco Grande,Actor Promedio
517,Lesson Cleopatra,118,Cuba Allen,12,25,Elenco Grande,Actor Promedio
518,Liaisons Sweet,185,Michael Bolger,6,30,Elenco Estándar,Actor Promedio
518,Liaisons Sweet,156,Fay Wood,6,22,Elenco Estándar,Actor Promedio
518,Liaisons Sweet,97,Meg Hawke,6,27,Elenco Estándar,Actor Promedio
518,Liaisons Sweet,53,Mena Temple,6,30,Elenco Estándar,Actor Promedio
518,Liaisons Sweet,61,Christian Neeson,6,25,Elenco Estándar,Actor Promedio
518,Liaisons Sweet,2,Nick Wahlberg,6,25,Elenco Estándar,Actor Promedio
519,Liberty Magnificent,6,Bette Nicholson,7,20,Elenco Estándar,Actor Promedio
519,Liberty Magnificent,61,Christian Neeson,7,25,Elenco Estándar,Actor Promedio
519,Liberty Magnificent,83,Ben Willis,7,33,Elenco Estándar,Actor Muy Prolífico
519,Liberty Magnificent,86,Greg Chaplin,7,27,Elenco Estándar,Actor Promedio
519,Liberty Magnificent,29,Alec Wayne,7,29,Elenco Estándar,Actor Promedio
519,Liberty Magnificent,168,Will Wilson,7,31,Elenco Estándar,Actor Muy Prolífico
519,Liberty Magnificent,189,Cuba Birch,7,24,Elenco Estándar,Actor Promedio
520,License Weekend,107,Gina Degeneres,8,42,Elenco Estándar,Actor Muy Prolífico
520,License Weekend,129,Daryl Crawford,8,30,Elenco Estándar,Actor Promedio
520,License Weekend,183,Russell Close,8,19,Elenco Estándar,Actor Promedio
520,License Weekend,90,Sean Guiness,8,33,Elenco Estándar,Actor Muy Prolífico
520,License Weekend,50,Natalie Hopkins,8,32,Elenco Estándar,Actor Muy Prolífico
520,License Weekend,86,Greg Chaplin,8,27,Elenco Estándar,Actor Promedio
520,License Weekend,78,Groucho Sinatra,8,26,Elenco Estándar,Actor Promedio
520,License Weekend,195,Jayne Silverstone,8,27,Elenco Estándar,Actor Promedio
521,Lies Treatment,102,Walter Torn,7,41,Elenco Estándar,Actor Muy Prolífico
521,Lies Treatment,176,Jon Chase,7,29,Elenco Estándar,Actor Promedio
521,Lies Treatment,119,Warren Jackman,7,32,Elenco Estándar,Actor Muy Prolífico
521,Lies Treatment,40,Johnny Cage,7,29,Elenco Estándar,Actor Promedio
521,Lies Treatment,94,Kenneth Torn,7,33,Elenco Estándar,Actor Muy Prolífico
521,Lies Treatment,17,Helen Voight,7,32,Elenco Estándar,Actor Muy Prolífico
521,Lies Treatment,56,Dan Harris,7,28,Elenco Estándar,Actor Promedio
522,Life Twisted,95,Daryl Wahlberg,8,31,Elenco Estándar,Actor Muy Prolífico
522,Life Twisted,13,Uma Wood,8,35,Elenco Estándar,Actor Muy Prolífico
522,Life Twisted,10,Christian Gable,8,22,Elenco Estándar,Actor Promedio
522,Life Twisted,85,Minnie Zellweger,8,31,Elenco Estándar,Actor Muy Prolífico
522,Life Twisted,197,Reese West,8,33,Elenco Estándar,Actor Muy Prolífico
522,Life Twisted,181,Matthew Carrey,8,39,Elenco Estándar,Actor Muy Prolífico
522,Life Twisted,177,Gene Mckellen,8,27,Elenco Estándar,Actor Promedio
522,Life Twisted,163,Christopher West,8,21,Elenco Estándar,Actor Promedio
523,Lights Deer,32,Tim Hackman,2,23,Elenco Estándar,Actor Promedio
523,Lights Deer,8,Matthew Johansson,2,20,Elenco Estándar,Actor Promedio
524,Lion Uncut,13,Uma Wood,3,35,Elenco Estándar,Actor Muy Prolífico
524,Lion Uncut,54,Penelope Pinkett,3,25,Elenco Estándar,Actor Promedio
524,Lion Uncut,196,Bela Walken,3,30,Elenco Estándar,Actor Promedio
525,Loathing Legally,113,Morgan Hopkins,5,27,Elenco Estándar,Actor Promedio
525,Loathing Legally,110,Susan Davis,5,21,Elenco Estándar,Actor Promedio
525,Loathing Legally,130,Greta Keitel,5,27,Elenco Estándar,Actor Promedio
525,Loathing Legally,51,Gary Phoenix,5,25,Elenco Estándar,Actor Promedio
525,Loathing Legally,34,Audrey Olivier,5,25,Elenco Estándar,Actor Promedio
526,Lock Rear,102,Walter Torn,2,41,Elenco Estándar,Actor Muy Prolífico
526,Lock Rear,161,Harvey Hope,2,32,Elenco Estándar,Actor Muy Prolífico
527,Lola Agent,151,Geoffrey Heston,6,26,Elenco Estándar,Actor Promedio
527,Lola Agent,145,Kim Allen,6,28,Elenco Estándar,Actor Promedio
527,Lola Agent,81,Scarlett Damon,6,36,Elenco Estándar,Actor Muy Prolífico
527,Lola Agent,82,Woody Jolie,6,31,Elenco Estándar,Actor Muy Prolífico
527,Lola Agent,20,Lucille Tracy,6,30,Elenco Estándar,Actor Promedio
527,Lola Agent,42,Tom Miranda,6,27,Elenco Estándar,Actor Promedio
528,Lolita World,13,Uma Wood,1,35,Elenco Estándar,Actor Muy Prolífico
529,Lonely Elephant,90,Sean Guiness,12,33,Elenco Grande,Actor Muy Prolífico
529,Lonely Elephant,37,Val Bolger,12,35,Elenco Grande,Actor Muy Prolífico
529,Lonely Elephant,26,Rip Crawford,12,33,Elenco Grande,Actor Muy Prolífico
529,Lonely Elephant,84,James Pitt,12,31,Elenco Grande,Actor Muy Prolífico
529,Lonely Elephant,83,Ben Willis,12,33,Elenco Grande,Actor Muy Prolífico
529,Lonely Elephant,69,Kenneth Paltrow,12,21,Elenco Grande,Actor Promedio
529,Lonely Elephant,89,Charlize Dench,12,24,Elenco Grande,Actor Promedio
529,Lonely Elephant,172,Groucho Williams,12,25,Elenco Grande,Actor Promedio
529,Lonely Elephant,102,Walter Torn,12,41,Elenco Grande,Actor Muy Prolífico
529,Lonely Elephant,173,Alan Dreyfuss,12,27,Elenco Grande,Actor Promedio
529,Lonely Elephant,188,Rock Dukakis,12,30,Elenco Grande,Actor Promedio
529,Lonely Elephant,139,Ewan Gooding,12,33,Elenco Grande,Actor Muy Prolífico
530,Lord Arizona,123,Julianne Dench,6,32,Elenco Estándar,Actor Muy Prolífico
530,Lord Arizona,137,Morgan Williams,6,27,Elenco Estándar,Actor Promedio
530,Lord Arizona,105,Sidney Crowe,6,34,Elenco Estándar,Actor Muy Prolífico
530,Lord Arizona,78,Groucho Sinatra,6,26,Elenco Estándar,Actor Promedio
530,Lord Arizona,10,Christian Gable,6,22,Elenco Estándar,Actor Promedio
530,Lord Arizona,21,Kirsten Paltrow,6,27,Elenco Estándar,Actor Promedio
531,Lose Inch,20,Lucille Tracy,4,30,Elenco Estándar,Actor Promedio
531,Lose Inch,194,Meryl Allen,4,22,Elenco Estándar,Actor Promedio
531,Lose Inch,197,Reese West,4,33,Elenco Estándar,Actor Muy Prolífico
531,Lose Inch,115,Harrison Bale,4,28,Elenco Estándar,Actor Promedio
532,Loser Hustler,158,Vivien Basinger,5,35,Elenco Estándar,Actor Muy Prolífico
532,Loser Hustler,11,Zero Cage,5,25,Elenco Estándar,Actor Promedio
532,Loser Hustler,28,Woody Hoffman,5,31,Elenco Estándar,Actor Muy Prolífico
532,Loser Hustler,8,Matthew Johansson,5,20,Elenco Estándar,Actor Promedio
532,Loser Hustler,71,Adam Grant,5,18,Elenco Estándar,Actor Promedio
533,Lost Bird,94,Kenneth Torn,3,33,Elenco Estándar,Actor Muy Prolífico
533,Lost Bird,43,Kirk Jovovich,3,26,Elenco Estándar,Actor Promedio
533,Lost Bird,189,Cuba Birch,3,24,Elenco Estándar,Actor Promedio
534,Louisiana Harry,107,Gina Degeneres,3,42,Elenco Estándar,Actor Muy Prolífico
534,Louisiana Harry,60,Henry Berry,3,35,Elenco Estándar,Actor Muy Prolífico
534,Louisiana Harry,195,Jayne Silverstone,3,27,Elenco Estándar,Actor Promedio
535,Love Suicides,157,Greta Malden,4,32,Elenco Estándar,Actor Muy Prolífico
535,Love Suicides,61,Christian Neeson,4,25,Elenco Estándar,Actor Promedio
535,Love Suicides,42,Tom Miranda,4,27,Elenco Estándar,Actor Promedio
535,Love Suicides,5,Johnny Lollobrigida,4,29,Elenco Estándar,Actor Promedio
536,Lovely Jingle,22,Elvis Marx,6,26,Elenco Estándar,Actor Promedio
536,Lovely Jingle,18,Dan Torn,6,22,Elenco Estándar,Actor Promedio
536,Lovely Jingle,23,Sandra Kilmer,6,37,Elenco Estándar,Actor Muy Prolífico
536,Lovely Jingle,14,Vivien Bergen,6,30,Elenco Estándar,Actor Promedio
536,Lovely Jingle,198,Mary Keitel,6,40,Elenco Estándar,Actor Muy Prolífico
536,Lovely Jingle,153,Minnie Kilmer,6,20,Elenco Estándar,Actor Promedio
537,Lover Truman,178,Lisa Monroe,7,23,Elenco Estándar,Actor Promedio
537,Lover Truman,170,Mena Hopper,7,24,Elenco Estándar,Actor Promedio
537,Lover Truman,61,Christian Neeson,7,25,Elenco Estándar,Actor Promedio
537,Lover Truman,45,Reese Kilmer,7,32,Elenco Estándar,Actor Muy Prolífico
537,Lover Truman,74,Milla Keitel,7,28,Elenco Estándar,Actor Promedio
537,Lover Truman,14,Vivien Bergen,7,30,Elenco Estándar,Actor Promedio
537,Lover Truman,200,Thora Temple,7,20,Elenco Estándar,Actor Promedio
538,Loverboy Attacks,200,Thora Temple,9,20,Elenco Estándar,Actor Promedio
538,Loverboy Attacks,172,Groucho Williams,9,25,Elenco Estándar,Actor Promedio
538,Loverboy Attacks,114,Morgan Mcdormand,9,25,Elenco Estándar,Actor Promedio
538,Loverboy Attacks,187,Renee Ball,9,33,Elenco Estándar,Actor Muy Prolífico
538,Loverboy Attacks,132,Adam Hopper,9,22,Elenco Estándar,Actor Promedio
538,Loverboy Attacks,77,Cary Mcconaughey,9,24,Elenco Estándar,Actor Promedio
538,Loverboy Attacks,25,Kevin Bloom,9,21,Elenco Estándar,Actor Promedio
538,Loverboy Attacks,20,Lucille Tracy,9,30,Elenco Estándar,Actor Promedio
538,Loverboy Attacks,46,Parker Goldberg,9,24,Elenco Estándar,Actor Promedio
539,Luck Opus,3,Ed Chase,6,22,Elenco Estándar,Actor Promedio
539,Luck Opus,124,Scarlett Bening,6,26,Elenco Estándar,Actor Promedio
539,Luck Opus,131,Jane Jackman,6,25,Elenco Estándar,Actor Promedio
539,Luck Opus,110,Susan Davis,6,21,Elenco Estándar,Actor Promedio
539,Luck Opus,181,Matthew Carrey,6,39,Elenco Estándar,Actor Muy Prolífico
539,Luck Opus,151,Geoffrey Heston,6,26,Elenco Estándar,Actor Promedio
540,Lucky Flying,142,Jada Ryder,10,31,Elenco Grande,Actor Muy Prolífico
540,Lucky Flying,99,Jim Mostel,10,26,Elenco Grande,Actor Promedio
540,Lucky Flying,144,Angela Witherspoon,10,35,Elenco Grande,Actor Muy Prolífico
540,Lucky Flying,139,Ewan Gooding,10,33,Elenco Grande,Actor Muy Prolífico
540,Lucky Flying,2,Nick Wahlberg,10,25,Elenco Grande,Actor Promedio
540,Lucky Flying,46,Parker Goldberg,10,24,Elenco Grande,Actor Promedio
540,Lucky Flying,12,Karl Berry,10,31,Elenco Grande,Actor Muy Prolífico
540,Lucky Flying,27,Julia Mcqueen,10,33,Elenco Grande,Actor Muy Prolífico
540,Lucky Flying,84,James Pitt,10,31,Elenco Grande,Actor Muy Prolífico
540,Lucky Flying,94,Kenneth Torn,10,33,Elenco Grande,Actor Muy Prolífico
541,Luke Mummy,15,Cuba Olivier,9,28,Elenco Estándar,Actor Promedio
541,Luke Mummy,75,Burt Posey,9,24,Elenco Estándar,Actor Promedio
541,Luke Mummy,65,Angela Hudson,9,34,Elenco Estándar,Actor Muy Prolífico
541,Luke Mummy,58,Christian Akroyd,9,32,Elenco Estándar,Actor Muy Prolífico
541,Luke Mummy,199,Julia Fawcett,9,15,Elenco Estándar,Actor Promedio
541,Luke Mummy,196,Bela Walken,9,30,Elenco Estándar,Actor Promedio
541,Luke Mummy,198,Mary Keitel,9,40,Elenco Estándar,Actor Muy Prolífico
541,Luke Mummy,192,John Suvari,9,29,Elenco Estándar,Actor Promedio
541,Luke Mummy,135,Rita Reynolds,9,20,Elenco Estándar,Actor Promedio
542,Lust Lock,181,Matthew Carrey,7,39,Elenco Estándar,Actor Muy Prolífico
542,Lust Lock,122,Salma Nolte,7,25,Elenco Estándar,Actor Promedio
542,Lust Lock,136,Ed Mansfield,7,32,Elenco Estándar,Actor Muy Prolífico
542,Lust Lock,150,Jayne Nolte,7,34,Elenco Estándar,Actor Muy Prolífico
542,Lust Lock,89,Charlize Dench,7,24,Elenco Estándar,Actor Promedio
542,Lust Lock,90,Sean Guiness,7,33,Elenco Estándar,Actor Muy Prolífico
542,Lust Lock,49,Anne Cronyn,7,27,Elenco Estándar,Actor Promedio
543,Madigan Dorado,64,Ray Johansson,6,30,Elenco Estándar,Actor Promedio
543,Madigan Dorado,74,Milla Keitel,6,28,Elenco Estándar,Actor Promedio
543,Madigan Dorado,85,Minnie Zellweger,6,31,Elenco Estándar,Actor Muy Prolífico
543,Madigan Dorado,92,Kirsten Akroyd,6,34,Elenco Estándar,Actor Muy Prolífico
543,Madigan Dorado,176,Jon Chase,6,29,Elenco Estándar,Actor Promedio
543,Madigan Dorado,177,Gene Mckellen,6,27,Elenco Estándar,Actor Promedio
544,Madison Trap,102,Walter Torn,5,41,Elenco Estándar,Actor Muy Prolífico
544,Madison Trap,41,Jodie Degeneres,5,29,Elenco Estándar,Actor Promedio
544,Madison Trap,26,Rip Crawford,5,33,Elenco Estándar,Actor Muy Prolífico
544,Madison Trap,200,Thora Temple,5,20,Elenco Estándar,Actor Promedio
544,Madison Trap,191,Gregory Gooding,5,30,Elenco Estándar,Actor Promedio
545,Madness Attacks,198,Mary Keitel,7,40,Elenco Estándar,Actor Muy Prolífico
545,Madness Attacks,110,Susan Davis,7,21,Elenco Estándar,Actor Promedio
545,Madness Attacks,164,Humphrey Willis,7,26,Elenco Estándar,Actor Promedio
545,Madness Attacks,126,Frances Tomei,7,23,Elenco Estándar,Actor Promedio
545,Madness Attacks,81,Scarlett Damon,7,36,Elenco Estándar,Actor Muy Prolífico
545,Madness Attacks,48,Frances Day-Lewis,7,26,Elenco Estándar,Actor Promedio
545,Madness Attacks,92,Kirsten Akroyd,7,34,Elenco Estándar,Actor Muy Prolífico
546,Madre Gables,95,Daryl Wahlberg,4,31,Elenco Estándar,Actor Muy Prolífico
546,Madre Gables,54,Penelope Pinkett,4,25,Elenco Estándar,Actor Promedio
546,Madre Gables,42,Tom Miranda,4,27,Elenco Estándar,Actor Promedio
546,Madre Gables,181,Matthew Carrey,4,39,Elenco Estándar,Actor Muy Prolífico
547,Magic Mallrats,29,Alec Wayne,4,29,Elenco Estándar,Actor Promedio
547,Magic Mallrats,38,Tom Mckellen,4,25,Elenco Estándar,Actor Promedio
547,Magic Mallrats,92,Kirsten Akroyd,4,34,Elenco Estándar,Actor Muy Prolífico
547,Magic Mallrats,75,Burt Posey,4,24,Elenco Estándar,Actor Promedio
548,Magnificent Chitty,94,Kenneth Torn,7,33,Elenco Estándar,Actor Muy Prolífico
548,Magnificent Chitty,16,Fred Costner,7,27,Elenco Estándar,Actor Promedio
548,Magnificent Chitty,73,Gary Penn,7,26,Elenco Estándar,Actor Promedio
548,Magnificent Chitty,86,Greg Chaplin,7,27,Elenco Estándar,Actor Promedio
548,Magnificent Chitty,189,Cuba Birch,7,24,Elenco Estándar,Actor Promedio
548,Magnificent Chitty,107,Gina Degeneres,7,42,Elenco Estándar,Actor Muy Prolífico
548,Magnificent Chitty,187,Renee Ball,7,33,Elenco Estándar,Actor Muy Prolífico
549,Magnolia Forrester,130,Greta Keitel,7,27,Elenco Estándar,Actor Promedio
549,Magnolia Forrester,159,Laura Brody,7,26,Elenco Estándar,Actor Promedio
549,Magnolia Forrester,171,Olympia Pfeiffer,7,28,Elenco Estándar,Actor Promedio
549,Magnolia Forrester,190,Audrey Bailey,7,27,Elenco Estándar,Actor Promedio
549,Magnolia Forrester,58,Christian Akroyd,7,32,Elenco Estándar,Actor Muy Prolífico
549,Magnolia Forrester,23,Sandra Kilmer,7,37,Elenco Estándar,Actor Muy Prolífico
549,Magnolia Forrester,78,Groucho Sinatra,7,26,Elenco Estándar,Actor Promedio
550,Maguire Apache,2,Nick Wahlberg,4,25,Elenco Estándar,Actor Promedio
550,Maguire Apache,72,Sean Williams,4,26,Elenco Estándar,Actor Promedio
550,Maguire Apache,117,Renee Tracy,4,33,Elenco Estándar,Actor Muy Prolífico
550,Maguire Apache,173,Alan Dreyfuss,4,27,Elenco Estándar,Actor Promedio
551,Maiden Home,150,Jayne Nolte,8,34,Elenco Estándar,Actor Muy Prolífico
551,Maiden Home,95,Daryl Wahlberg,8,31,Elenco Estándar,Actor Muy Prolífico
551,Maiden Home,60,Henry Berry,8,35,Elenco Estándar,Actor Muy Prolífico
551,Maiden Home,58,Christian Akroyd,8,32,Elenco Estándar,Actor Muy Prolífico
551,Maiden Home,28,Woody Hoffman,8,31,Elenco Estándar,Actor Muy Prolífico
551,Maiden Home,82,Woody Jolie,8,31,Elenco Estándar,Actor Muy Prolífico
551,Maiden Home,94,Kenneth Torn,8,33,Elenco Estándar,Actor Muy Prolífico
551,Maiden Home,191,Gregory Gooding,8,30,Elenco Estándar,Actor Promedio
552,Majestic Floats,186,Julia Zellweger,5,16,Elenco Estándar,Actor Promedio
552,Majestic Floats,136,Ed Mansfield,5,32,Elenco Estándar,Actor Muy Prolífico
552,Majestic Floats,50,Natalie Hopkins,5,32,Elenco Estándar,Actor Muy Prolífico
552,Majestic Floats,78,Groucho Sinatra,5,26,Elenco Estándar,Actor Promedio
552,Majestic Floats,9,Joe Swank,5,25,Elenco Estándar,Actor Promedio
553,Maker Gables,66,Mary Tandy,11,31,Elenco Grande,Actor Muy Prolífico
553,Maker Gables,80,Ralph Cruz,11,28,Elenco Grande,Actor Promedio
553,Maker Gables,15,Cuba Olivier,11,28,Elenco Grande,Actor Promedio
553,Maker Gables,58,Christian Akroyd,11,32,Elenco Grande,Actor Muy Prolífico
553,Maker Gables,92,Kirsten Akroyd,11,34,Elenco Grande,Actor Muy Prolífico
553,Maker Gables,37,Val Bolger,11,35,Elenco Grande,Actor Muy Prolífico
553,Maker Gables,97,Meg Hawke,11,27,Elenco Grande,Actor Promedio
553,Maker Gables,138,Lucille Dee,11,24,Elenco Grande,Actor Promedio
553,Maker Gables,127,Kevin Garland,11,33,Elenco Grande,Actor Muy Prolífico
553,Maker Gables,135,Rita Reynolds,11,20,Elenco Grande,Actor Promedio
553,Maker Gables,118,Cuba Allen,11,25,Elenco Grande,Actor Promedio
554,Malkovich Pet,142,Jada Ryder,7,31,Elenco Estándar,Actor Muy Prolífico
554,Malkovich Pet,147,Fay Winslet,7,31,Elenco Estándar,Actor Muy Prolífico
554,Malkovich Pet,185,Michael Bolger,7,30,Elenco Estándar,Actor Promedio
554,Malkovich Pet,167,Laurence Bullock,7,26,Elenco Estándar,Actor Promedio
554,Malkovich Pet,197,Reese West,7,33,Elenco Estándar,Actor Muy Prolífico
554,Malkovich Pet,8,Matthew Johansson,7,20,Elenco Estándar,Actor Promedio
554,Malkovich Pet,7,Grace Mostel,7,30,Elenco Estándar,Actor Promedio
555,Mallrats United,2,Nick Wahlberg,5,25,Elenco Estándar,Actor Promedio
555,Mallrats United,37,Val Bolger,5,35,Elenco Estándar,Actor Muy Prolífico
555,Mallrats United,158,Vivien Basinger,5,35,Elenco Estándar,Actor Muy Prolífico
555,Mallrats United,111,Cameron Zellweger,5,33,Elenco Estándar,Actor Muy Prolífico
555,Mallrats United,198,Mary Keitel,5,40,Elenco Estándar,Actor Muy Prolífico
556,Maltese Hope,65,Angela Hudson,1,34,Elenco Estándar,Actor Muy Prolífico
557,Manchurian Curtain,64,Ray Johansson,2,30,Elenco Estándar,Actor Promedio
557,Manchurian Curtain,125,Albert Nolte,2,31,Elenco Estándar,Actor Muy Prolífico
558,Mannequin Worst,134,Gene Hopkins,5,22,Elenco Estándar,Actor Promedio
558,Mannequin Worst,118,Cuba Allen,5,25,Elenco Estándar,Actor Promedio
558,Mannequin Worst,105,Sidney Crowe,5,34,Elenco Estándar,Actor Muy Prolífico
558,Mannequin Worst,85,Minnie Zellweger,5,31,Elenco Estándar,Actor Muy Prolífico
558,Mannequin Worst,49,Anne Cronyn,5,27,Elenco Estándar,Actor Promedio
559,Married Go,39,Goldie Brody,3,28,Elenco Estándar,Actor Promedio
559,Married Go,48,Frances Day-Lewis,3,26,Elenco Estándar,Actor Promedio
559,Married Go,106,Groucho Dunst,3,35,Elenco Estándar,Actor Muy Prolífico
560,Mars Roman,143,River Dean,7,31,Elenco Estándar,Actor Muy Prolífico
560,Mars Roman,171,Olympia Pfeiffer,7,28,Elenco Estándar,Actor Promedio
560,Mars Roman,185,Michael Bolger,7,30,Elenco Estándar,Actor Promedio
560,Mars Roman,195,Jayne Silverstone,7,27,Elenco Estándar,Actor Promedio
560,Mars Roman,196,Bela Walken,7,30,Elenco Estándar,Actor Promedio
560,Mars Roman,189,Cuba Birch,7,24,Elenco Estándar,Actor Promedio
560,Mars Roman,71,Adam Grant,7,18,Elenco Estándar,Actor Promedio
561,Mask Peach,18,Dan Torn,11,22,Elenco Grande,Actor Promedio
561,Mask Peach,82,Woody Jolie,11,31,Elenco Grande,Actor Muy Prolífico
561,Mask Peach,2,Nick Wahlberg,11,25,Elenco Grande,Actor Promedio
561,Mask Peach,73,Gary Penn,11,26,Elenco Grande,Actor Promedio
561,Mask Peach,97,Meg Hawke,11,27,Elenco Grande,Actor Promedio
561,Mask Peach,159,Laura Brody,11,26,Elenco Grande,Actor Promedio
561,Mask Peach,180,Jeff Silverstone,11,25,Elenco Grande,Actor Promedio
561,Mask Peach,138,Lucille Dee,11,24,Elenco Grande,Actor Promedio
561,Mask Peach,108,Warren Nolte,11,34,Elenco Grande,Actor Muy Prolífico
561,Mask Peach,105,Sidney Crowe,11,34,Elenco Grande,Actor Muy Prolífico
561,Mask Peach,187,Renee Ball,11,33,Elenco Grande,Actor Muy Prolífico
562,Masked Bubble,132,Adam Hopper,3,22,Elenco Estándar,Actor Promedio
562,Masked Bubble,73,Gary Penn,3,26,Elenco Estándar,Actor Promedio
562,Masked Bubble,190,Audrey Bailey,3,27,Elenco Estándar,Actor Promedio
563,Massacre Usual,100,Spencer Depp,3,24,Elenco Estándar,Actor Promedio
563,Massacre Usual,147,Fay Winslet,3,31,Elenco Estándar,Actor Muy Prolífico
563,Massacre Usual,177,Gene Mckellen,3,27,Elenco Estándar,Actor Promedio
564,Massage Image,173,Alan Dreyfuss,9,27,Elenco Estándar,Actor Promedio
564,Massage Image,169,Kenneth Hoffman,9,29,Elenco Estándar,Actor Promedio
564,Massage Image,137,Morgan Williams,9,27,Elenco Estándar,Actor Promedio
564,Massage Image,128,Cate Mcqueen,9,30,Elenco Estándar,Actor Promedio
564,Massage Image,81,Scarlett Damon,9,36,Elenco Estándar,Actor Muy Prolífico
564,Massage Image,92,Kirsten Akroyd,9,34,Elenco Estándar,Actor Muy Prolífico
564,Massage Image,25,Kevin Bloom,9,21,Elenco Estándar,Actor Promedio
564,Massage Image,89,Charlize Dench,9,24,Elenco Estándar,Actor Promedio
564,Massage Image,26,Rip Crawford,9,33,Elenco Estándar,Actor Muy Prolífico
565,Matrix Snowman,30,Sandra Peck,3,19,Elenco Estándar,Actor Promedio
565,Matrix Snowman,73,Gary Penn,3,26,Elenco Estándar,Actor Promedio
565,Matrix Snowman,112,Russell Bacall,3,25,Elenco Estándar,Actor Promedio
566,Maude Mod,188,Rock Dukakis,6,30,Elenco Estándar,Actor Promedio
566,Maude Mod,179,Ed Guiness,6,29,Elenco Estándar,Actor Promedio
566,Maude Mod,106,Groucho Dunst,6,35,Elenco Estándar,Actor Muy Prolífico
566,Maude Mod,171,Olympia Pfeiffer,6,28,Elenco Estándar,Actor Promedio
566,Maude Mod,84,James Pitt,6,31,Elenco Estándar,Actor Muy Prolífico
566,Maude Mod,77,Cary Mcconaughey,6,24,Elenco Estándar,Actor Promedio
567,Meet Chocolate,11,Zero Cage,6,25,Elenco Estándar,Actor Promedio
567,Meet Chocolate,32,Tim Hackman,6,23,Elenco Estándar,Actor Promedio
567,Meet Chocolate,46,Parker Goldberg,6,24,Elenco Estándar,Actor Promedio
567,Meet Chocolate,119,Warren Jackman,6,32,Elenco Estándar,Actor Muy Prolífico
567,Meet Chocolate,108,Warren Nolte,6,34,Elenco Estándar,Actor Muy Prolífico
567,Meet Chocolate,172,Groucho Williams,6,25,Elenco Estándar,Actor Promedio
568,Memento Zoolander,125,Albert Nolte,6,31,Elenco Estándar,Actor Muy Prolífico
568,Memento Zoolander,101,Susan Davis,6,33,Elenco Estándar,Actor Muy Prolífico
568,Memento Zoolander,198,Mary Keitel,6,40,Elenco Estándar,Actor Muy Prolífico
568,Memento Zoolander,92,Kirsten Akroyd,6,34,Elenco Estándar,Actor Muy Prolífico
568,Memento Zoolander,76,Angelina Astaire,6,31,Elenco Estándar,Actor Muy Prolífico
568,Memento Zoolander,42,Tom Miranda,6,27,Elenco Estándar,Actor Promedio
569,Menagerie Rushmore,64,Ray Johansson,2,30,Elenco Estándar,Actor Promedio
569,Menagerie Rushmore,36,Burt Dukakis,2,29,Elenco Estándar,Actor Promedio
570,Mermaid Insects,48,Frances Day-Lewis,6,26,Elenco Estándar,Actor Promedio
570,Mermaid Insects,87,Spencer Peck,6,21,Elenco Estándar,Actor Promedio
570,Mermaid Insects,119,Warren Jackman,6,32,Elenco Estándar,Actor Muy Prolífico
570,Mermaid Insects,151,Geoffrey Heston,6,26,Elenco Estándar,Actor Promedio
570,Mermaid Insects,139,Ewan Gooding,6,33,Elenco Estándar,Actor Muy Prolífico
570,Mermaid Insects,198,Mary Keitel,6,40,Elenco Estándar,Actor Muy Prolífico
571,Metal Armageddon,5,Johnny Lollobrigida,8,29,Elenco Estándar,Actor Promedio
571,Metal Armageddon,65,Angela Hudson,8,34,Elenco Estándar,Actor Muy Prolífico
571,Metal Armageddon,13,Uma Wood,8,35,Elenco Estándar,Actor Muy Prolífico
571,Metal Armageddon,146,Albert Johansson,8,33,Elenco Estándar,Actor Muy Prolífico
571,Metal Armageddon,107,Gina Degeneres,8,42,Elenco Estándar,Actor Muy Prolífico
571,Metal Armageddon,169,Kenneth Hoffman,8,29,Elenco Estándar,Actor Promedio
571,Metal Armageddon,173,Alan Dreyfuss,8,27,Elenco Estándar,Actor Promedio
571,Metal Armageddon,185,Michael Bolger,8,30,Elenco Estándar,Actor Promedio
572,Metropolis Coma,118,Cuba Allen,6,25,Elenco Estándar,Actor Promedio
572,Metropolis Coma,99,Jim Mostel,6,26,Elenco Estándar,Actor Promedio
572,Metropolis Coma,59,Dustin Tautou,6,27,Elenco Estándar,Actor Promedio
572,Metropolis Coma,96,Gene Willis,6,23,Elenco Estándar,Actor Promedio
572,Metropolis Coma,64,Ray Johansson,6,30,Elenco Estándar,Actor Promedio
572,Metropolis Coma,37,Val Bolger,6,35,Elenco Estándar,Actor Muy Prolífico
573,Microcosmos Paradise,93,Ellen Presley,6,25,Elenco Estándar,Actor Promedio
573,Microcosmos Paradise,53,Mena Temple,6,30,Elenco Estándar,Actor Promedio
573,Microcosmos Paradise,17,Helen Voight,6,32,Elenco Estándar,Actor Muy Prolífico
573,Microcosmos Paradise,127,Kevin Garland,6,33,Elenco Estándar,Actor Muy Prolífico
573,Microcosmos Paradise,176,Jon Chase,6,29,Elenco Estándar,Actor Promedio
573,Microcosmos Paradise,157,Greta Malden,6,32,Elenco Estándar,Actor Muy Prolífico
574,Midnight Westward,151,Geoffrey Heston,9,26,Elenco Estándar,Actor Promedio
574,Midnight Westward,107,Gina Degeneres,9,42,Elenco Estándar,Actor Muy Prolífico
574,Midnight Westward,184,Humphrey Garland,9,29,Elenco Estándar,Actor Promedio
574,Midnight Westward,162,Oprah Kilmer,9,25,Elenco Estándar,Actor Promedio
574,Midnight Westward,157,Greta Malden,9,32,Elenco Estándar,Actor Muy Prolífico
574,Midnight Westward,71,Adam Grant,9,18,Elenco Estándar,Actor Promedio
574,Midnight Westward,84,James Pitt,9,31,Elenco Estándar,Actor Muy Prolífico
574,Midnight Westward,33,Milla Peck,9,24,Elenco Estándar,Actor Promedio
574,Midnight Westward,28,Woody Hoffman,9,31,Elenco Estándar,Actor Muy Prolífico
575,Midsummer Groundhog,196,Bela Walken,2,30,Elenco Estándar,Actor Promedio
575,Midsummer Groundhog,142,Jada Ryder,2,31,Elenco Estándar,Actor Muy Prolífico
576,Mighty Luck,183,Russell Close,8,19,Elenco Estándar,Actor Promedio
576,Mighty Luck,140,Whoopi Hurt,8,32,Elenco Estándar,Actor Muy Prolífico
576,Mighty Luck,143,River Dean,8,31,Elenco Estándar,Actor Muy Prolífico
576,Mighty Luck,123,Julianne Dench,8,32,Elenco Estándar,Actor Muy Prolífico
576,Mighty Luck,67,Jessica Bailey,8,23,Elenco Estándar,Actor Promedio
576,Mighty Luck,47,Julia Barrymore,8,24,Elenco Estándar,Actor Promedio
576,Mighty Luck,53,Mena Temple,8,30,Elenco Estándar,Actor Promedio
576,Mighty Luck,196,Bela Walken,8,30,Elenco Estándar,Actor Promedio
577,Mile Mulan,123,Julianne Dench,3,32,Elenco Estándar,Actor Muy Prolífico
577,Mile Mulan,53,Mena Temple,3,30,Elenco Estándar,Actor Promedio
577,Mile Mulan,65,Angela Hudson,3,34,Elenco Estándar,Actor Muy Prolífico
578,Million Ace,81,Scarlett Damon,5,36,Elenco Estándar,Actor Muy Prolífico
578,Million Ace,58,Christian Akroyd,5,32,Elenco Estándar,Actor Muy Prolífico
578,Million Ace,192,John Suvari,5,29,Elenco Estándar,Actor Promedio
578,Million Ace,152,Ben Harris,5,23,Elenco Estándar,Actor Promedio
578,Million Ace,117,Renee Tracy,5,33,Elenco Estándar,Actor Muy Prolífico
579,Minds Truman,186,Julia Zellweger,6,16,Elenco Estándar,Actor Promedio
579,Minds Truman,160,Chris Depp,6,20,Elenco Estándar,Actor Promedio
579,Minds Truman,181,Matthew Carrey,6,39,Elenco Estándar,Actor Muy Prolífico
579,Minds Truman,49,Anne Cronyn,6,27,Elenco Estándar,Actor Promedio
579,Minds Truman,75,Burt Posey,6,24,Elenco Estándar,Actor Promedio
579,Minds Truman,81,Scarlett Damon,6,36,Elenco Estándar,Actor Muy Prolífico
580,Mine Titans,166,Nick Degeneres,2,22,Elenco Estándar,Actor Promedio
580,Mine Titans,184,Humphrey Garland,2,29,Elenco Estándar,Actor Promedio
581,Minority Kiss,158,Vivien Basinger,1,35,Elenco Estándar,Actor Muy Prolífico
582,Miracle Virtual,16,Fred Costner,1,27,Elenco Estándar,Actor Promedio
583,Mission Zoolander,38,Tom Mckellen,5,25,Elenco Estándar,Actor Promedio
583,Mission Zoolander,16,Fred Costner,5,27,Elenco Estándar,Actor Promedio
583,Mission Zoolander,25,Kevin Bloom,5,21,Elenco Estándar,Actor Promedio
583,Mission Zoolander,104,Penelope Cronyn,5,31,Elenco Estándar,Actor Muy Prolífico
583,Mission Zoolander,138,Lucille Dee,5,24,Elenco Estándar,Actor Promedio
584,Mixed Doors,155,Ian Tandy,6,31,Elenco Estándar,Actor Muy Prolífico
584,Mixed Doors,116,Dan Streep,6,24,Elenco Estándar,Actor Promedio
584,Mixed Doors,125,Albert Nolte,6,31,Elenco Estándar,Actor Muy Prolífico
584,Mixed Doors,185,Michael Bolger,6,30,Elenco Estándar,Actor Promedio
584,Mixed Doors,70,Michelle Mcconaughey,6,23,Elenco Estándar,Actor Promedio
584,Mixed Doors,52,Carmen Hunt,6,26,Elenco Estándar,Actor Promedio
585,Mob Duffel,24,Cameron Streep,6,24,Elenco Estándar,Actor Promedio
585,Mob Duffel,61,Christian Neeson,6,25,Elenco Estándar,Actor Promedio
585,Mob Duffel,31,Sissy Sobieski,6,18,Elenco Estándar,Actor Promedio
585,Mob Duffel,32,Tim Hackman,6,23,Elenco Estándar,Actor Promedio
585,Mob Duffel,103,Matthew Leigh,6,30,Elenco Estándar,Actor Promedio
585,Mob Duffel,106,Groucho Dunst,6,35,Elenco Estándar,Actor Muy Prolífico
586,Mockingbird Hollywood,132,Adam Hopper,3,22,Elenco Estándar,Actor Promedio
586,Mockingbird Hollywood,90,Sean Guiness,3,33,Elenco Estándar,Actor Muy Prolífico
586,Mockingbird Hollywood,27,Julia Mcqueen,3,33,Elenco Estándar,Actor Muy Prolífico
587,Mod Secretary,10,Christian Gable,6,22,Elenco Estándar,Actor Promedio
587,Mod Secretary,11,Zero Cage,6,25,Elenco Estándar,Actor Promedio
587,Mod Secretary,39,Goldie Brody,6,28,Elenco Estándar,Actor Promedio
587,Mod Secretary,178,Lisa Monroe,6,23,Elenco Estándar,Actor Promedio
587,Mod Secretary,140,Whoopi Hurt,6,32,Elenco Estándar,Actor Muy Prolífico
587,Mod Secretary,196,Bela Walken,6,30,Elenco Estándar,Actor Promedio
588,Model Fish,198,Mary Keitel,8,40,Elenco Estándar,Actor Muy Prolífico
588,Model Fish,37,Val Bolger,8,35,Elenco Estándar,Actor Muy Prolífico
588,Model Fish,13,Uma Wood,8,35,Elenco Estándar,Actor Muy Prolífico
588,Model Fish,179,Ed Guiness,8,29,Elenco Estándar,Actor Promedio
588,Model Fish,154,Meryl Gibson,8,28,Elenco Estándar,Actor Promedio
588,Model Fish,133,Richard Penn,8,30,Elenco Estándar,Actor Promedio
588,Model Fish,134,Gene Hopkins,8,22,Elenco Estándar,Actor Promedio
588,Model Fish,161,Harvey Hope,8,32,Elenco Estándar,Actor Muy Prolífico
589,Modern Dorado,141,Cate Harris,5,28,Elenco Estándar,Actor Promedio
589,Modern Dorado,123,Julianne Dench,5,32,Elenco Estándar,Actor Muy Prolífico
589,Modern Dorado,20,Lucille Tracy,5,30,Elenco Estándar,Actor Promedio
589,Modern Dorado,84,James Pitt,5,31,Elenco Estándar,Actor Muy Prolífico
589,Modern Dorado,35,Judy Dean,5,15,Elenco Estándar,Actor Promedio
590,Money Harold,29,Alec Wayne,7,29,Elenco Estándar,Actor Promedio
590,Money Harold,96,Gene Willis,7,23,Elenco Estándar,Actor Promedio
590,Money Harold,36,Burt Dukakis,7,29,Elenco Estándar,Actor Promedio
590,Money Harold,155,Ian Tandy,7,31,Elenco Estándar,Actor Muy Prolífico
590,Money Harold,182,Debbie Akroyd,7,24,Elenco Estándar,Actor Promedio
590,Money Harold,131,Jane Jackman,7,25,Elenco Estándar,Actor Promedio
590,Money Harold,120,Penelope Monroe,7,27,Elenco Estándar,Actor Promedio
591,Monsoon Cause,146,Albert Johansson,5,33,Elenco Estándar,Actor Muy Prolífico
591,Monsoon Cause,175,William Hackman,5,27,Elenco Estándar,Actor Promedio
591,Monsoon Cause,50,Natalie Hopkins,5,32,Elenco Estándar,Actor Muy Prolífico
591,Monsoon Cause,44,Nick Stallone,5,30,Elenco Estándar,Actor Promedio
591,Monsoon Cause,85,Minnie Zellweger,5,31,Elenco Estándar,Actor Muy Prolífico
592,Monster Spartacus,57,Jude Cruise,7,30,Elenco Estándar,Actor Promedio
592,Monster Spartacus,195,Jayne Silverstone,7,27,Elenco Estándar,Actor Promedio
592,Monster Spartacus,192,John Suvari,7,29,Elenco Estándar,Actor Promedio
592,Monster Spartacus,145,Kim Allen,7,28,Elenco Estándar,Actor Promedio
592,Monster Spartacus,130,Greta Keitel,7,27,Elenco Estándar,Actor Promedio
592,Monster Spartacus,173,Alan Dreyfuss,7,27,Elenco Estándar,Actor Promedio
592,Monster Spartacus,119,Warren Jackman,7,32,Elenco Estándar,Actor Muy Prolífico
593,Monterey Labyrinth,156,Fay Wood,6,22,Elenco Estándar,Actor Promedio
593,Monterey Labyrinth,188,Rock Dukakis,6,30,Elenco Estándar,Actor Promedio
593,Monterey Labyrinth,123,Julianne Dench,6,32,Elenco Estándar,Actor Muy Prolífico
593,Monterey Labyrinth,56,Dan Harris,6,28,Elenco Estándar,Actor Promedio
593,Monterey Labyrinth,27,Julia Mcqueen,6,33,Elenco Estándar,Actor Muy Prolífico
593,Monterey Labyrinth,12,Karl Berry,6,31,Elenco Estándar,Actor Muy Prolífico
594,Montezuma Command,15,Cuba Olivier,2,28,Elenco Estándar,Actor Promedio
594,Montezuma Command,133,Richard Penn,2,30,Elenco Estándar,Actor Promedio
595,Moon Bunch,49,Anne Cronyn,1,27,Elenco Estándar,Actor Promedio
596,Moonshine Cabin,52,Carmen Hunt,5,26,Elenco Estándar,Actor Promedio
596,Moonshine Cabin,41,Jodie Degeneres,5,29,Elenco Estándar,Actor Promedio
596,Moonshine Cabin,181,Matthew Carrey,5,39,Elenco Estándar,Actor Muy Prolífico
596,Moonshine Cabin,175,William Hackman,5,27,Elenco Estándar,Actor Promedio
596,Moonshine Cabin,191,Gregory Gooding,5,30,Elenco Estándar,Actor Promedio
597,Moonwalker Fool,198,Mary Keitel,7,40,Elenco Estándar,Actor Muy Prolífico
597,Moonwalker Fool,28,Woody Hoffman,7,31,Elenco Estándar,Actor Muy Prolífico
597,Moonwalker Fool,11,Zero Cage,7,25,Elenco Estándar,Actor Promedio
597,Moonwalker Fool,13,Uma Wood,7,35,Elenco Estándar,Actor Muy Prolífico
597,Moonwalker Fool,64,Ray Johansson,7,30,Elenco Estándar,Actor Promedio
597,Moonwalker Fool,129,Daryl Crawford,7,30,Elenco Estándar,Actor Promedio
597,Moonwalker Fool,184,Humphrey Garland,7,29,Elenco Estándar,Actor Promedio
598,Mosquito Armageddon,197,Reese West,4,33,Elenco Estándar,Actor Muy Prolífico
598,Mosquito Armageddon,39,Goldie Brody,4,28,Elenco Estándar,Actor Promedio
598,Mosquito Armageddon,44,Nick Stallone,4,30,Elenco Estándar,Actor Promedio
598,Mosquito Armageddon,43,Kirk Jovovich,4,26,Elenco Estándar,Actor Promedio
599,Mother Oleander,78,Groucho Sinatra,5,26,Elenco Estándar,Actor Promedio
599,Mother Oleander,48,Frances Day-Lewis,5,26,Elenco Estándar,Actor Promedio
599,Mother Oleander,87,Spencer Peck,5,21,Elenco Estándar,Actor Promedio
599,Mother Oleander,140,Whoopi Hurt,5,32,Elenco Estándar,Actor Muy Prolífico
599,Mother Oleander,144,Angela Witherspoon,5,35,Elenco Estándar,Actor Muy Prolífico
600,Motions Details,102,Walter Torn,8,41,Elenco Estándar,Actor Muy Prolífico
600,Motions Details,104,Penelope Cronyn,8,31,Elenco Estándar,Actor Muy Prolífico
600,Motions Details,159,Laura Brody,8,26,Elenco Estándar,Actor Promedio
600,Motions Details,99,Jim Mostel,8,26,Elenco Estándar,Actor Promedio
600,Motions Details,36,Burt Dukakis,8,29,Elenco Estándar,Actor Promedio
600,Motions Details,13,Uma Wood,8,35,Elenco Estándar,Actor Muy Prolífico
600,Motions Details,22,Elvis Marx,8,26,Elenco Estándar,Actor Promedio
600,Motions Details,54,Penelope Pinkett,8,25,Elenco Estándar,Actor Promedio
601,Moulin Wake,67,Jessica Bailey,3,23,Elenco Estándar,Actor Promedio
601,Moulin Wake,158,Vivien Basinger,3,35,Elenco Estándar,Actor Muy Prolífico
601,Moulin Wake,124,Scarlett Bening,3,26,Elenco Estándar,Actor Promedio
602,Mourning Purple,168,Will Wilson,7,31,Elenco Estándar,Actor Muy Prolífico
602,Mourning Purple,139,Ewan Gooding,7,33,Elenco Estándar,Actor Muy Prolífico
602,Mourning Purple,125,Albert Nolte,7,31,Elenco Estándar,Actor Muy Prolífico
602,Mourning Purple,129,Daryl Crawford,7,30,Elenco Estándar,Actor Promedio
602,Mourning Purple,154,Meryl Gibson,7,28,Elenco Estándar,Actor Promedio
602,Mourning Purple,88,Kenneth Pesci,7,20,Elenco Estándar,Actor Promedio
602,Mourning Purple,58,Christian Akroyd,7,32,Elenco Estándar,Actor Muy Prolífico
603,Movie Shakespeare,55,Fay Kilmer,8,20,Elenco Estándar,Actor Promedio
603,Movie Shakespeare,17,Helen Voight,8,32,Elenco Estándar,Actor Muy Prolífico
603,Movie Shakespeare,24,Cameron Streep,8,24,Elenco Estándar,Actor Promedio
603,Movie Shakespeare,137,Morgan Williams,8,27,Elenco Estándar,Actor Promedio
603,Movie Shakespeare,112,Russell Bacall,8,25,Elenco Estándar,Actor Promedio
603,Movie Shakespeare,111,Cameron Zellweger,8,33,Elenco Estándar,Actor Muy Prolífico
603,Movie Shakespeare,107,Gina Degeneres,8,42,Elenco Estándar,Actor Muy Prolífico
603,Movie Shakespeare,143,River Dean,8,31,Elenco Estándar,Actor Muy Prolífico
604,Mulan Moon,157,Greta Malden,5,32,Elenco Estándar,Actor Muy Prolífico
604,Mulan Moon,181,Matthew Carrey,5,39,Elenco Estándar,Actor Muy Prolífico
604,Mulan Moon,44,Nick Stallone,5,30,Elenco Estándar,Actor Promedio
604,Mulan Moon,76,Angelina Astaire,5,31,Elenco Estándar,Actor Muy Prolífico
604,Mulan Moon,199,Julia Fawcett,5,15,Elenco Estándar,Actor Promedio
605,Mulholland Beast,139,Ewan Gooding,6,33,Elenco Estándar,Actor Muy Prolífico
605,Mulholland Beast,102,Walter Torn,6,41,Elenco Estándar,Actor Muy Prolífico
605,Mulholland Beast,57,Jude Cruise,6,30,Elenco Estándar,Actor Promedio
605,Mulholland Beast,6,Bette Nicholson,6,20,Elenco Estándar,Actor Promedio
605,Mulholland Beast,43,Kirk Jovovich,6,26,Elenco Estándar,Actor Promedio
605,Mulholland Beast,1,Penelope Guiness,6,19,Elenco Estándar,Actor Promedio
606,Mummy Creatures,39,Goldie Brody,13,28,Mega Elenco,Actor Promedio
606,Mummy Creatures,87,Spencer Peck,13,21,Mega Elenco,Actor Promedio
606,Mummy Creatures,32,Tim Hackman,13,23,Mega Elenco,Actor Promedio
606,Mummy Creatures,17,Helen Voight,13,32,Mega Elenco,Actor Muy Prolífico
606,Mummy Creatures,25,Kevin Bloom,13,21,Mega Elenco,Actor Promedio
606,Mummy Creatures,76,Angelina Astaire,13,31,Mega Elenco,Actor Muy Prolífico
606,Mummy Creatures,190,Audrey Bailey,13,27,Mega Elenco,Actor Promedio
606,Mummy Creatures,107,Gina Degeneres,13,42,Mega Elenco,Actor Muy Prolífico
606,Mummy Creatures,105,Sidney Crowe,13,34,Mega Elenco,Actor Muy Prolífico
606,Mummy Creatures,112,Russell Bacall,13,25,Mega Elenco,Actor Promedio
606,Mummy Creatures,188,Rock Dukakis,13,30,Mega Elenco,Actor Promedio
606,Mummy Creatures,102,Walter Torn,13,41,Mega Elenco,Actor Muy Prolífico
606,Mummy Creatures,116,Dan Streep,13,24,Mega Elenco,Actor Promedio
607,Muppet Mile,165,Al Garland,8,26,Elenco Estándar,Actor Promedio
607,Muppet Mile,152,Ben Harris,8,23,Elenco Estándar,Actor Promedio
607,Muppet Mile,141,Cate Harris,8,28,Elenco Estándar,Actor Promedio
607,Muppet Mile,104,Penelope Cronyn,8,31,Elenco Estándar,Actor Muy Prolífico
607,Muppet Mile,115,Harrison Bale,8,28,Elenco Estándar,Actor Promedio
607,Muppet Mile,98,Chris Bridges,8,27,Elenco Estándar,Actor Promedio
607,Muppet Mile,79,Mae Hoffman,8,28,Elenco Estándar,Actor Promedio
607,Muppet Mile,68,Rip Winslet,8,30,Elenco Estándar,Actor Promedio
608,Murder Antitrust,91,Christopher Berry,8,20,Elenco Estándar,Actor Promedio
608,Murder Antitrust,43,Kirk Jovovich,8,26,Elenco Estándar,Actor Promedio
608,Murder Antitrust,66,Mary Tandy,8,31,Elenco Estándar,Actor Muy Prolífico
608,Murder Antitrust,142,Jada Ryder,8,31,Elenco Estándar,Actor Muy Prolífico
608,Murder Antitrust,140,Whoopi Hurt,8,32,Elenco Estándar,Actor Muy Prolífico
608,Murder Antitrust,101,Susan Davis,8,33,Elenco Estándar,Actor Muy Prolífico
608,Murder Antitrust,171,Olympia Pfeiffer,8,28,Elenco Estándar,Actor Promedio
608,Murder Antitrust,111,Cameron Zellweger,8,33,Elenco Estándar,Actor Muy Prolífico
609,Muscle Bright,172,Groucho Williams,5,25,Elenco Estándar,Actor Promedio
609,Muscle Bright,180,Jeff Silverstone,5,25,Elenco Estándar,Actor Promedio
609,Muscle Bright,181,Matthew Carrey,5,39,Elenco Estándar,Actor Muy Prolífico
609,Muscle Bright,103,Matthew Leigh,5,30,Elenco Estándar,Actor Promedio
609,Muscle Bright,72,Sean Williams,5,26,Elenco Estándar,Actor Promedio
610,Music Boondock,137,Morgan Williams,3,27,Elenco Estándar,Actor Promedio
610,Music Boondock,164,Humphrey Willis,3,26,Elenco Estándar,Actor Promedio
610,Music Boondock,174,Michael Bening,3,24,Elenco Estándar,Actor Promedio
611,Musketeers Wait,152,Ben Harris,1,23,Elenco Estándar,Actor Promedio
612,Mussolini Spoilers,162,Oprah Kilmer,7,25,Elenco Estándar,Actor Promedio
612,Mussolini Spoilers,35,Judy Dean,7,15,Elenco Estándar,Actor Promedio
612,Mussolini Spoilers,14,Vivien Bergen,7,30,Elenco Estándar,Actor Promedio
612,Mussolini Spoilers,55,Fay Kilmer,7,20,Elenco Estándar,Actor Promedio
612,Mussolini Spoilers,69,Kenneth Paltrow,7,21,Elenco Estándar,Actor Promedio
612,Mussolini Spoilers,77,Cary Mcconaughey,7,24,Elenco Estándar,Actor Promedio
612,Mussolini Spoilers,18,Dan Torn,7,22,Elenco Estándar,Actor Promedio
613,Mystic Truman,81,Scarlett Damon,4,36,Elenco Estándar,Actor Muy Prolífico
613,Mystic Truman,127,Kevin Garland,4,33,Elenco Estándar,Actor Muy Prolífico
613,Mystic Truman,143,River Dean,4,31,Elenco Estándar,Actor Muy Prolífico
613,Mystic Truman,164,Humphrey Willis,4,26,Elenco Estándar,Actor Promedio
614,Name Detective,119,Warren Jackman,3,32,Elenco Estándar,Actor Muy Prolífico
614,Name Detective,128,Cate Mcqueen,3,30,Elenco Estándar,Actor Promedio
614,Name Detective,192,John Suvari,3,29,Elenco Estándar,Actor Promedio
615,Nash Chocolat,196,Bela Walken,7,30,Elenco Estándar,Actor Promedio
615,Nash Chocolat,35,Judy Dean,7,15,Elenco Estándar,Actor Promedio
615,Nash Chocolat,83,Ben Willis,7,33,Elenco Estándar,Actor Muy Prolífico
615,Nash Chocolat,65,Angela Hudson,7,34,Elenco Estándar,Actor Muy Prolífico
615,Nash Chocolat,152,Ben Harris,7,23,Elenco Estándar,Actor Promedio
615,Nash Chocolat,115,Harrison Bale,7,28,Elenco Estándar,Actor Promedio
615,Nash Chocolat,184,Humphrey Garland,7,29,Elenco Estándar,Actor Promedio
616,National Story,175,William Hackman,7,27,Elenco Estándar,Actor Promedio
616,National Story,135,Rita Reynolds,7,20,Elenco Estándar,Actor Promedio
616,National Story,158,Vivien Basinger,7,35,Elenco Estándar,Actor Muy Prolífico
616,National Story,157,Greta Malden,7,32,Elenco Estándar,Actor Muy Prolífico
616,National Story,84,James Pitt,7,31,Elenco Estándar,Actor Muy Prolífico
616,National Story,4,Jennifer Davis,7,22,Elenco Estándar,Actor Promedio
616,National Story,64,Ray Johansson,7,30,Elenco Estándar,Actor Promedio
617,Natural Stock,74,Milla Keitel,4,28,Elenco Estándar,Actor Promedio
617,Natural Stock,127,Kevin Garland,4,33,Elenco Estándar,Actor Muy Prolífico
617,Natural Stock,187,Renee Ball,4,33,Elenco Estándar,Actor Muy Prolífico
617,Natural Stock,101,Susan Davis,4,33,Elenco Estándar,Actor Muy Prolífico
618,Necklace Outbreak,99,Jim Mostel,8,26,Elenco Estándar,Actor Promedio
618,Necklace Outbreak,174,Michael Bening,8,24,Elenco Estándar,Actor Promedio
618,Necklace Outbreak,192,John Suvari,8,29,Elenco Estándar,Actor Promedio
618,Necklace Outbreak,92,Kirsten Akroyd,8,34,Elenco Estándar,Actor Muy Prolífico
618,Necklace Outbreak,3,Ed Chase,8,22,Elenco Estándar,Actor Promedio
618,Necklace Outbreak,33,Milla Peck,8,24,Elenco Estándar,Actor Promedio
618,Necklace Outbreak,38,Tom Mckellen,8,25,Elenco Estándar,Actor Promedio
618,Necklace Outbreak,7,Grace Mostel,8,30,Elenco Estándar,Actor Promedio
619,Neighbors Charade,38,Tom Mckellen,7,25,Elenco Estándar,Actor Promedio
619,Neighbors Charade,80,Ralph Cruz,7,28,Elenco Estándar,Actor Promedio
619,Neighbors Charade,81,Scarlett Damon,7,36,Elenco Estándar,Actor Muy Prolífico
619,Neighbors Charade,28,Woody Hoffman,7,31,Elenco Estándar,Actor Muy Prolífico
619,Neighbors Charade,95,Daryl Wahlberg,7,31,Elenco Estándar,Actor Muy Prolífico
619,Neighbors Charade,114,Morgan Mcdormand,7,25,Elenco Estándar,Actor Promedio
619,Neighbors Charade,168,Will Wilson,7,31,Elenco Estándar,Actor Muy Prolífico
620,Nemo Campus,99,Jim Mostel,5,26,Elenco Estándar,Actor Promedio
620,Nemo Campus,136,Ed Mansfield,5,32,Elenco Estándar,Actor Muy Prolífico
620,Nemo Campus,122,Salma Nolte,5,25,Elenco Estándar,Actor Promedio
620,Nemo Campus,88,Kenneth Pesci,5,20,Elenco Estándar,Actor Promedio
620,Nemo Campus,55,Fay Kilmer,5,20,Elenco Estándar,Actor Promedio
621,Network Peak,43,Kirk Jovovich,3,26,Elenco Estándar,Actor Promedio
621,Network Peak,93,Ellen Presley,3,25,Elenco Estándar,Actor Promedio
621,Network Peak,50,Natalie Hopkins,3,32,Elenco Estándar,Actor Muy Prolífico
622,Newsies Story,80,Ralph Cruz,8,28,Elenco Estándar,Actor Promedio
622,Newsies Story,174,Michael Bening,8,24,Elenco Estándar,Actor Promedio
622,Newsies Story,116,Dan Streep,8,24,Elenco Estándar,Actor Promedio
622,Newsies Story,166,Nick Degeneres,8,22,Elenco Estándar,Actor Promedio
622,Newsies Story,109,Sylvester Dern,8,22,Elenco Estándar,Actor Promedio
622,Newsies Story,99,Jim Mostel,8,26,Elenco Estándar,Actor Promedio
622,Newsies Story,180,Jeff Silverstone,8,25,Elenco Estándar,Actor Promedio
622,Newsies Story,192,John Suvari,8,29,Elenco Estándar,Actor Promedio
623,Newton Labyrinth,190,Audrey Bailey,4,27,Elenco Estándar,Actor Promedio
623,Newton Labyrinth,72,Sean Williams,4,26,Elenco Estándar,Actor Promedio
623,Newton Labyrinth,86,Greg Chaplin,4,27,Elenco Estándar,Actor Promedio
623,Newton Labyrinth,125,Albert Nolte,4,31,Elenco Estándar,Actor Muy Prolífico
624,Nightmare Chill,134,Gene Hopkins,2,22,Elenco Estándar,Actor Promedio
624,Nightmare Chill,102,Walter Torn,2,41,Elenco Estándar,Actor Muy Prolífico
625,None Spiking,145,Kim Allen,6,28,Elenco Estándar,Actor Promedio
625,None Spiking,181,Matthew Carrey,6,39,Elenco Estándar,Actor Muy Prolífico
625,None Spiking,171,Olympia Pfeiffer,6,28,Elenco Estándar,Actor Promedio
625,None Spiking,110,Susan Davis,6,21,Elenco Estándar,Actor Promedio
625,None Spiking,187,Renee Ball,6,33,Elenco Estándar,Actor Muy Prolífico
625,None Spiking,28,Woody Hoffman,6,31,Elenco Estándar,Actor Muy Prolífico
626,Noon Papi,15,Cuba Olivier,6,28,Elenco Estándar,Actor Promedio
626,Noon Papi,74,Milla Keitel,6,28,Elenco Estándar,Actor Promedio
626,Noon Papi,167,Laurence Bullock,6,26,Elenco Estándar,Actor Promedio
626,Noon Papi,168,Will Wilson,6,31,Elenco Estándar,Actor Muy Prolífico
626,Noon Papi,158,Vivien Basinger,6,35,Elenco Estándar,Actor Muy Prolífico
626,Noon Papi,132,Adam Hopper,6,22,Elenco Estándar,Actor Promedio
627,North Tequila,153,Minnie Kilmer,5,20,Elenco Estándar,Actor Promedio
627,North Tequila,138,Lucille Dee,5,24,Elenco Estándar,Actor Promedio
627,North Tequila,95,Daryl Wahlberg,5,31,Elenco Estándar,Actor Muy Prolífico
627,North Tequila,51,Gary Phoenix,5,25,Elenco Estándar,Actor Promedio
627,North Tequila,73,Gary Penn,5,26,Elenco Estándar,Actor Promedio
628,Northwest Polish,70,Michelle Mcconaughey,8,23,Elenco Estándar,Actor Promedio
628,Northwest Polish,79,Mae Hoffman,8,28,Elenco Estándar,Actor Promedio
628,Northwest Polish,198,Mary Keitel,8,40,Elenco Estándar,Actor Muy Prolífico
628,Northwest Polish,197,Reese West,8,33,Elenco Estándar,Actor Muy Prolífico
628,Northwest Polish,189,Cuba Birch,8,24,Elenco Estándar,Actor Promedio
628,Northwest Polish,135,Rita Reynolds,8,20,Elenco Estándar,Actor Promedio
628,Northwest Polish,180,Jeff Silverstone,8,25,Elenco Estándar,Actor Promedio
628,Northwest Polish,167,Laurence Bullock,8,26,Elenco Estándar,Actor Promedio
629,Notorious Reunion,145,Kim Allen,2,28,Elenco Estándar,Actor Promedio
629,Notorious Reunion,150,Jayne Nolte,2,34,Elenco Estándar,Actor Muy Prolífico
630,Notting Speakeasy,155,Ian Tandy,2,31,Elenco Estándar,Actor Muy Prolífico
630,Notting Speakeasy,85,Minnie Zellweger,2,31,Elenco Estándar,Actor Muy Prolífico
631,Novocaine Flight,12,Karl Berry,6,31,Elenco Estándar,Actor Muy Prolífico
631,Novocaine Flight,86,Greg Chaplin,6,27,Elenco Estándar,Actor Promedio
631,Novocaine Flight,83,Ben Willis,6,33,Elenco Estándar,Actor Muy Prolífico
631,Novocaine Flight,149,Russell Temple,6,31,Elenco Estándar,Actor Muy Prolífico
631,Novocaine Flight,102,Walter Torn,6,41,Elenco Estándar,Actor Muy Prolífico
631,Novocaine Flight,185,Michael Bolger,6,30,Elenco Estándar,Actor Promedio
632,Nuts Ties,58,Christian Akroyd,2,32,Elenco Estándar,Actor Muy Prolífico
632,Nuts Ties,50,Natalie Hopkins,2,32,Elenco Estándar,Actor Muy Prolífico
633,October Submarine,7,Grace Mostel,5,30,Elenco Estándar,Actor Promedio
633,October Submarine,63,Cameron Wray,5,19,Elenco Estándar,Actor Promedio
633,October Submarine,90,Sean Guiness,5,33,Elenco Estándar,Actor Muy Prolífico
633,October Submarine,121,Liza Bergman,5,25,Elenco Estándar,Actor Promedio
633,October Submarine,148,Emily Dee,5,14,Elenco Estándar,Actor Promedio
634,Odds Boogie,169,Kenneth Hoffman,5,29,Elenco Estándar,Actor Promedio
634,Odds Boogie,151,Geoffrey Heston,5,26,Elenco Estándar,Actor Promedio
634,Odds Boogie,98,Chris Bridges,5,27,Elenco Estándar,Actor Promedio
634,Odds Boogie,22,Elvis Marx,5,26,Elenco Estándar,Actor Promedio
634,Odds Boogie,79,Mae Hoffman,5,28,Elenco Estándar,Actor Promedio
635,Oklahoma Jumanji,77,Cary Mcconaughey,9,24,Elenco Estándar,Actor Promedio
635,Oklahoma Jumanji,12,Karl Berry,9,31,Elenco Estándar,Actor Muy Prolífico
635,Oklahoma Jumanji,1,Penelope Guiness,9,19,Elenco Estándar,Actor Promedio
635,Oklahoma Jumanji,4,Jennifer Davis,9,22,Elenco Estándar,Actor Promedio
635,Oklahoma Jumanji,26,Rip Crawford,9,33,Elenco Estándar,Actor Muy Prolífico
635,Oklahoma Jumanji,15,Cuba Olivier,9,28,Elenco Estándar,Actor Promedio
635,Oklahoma Jumanji,58,Christian Akroyd,9,32,Elenco Estándar,Actor Muy Prolífico
635,Oklahoma Jumanji,133,Richard Penn,9,30,Elenco Estándar,Actor Promedio
635,Oklahoma Jumanji,196,Bela Walken,9,30,Elenco Estándar,Actor Promedio
636,Oleander Clue,72,Sean Williams,10,26,Elenco Grande,Actor Promedio
636,Oleander Clue,23,Sandra Kilmer,10,37,Elenco Grande,Actor Muy Prolífico
636,Oleander Clue,54,Penelope Pinkett,10,25,Elenco Grande,Actor Promedio
636,Oleander Clue,86,Greg Chaplin,10,27,Elenco Grande,Actor Promedio
636,Oleander Clue,11,Zero Cage,10,25,Elenco Grande,Actor Promedio
636,Oleander Clue,119,Warren Jackman,10,32,Elenco Grande,Actor Muy Prolífico
636,Oleander Clue,183,Russell Close,10,19,Elenco Grande,Actor Promedio
636,Oleander Clue,162,Oprah Kilmer,10,25,Elenco Grande,Actor Promedio
636,Oleander Clue,99,Jim Mostel,10,26,Elenco Grande,Actor Promedio
636,Oleander Clue,139,Ewan Gooding,10,33,Elenco Grande,Actor Muy Prolífico
637,Open African,132,Adam Hopper,9,22,Elenco Estándar,Actor Promedio
637,Open African,107,Gina Degeneres,9,42,Elenco Estándar,Actor Muy Prolífico
637,Open African,186,Julia Zellweger,9,16,Elenco Estándar,Actor Promedio
637,Open African,158,Vivien Basinger,9,35,Elenco Estándar,Actor Muy Prolífico
637,Open African,27,Julia Mcqueen,9,33,Elenco Estándar,Actor Muy Prolífico
637,Open African,7,Grace Mostel,9,30,Elenco Estándar,Actor Promedio
637,Open African,31,Sissy Sobieski,9,18,Elenco Estándar,Actor Promedio
637,Open African,57,Jude Cruise,9,30,Elenco Estándar,Actor Promedio
637,Open African,74,Milla Keitel,9,28,Elenco Estándar,Actor Promedio
638,Operation Operation,71,Adam Grant,3,18,Elenco Estándar,Actor Promedio
638,Operation Operation,58,Christian Akroyd,3,32,Elenco Estándar,Actor Muy Prolífico
638,Operation Operation,191,Gregory Gooding,3,30,Elenco Estándar,Actor Promedio
639,Opposite Necklace,61,Christian Neeson,6,25,Elenco Estándar,Actor Promedio
639,Opposite Necklace,138,Lucille Dee,6,24,Elenco Estándar,Actor Promedio
639,Opposite Necklace,172,Groucho Williams,6,25,Elenco Estándar,Actor Promedio
639,Opposite Necklace,103,Matthew Leigh,6,30,Elenco Estándar,Actor Promedio
639,Opposite Necklace,182,Debbie Akroyd,6,24,Elenco Estándar,Actor Promedio
639,Opposite Necklace,106,Groucho Dunst,6,35,Elenco Estándar,Actor Muy Prolífico
640,Opus Ice,129,Daryl Crawford,4,30,Elenco Estándar,Actor Promedio
640,Opus Ice,184,Humphrey Garland,4,29,Elenco Estándar,Actor Promedio
640,Opus Ice,199,Julia Fawcett,4,15,Elenco Estándar,Actor Promedio
640,Opus Ice,72,Sean Williams,4,26,Elenco Estándar,Actor Promedio
641,Orange Grapes,97,Meg Hawke,5,27,Elenco Estándar,Actor Promedio
641,Orange Grapes,127,Kevin Garland,5,33,Elenco Estándar,Actor Muy Prolífico
641,Orange Grapes,145,Kim Allen,5,28,Elenco Estándar,Actor Promedio
641,Orange Grapes,118,Cuba Allen,5,25,Elenco Estándar,Actor Promedio
641,Orange Grapes,120,Penelope Monroe,5,27,Elenco Estándar,Actor Promedio
642,Order Betrayed,169,Kenneth Hoffman,7,29,Elenco Estándar,Actor Promedio
642,Order Betrayed,100,Spencer Depp,7,24,Elenco Estándar,Actor Promedio
642,Order Betrayed,120,Penelope Monroe,7,27,Elenco Estándar,Actor Promedio
642,Order Betrayed,113,Morgan Hopkins,7,27,Elenco Estándar,Actor Promedio
642,Order Betrayed,157,Greta Malden,7,32,Elenco Estándar,Actor Muy Prolífico
642,Order Betrayed,184,Humphrey Garland,7,29,Elenco Estándar,Actor Promedio
642,Order Betrayed,76,Angelina Astaire,7,31,Elenco Estándar,Actor Muy Prolífico
643,Orient Closer,81,Scarlett Damon,4,36,Elenco Estándar,Actor Muy Prolífico
643,Orient Closer,20,Lucille Tracy,4,30,Elenco Estándar,Actor Promedio
643,Orient Closer,103,Matthew Leigh,4,30,Elenco Estándar,Actor Promedio
643,Orient Closer,111,Cameron Zellweger,4,33,Elenco Estándar,Actor Muy Prolífico
644,Oscar Gold,165,Al Garland,6,26,Elenco Estándar,Actor Promedio
644,Oscar Gold,161,Harvey Hope,6,32,Elenco Estándar,Actor Muy Prolífico
644,Oscar Gold,19,Bob Fawcett,6,25,Elenco Estándar,Actor Promedio
644,Oscar Gold,26,Rip Crawford,6,33,Elenco Estándar,Actor Muy Prolífico
644,Oscar Gold,59,Dustin Tautou,6,27,Elenco Estándar,Actor Promedio
644,Oscar Gold,93,Ellen Presley,6,25,Elenco Estándar,Actor Promedio
645,Others Soup,50,Natalie Hopkins,4,32,Elenco Estándar,Actor Muy Prolífico
645,Others Soup,48,Frances Day-Lewis,4,26,Elenco Estándar,Actor Promedio
645,Others Soup,75,Burt Posey,4,24,Elenco Estándar,Actor Promedio
645,Others Soup,171,Olympia Pfeiffer,4,28,Elenco Estándar,Actor Promedio
646,Outbreak Divine,156,Fay Wood,5,22,Elenco Estándar,Actor Promedio
646,Outbreak Divine,29,Alec Wayne,5,29,Elenco Estándar,Actor Promedio
646,Outbreak Divine,79,Mae Hoffman,5,28,Elenco Estándar,Actor Promedio
646,Outbreak Divine,84,James Pitt,5,31,Elenco Estándar,Actor Muy Prolífico
646,Outbreak Divine,64,Ray Johansson,5,30,Elenco Estándar,Actor Promedio
647,Outfield Massacre,131,Jane Jackman,4,25,Elenco Estándar,Actor Promedio
647,Outfield Massacre,116,Dan Streep,4,24,Elenco Estándar,Actor Promedio
647,Outfield Massacre,150,Jayne Nolte,4,34,Elenco Estándar,Actor Muy Prolífico
647,Outfield Massacre,140,Whoopi Hurt,4,32,Elenco Estándar,Actor Muy Prolífico
648,Outlaw Hanky,108,Warren Nolte,7,34,Elenco Estándar,Actor Muy Prolífico
648,Outlaw Hanky,186,Julia Zellweger,7,16,Elenco Estándar,Actor Promedio
648,Outlaw Hanky,61,Christian Neeson,7,25,Elenco Estándar,Actor Promedio
648,Outlaw Hanky,76,Angelina Astaire,7,31,Elenco Estándar,Actor Muy Prolífico
648,Outlaw Hanky,39,Goldie Brody,7,28,Elenco Estándar,Actor Promedio
648,Outlaw Hanky,42,Tom Miranda,7,27,Elenco Estándar,Actor Promedio
648,Outlaw Hanky,22,Elvis Marx,7,26,Elenco Estándar,Actor Promedio
649,Oz Liaisons,61,Christian Neeson,11,25,Elenco Grande,Actor Promedio
649,Oz Liaisons,54,Penelope Pinkett,11,25,Elenco Grande,Actor Promedio
649,Oz Liaisons,23,Sandra Kilmer,11,37,Elenco Grande,Actor Muy Prolífico
649,Oz Liaisons,105,Sidney Crowe,11,34,Elenco Grande,Actor Muy Prolífico
649,Oz Liaisons,122,Salma Nolte,11,25,Elenco Grande,Actor Promedio
649,Oz Liaisons,147,Fay Winslet,11,31,Elenco Grande,Actor Muy Prolífico
649,Oz Liaisons,172,Groucho Williams,11,25,Elenco Grande,Actor Promedio
649,Oz Liaisons,136,Ed Mansfield,11,32,Elenco Grande,Actor Muy Prolífico
649,Oz Liaisons,177,Gene Mckellen,11,27,Elenco Grande,Actor Promedio
649,Oz Liaisons,119,Warren Jackman,11,32,Elenco Grande,Actor Muy Prolífico
649,Oz Liaisons,195,Jayne Silverstone,11,27,Elenco Grande,Actor Promedio
650,Pacific Amistad,5,Johnny Lollobrigida,8,29,Elenco Estándar,Actor Promedio
650,Pacific Amistad,76,Angelina Astaire,8,31,Elenco Estándar,Actor Muy Prolífico
650,Pacific Amistad,9,Joe Swank,8,25,Elenco Estándar,Actor Promedio
650,Pacific Amistad,59,Dustin Tautou,8,27,Elenco Estándar,Actor Promedio
650,Pacific Amistad,110,Susan Davis,8,21,Elenco Estándar,Actor Promedio
650,Pacific Amistad,128,Cate Mcqueen,8,30,Elenco Estándar,Actor Promedio
650,Pacific Amistad,179,Ed Guiness,8,29,Elenco Estándar,Actor Promedio
650,Pacific Amistad,184,Humphrey Garland,8,29,Elenco Estándar,Actor Promedio
651,Packer Madigan,32,Tim Hackman,1,23,Elenco Estándar,Actor Promedio
652,Pajama Jawbreaker,28,Woody Hoffman,5,31,Elenco Estándar,Actor Muy Prolífico
652,Pajama Jawbreaker,20,Lucille Tracy,5,30,Elenco Estándar,Actor Promedio
652,Pajama Jawbreaker,133,Richard Penn,5,30,Elenco Estándar,Actor Promedio
652,Pajama Jawbreaker,108,Warren Nolte,5,34,Elenco Estándar,Actor Muy Prolífico
652,Pajama Jawbreaker,168,Will Wilson,5,31,Elenco Estándar,Actor Muy Prolífico
653,Panic Club,161,Harvey Hope,3,32,Elenco Estándar,Actor Muy Prolífico
653,Panic Club,116,Dan Streep,3,24,Elenco Estándar,Actor Promedio
653,Panic Club,24,Cameron Streep,3,24,Elenco Estándar,Actor Promedio
654,Panky Submarine,87,Spencer Peck,8,21,Elenco Estándar,Actor Promedio
654,Panky Submarine,68,Rip Winslet,8,30,Elenco Estándar,Actor Promedio
654,Panky Submarine,70,Michelle Mcconaughey,8,23,Elenco Estándar,Actor Promedio
654,Panky Submarine,186,Julia Zellweger,8,16,Elenco Estándar,Actor Promedio
654,Panky Submarine,112,Russell Bacall,8,25,Elenco Estándar,Actor Promedio
654,Panky Submarine,106,Groucho Dunst,8,35,Elenco Estándar,Actor Muy Prolífico
654,Panky Submarine,122,Salma Nolte,8,25,Elenco Estándar,Actor Promedio
654,Panky Submarine,121,Liza Bergman,8,25,Elenco Estándar,Actor Promedio
655,Panther Reds,161,Harvey Hope,5,32,Elenco Estándar,Actor Muy Prolífico
655,Panther Reds,101,Susan Davis,5,33,Elenco Estándar,Actor Muy Prolífico
655,Panther Reds,108,Warren Nolte,5,34,Elenco Estándar,Actor Muy Prolífico
655,Panther Reds,134,Gene Hopkins,5,22,Elenco Estándar,Actor Promedio
655,Panther Reds,83,Ben Willis,5,33,Elenco Estándar,Actor Muy Prolífico
656,Papi Necklace,97,Meg Hawke,3,27,Elenco Estándar,Actor Promedio
656,Papi Necklace,118,Cuba Allen,3,25,Elenco Estándar,Actor Promedio
656,Papi Necklace,113,Morgan Hopkins,3,27,Elenco Estándar,Actor Promedio
657,Paradise Sabrina,104,Penelope Cronyn,4,31,Elenco Estándar,Actor Muy Prolífico
657,Paradise Sabrina,109,Sylvester Dern,4,22,Elenco Estándar,Actor Promedio
657,Paradise Sabrina,180,Jeff Silverstone,4,25,Elenco Estándar,Actor Promedio
657,Paradise Sabrina,41,Jodie Degeneres,4,29,Elenco Estándar,Actor Promedio
658,Paris Weekend,65,Angela Hudson,6,34,Elenco Estándar,Actor Muy Prolífico
658,Paris Weekend,60,Henry Berry,6,35,Elenco Estándar,Actor Muy Prolífico
658,Paris Weekend,54,Penelope Pinkett,6,25,Elenco Estándar,Actor Promedio
658,Paris Weekend,195,Jayne Silverstone,6,27,Elenco Estándar,Actor Promedio
658,Paris Weekend,151,Geoffrey Heston,6,26,Elenco Estándar,Actor Promedio
658,Paris Weekend,121,Liza Bergman,6,25,Elenco Estándar,Actor Promedio
659,Park Citizen,174,Michael Bening,6,24,Elenco Estándar,Actor Promedio
659,Park Citizen,120,Penelope Monroe,6,27,Elenco Estándar,Actor Promedio
659,Park Citizen,162,Oprah Kilmer,6,25,Elenco Estándar,Actor Promedio
659,Park Citizen,165,Al Garland,6,26,Elenco Estándar,Actor Promedio
659,Park Citizen,106,Groucho Dunst,6,35,Elenco Estándar,Actor Muy Prolífico
659,Park Citizen,143,River Dean,6,31,Elenco Estándar,Actor Muy Prolífico
660,Party Knock,160,Chris Depp,2,20,Elenco Estándar,Actor Promedio
660,Party Knock,143,River Dean,2,31,Elenco Estándar,Actor Muy Prolífico
661,Past Suicides,115,Harrison Bale,6,28,Elenco Estándar,Actor Promedio
661,Past Suicides,145,Kim Allen,6,28,Elenco Estándar,Actor Promedio
661,Past Suicides,157,Greta Malden,6,32,Elenco Estándar,Actor Muy Prolífico
661,Past Suicides,172,Groucho Williams,6,25,Elenco Estándar,Actor Promedio
661,Past Suicides,184,Humphrey Garland,6,29,Elenco Estándar,Actor Promedio
661,Past Suicides,96,Gene Willis,6,23,Elenco Estándar,Actor Promedio
662,Paths Control,49,Anne Cronyn,5,27,Elenco Estándar,Actor Promedio
662,Paths Control,37,Val Bolger,5,35,Elenco Estándar,Actor Muy Prolífico
662,Paths Control,92,Kirsten Akroyd,5,34,Elenco Estándar,Actor Muy Prolífico
662,Paths Control,188,Rock Dukakis,5,30,Elenco Estándar,Actor Promedio
662,Paths Control,101,Susan Davis,5,33,Elenco Estándar,Actor Muy Prolífico
663,Patient Sister,20,Lucille Tracy,4,30,Elenco Estándar,Actor Promedio
663,Patient Sister,37,Val Bolger,4,35,Elenco Estándar,Actor Muy Prolífico
663,Patient Sister,90,Sean Guiness,4,33,Elenco Estándar,Actor Muy Prolífico
663,Patient Sister,74,Milla Keitel,4,28,Elenco Estándar,Actor Promedio
664,Patriot Roman,52,Carmen Hunt,4,26,Elenco Estándar,Actor Promedio
664,Patriot Roman,187,Renee Ball,4,33,Elenco Estándar,Actor Muy Prolífico
664,Patriot Roman,125,Albert Nolte,4,31,Elenco Estándar,Actor Muy Prolífico
664,Patriot Roman,145,Kim Allen,4,28,Elenco Estándar,Actor Promedio
665,Patton Interview,128,Cate Mcqueen,9,30,Elenco Estándar,Actor Promedio
665,Patton Interview,151,Geoffrey Heston,9,26,Elenco Estándar,Actor Promedio
665,Patton Interview,140,Whoopi Hurt,9,32,Elenco Estándar,Actor Muy Prolífico
665,Patton Interview,185,Michael Bolger,9,30,Elenco Estándar,Actor Promedio
665,Patton Interview,60,Henry Berry,9,35,Elenco Estándar,Actor Muy Prolífico
665,Patton Interview,42,Tom Miranda,9,27,Elenco Estándar,Actor Promedio
665,Patton Interview,72,Sean Williams,9,26,Elenco Estándar,Actor Promedio
665,Patton Interview,5,Johnny Lollobrigida,9,29,Elenco Estándar,Actor Promedio
665,Patton Interview,68,Rip Winslet,9,30,Elenco Estándar,Actor Promedio
666,Paycheck Wait,73,Gary Penn,3,26,Elenco Estándar,Actor Promedio
666,Paycheck Wait,112,Russell Bacall,3,25,Elenco Estándar,Actor Promedio
666,Paycheck Wait,121,Liza Bergman,3,25,Elenco Estándar,Actor Promedio
667,Peach Innocent,172,Groucho Williams,5,25,Elenco Estándar,Actor Promedio
667,Peach Innocent,32,Tim Hackman,5,23,Elenco Estándar,Actor Promedio
667,Peach Innocent,75,Burt Posey,5,24,Elenco Estándar,Actor Promedio
667,Peach Innocent,73,Gary Penn,5,26,Elenco Estándar,Actor Promedio
667,Peach Innocent,33,Milla Peck,5,24,Elenco Estándar,Actor Promedio
668,Peak Forever,88,Kenneth Pesci,5,20,Elenco Estándar,Actor Promedio
668,Peak Forever,34,Audrey Olivier,5,25,Elenco Estándar,Actor Promedio
668,Peak Forever,182,Debbie Akroyd,5,24,Elenco Estándar,Actor Promedio
668,Peak Forever,144,Angela Witherspoon,5,35,Elenco Estándar,Actor Muy Prolífico
668,Peak Forever,191,Gregory Gooding,5,30,Elenco Estándar,Actor Promedio
669,Pearl Destiny,32,Tim Hackman,4,23,Elenco Estándar,Actor Promedio
669,Pearl Destiny,129,Daryl Crawford,4,30,Elenco Estándar,Actor Promedio
669,Pearl Destiny,111,Cameron Zellweger,4,33,Elenco Estándar,Actor Muy Prolífico
669,Pearl Destiny,161,Harvey Hope,4,32,Elenco Estándar,Actor Muy Prolífico
670,Pelican Comforts,140,Whoopi Hurt,5,32,Elenco Estándar,Actor Muy Prolífico
670,Pelican Comforts,149,Russell Temple,5,31,Elenco Estándar,Actor Muy Prolífico
670,Pelican Comforts,19,Bob Fawcett,5,25,Elenco Estándar,Actor Promedio
670,Pelican Comforts,47,Julia Barrymore,5,24,Elenco Estándar,Actor Promedio
670,Pelican Comforts,78,Groucho Sinatra,5,26,Elenco Estándar,Actor Promedio
671,Perdition Fargo,68,Rip Winslet,5,30,Elenco Estándar,Actor Promedio
671,Perdition Fargo,9,Joe Swank,5,25,Elenco Estándar,Actor Promedio
671,Perdition Fargo,187,Renee Ball,5,33,Elenco Estándar,Actor Muy Prolífico
671,Perdition Fargo,128,Cate Mcqueen,5,30,Elenco Estándar,Actor Promedio
671,Perdition Fargo,115,Harrison Bale,5,28,Elenco Estándar,Actor Promedio
672,Perfect Groove,99,Jim Mostel,6,26,Elenco Estándar,Actor Promedio
672,Perfect Groove,167,Laurence Bullock,6,26,Elenco Estándar,Actor Promedio
672,Perfect Groove,150,Jayne Nolte,6,34,Elenco Estándar,Actor Muy Prolífico
672,Perfect Groove,50,Natalie Hopkins,6,32,Elenco Estándar,Actor Muy Prolífico
672,Perfect Groove,83,Ben Willis,6,33,Elenco Estándar,Actor Muy Prolífico
672,Perfect Groove,12,Karl Berry,6,31,Elenco Estándar,Actor Muy Prolífico
673,Personal Ladybugs,42,Tom Miranda,9,27,Elenco Estándar,Actor Promedio
673,Personal Ladybugs,19,Bob Fawcett,9,25,Elenco Estándar,Actor Promedio
673,Personal Ladybugs,23,Sandra Kilmer,9,37,Elenco Estándar,Actor Muy Prolífico
673,Personal Ladybugs,195,Jayne Silverstone,9,27,Elenco Estándar,Actor Promedio
673,Personal Ladybugs,122,Salma Nolte,9,25,Elenco Estándar,Actor Promedio
673,Personal Ladybugs,141,Cate Harris,9,28,Elenco Estándar,Actor Promedio
673,Personal Ladybugs,108,Warren Nolte,9,34,Elenco Estándar,Actor Muy Prolífico
673,Personal Ladybugs,164,Humphrey Willis,9,26,Elenco Estándar,Actor Promedio
673,Personal Ladybugs,169,Kenneth Hoffman,9,29,Elenco Estándar,Actor Promedio
674,Pet Haunting,152,Ben Harris,7,23,Elenco Estándar,Actor Promedio
674,Pet Haunting,159,Laura Brody,7,26,Elenco Estándar,Actor Promedio
674,Pet Haunting,113,Morgan Hopkins,7,27,Elenco Estándar,Actor Promedio
674,Pet Haunting,166,Nick Degeneres,7,22,Elenco Estándar,Actor Promedio
674,Pet Haunting,78,Groucho Sinatra,7,26,Elenco Estándar,Actor Promedio
674,Pet Haunting,41,Jodie Degeneres,7,29,Elenco Estándar,Actor Promedio
674,Pet Haunting,192,John Suvari,7,29,Elenco Estándar,Actor Promedio
675,Phantom Glory,106,Groucho Dunst,2,35,Elenco Estándar,Actor Muy Prolífico
675,Phantom Glory,52,Carmen Hunt,2,26,Elenco Estándar,Actor Promedio
676,Philadelphia Wife,66,Mary Tandy,2,31,Elenco Estándar,Actor Muy Prolífico
676,Philadelphia Wife,90,Sean Guiness,2,33,Elenco Estándar,Actor Muy Prolífico
677,Pianist Outfield,192,John Suvari,5,29,Elenco Estándar,Actor Promedio
677,Pianist Outfield,195,Jayne Silverstone,5,27,Elenco Estándar,Actor Promedio
677,Pianist Outfield,182,Debbie Akroyd,5,24,Elenco Estándar,Actor Promedio
677,Pianist Outfield,174,Michael Bening,5,24,Elenco Estándar,Actor Promedio
677,Pianist Outfield,104,Penelope Cronyn,5,31,Elenco Estándar,Actor Muy Prolífico
678,Pickup Driving,168,Will Wilson,5,31,Elenco Estándar,Actor Muy Prolífico
678,Pickup Driving,51,Gary Phoenix,5,25,Elenco Estándar,Actor Promedio
678,Pickup Driving,41,Jodie Degeneres,5,29,Elenco Estándar,Actor Promedio
678,Pickup Driving,93,Ellen Presley,5,25,Elenco Estándar,Actor Promedio
678,Pickup Driving,85,Minnie Zellweger,5,31,Elenco Estándar,Actor Muy Prolífico
679,Pilot Hoosiers,27,Julia Mcqueen,7,33,Elenco Estándar,Actor Muy Prolífico
679,Pilot Hoosiers,60,Henry Berry,7,35,Elenco Estándar,Actor Muy Prolífico
679,Pilot Hoosiers,87,Spencer Peck,7,21,Elenco Estándar,Actor Promedio
679,Pilot Hoosiers,28,Woody Hoffman,7,31,Elenco Estándar,Actor Muy Prolífico
679,Pilot Hoosiers,111,Cameron Zellweger,7,33,Elenco Estándar,Actor Muy Prolífico
679,Pilot Hoosiers,182,Debbie Akroyd,7,24,Elenco Estándar,Actor Promedio
679,Pilot Hoosiers,190,Audrey Bailey,7,27,Elenco Estándar,Actor Promedio
680,Pinocchio Simon,192,John Suvari,11,29,Elenco Grande,Actor Promedio
680,Pinocchio Simon,21,Kirsten Paltrow,11,27,Elenco Grande,Actor Promedio
680,Pinocchio Simon,93,Ellen Presley,11,25,Elenco Grande,Actor Promedio
680,Pinocchio Simon,80,Ralph Cruz,11,28,Elenco Grande,Actor Promedio
680,Pinocchio Simon,45,Reese Kilmer,11,32,Elenco Grande,Actor Muy Prolífico
680,Pinocchio Simon,159,Laura Brody,11,26,Elenco Grande,Actor Promedio
680,Pinocchio Simon,154,Meryl Gibson,11,28,Elenco Grande,Actor Promedio
680,Pinocchio Simon,143,River Dean,11,31,Elenco Grande,Actor Muy Prolífico
680,Pinocchio Simon,111,Cameron Zellweger,11,33,Elenco Grande,Actor Muy Prolífico
680,Pinocchio Simon,113,Morgan Hopkins,11,27,Elenco Grande,Actor Promedio
680,Pinocchio Simon,152,Ben Harris,11,23,Elenco Grande,Actor Promedio
681,Pirates Roxanne,164,Humphrey Willis,1,26,Elenco Estándar,Actor Promedio
682,Pittsburgh Hunchback,120,Penelope Monroe,5,27,Elenco Estándar,Actor Promedio
682,Pittsburgh Hunchback,190,Audrey Bailey,5,27,Elenco Estándar,Actor Promedio
682,Pittsburgh Hunchback,192,John Suvari,5,29,Elenco Estándar,Actor Promedio
682,Pittsburgh Hunchback,26,Rip Crawford,5,33,Elenco Estándar,Actor Muy Prolífico
682,Pittsburgh Hunchback,27,Julia Mcqueen,5,33,Elenco Estándar,Actor Muy Prolífico
683,Pity Bound,65,Angela Hudson,5,34,Elenco Estándar,Actor Muy Prolífico
683,Pity Bound,39,Goldie Brody,5,28,Elenco Estándar,Actor Promedio
683,Pity Bound,177,Gene Mckellen,5,27,Elenco Estándar,Actor Promedio
683,Pity Bound,125,Albert Nolte,5,31,Elenco Estándar,Actor Muy Prolífico
683,Pity Bound,134,Gene Hopkins,5,22,Elenco Estándar,Actor Promedio
684,Pizza Jumanji,177,Gene Mckellen,5,27,Elenco Estándar,Actor Promedio
684,Pizza Jumanji,129,Daryl Crawford,5,30,Elenco Estándar,Actor Promedio
684,Pizza Jumanji,184,Humphrey Garland,5,29,Elenco Estándar,Actor Promedio
684,Pizza Jumanji,161,Harvey Hope,5,32,Elenco Estándar,Actor Muy Prolífico
684,Pizza Jumanji,196,Bela Walken,5,30,Elenco Estándar,Actor Promedio
685,Platoon Instinct,3,Ed Chase,5,22,Elenco Estándar,Actor Promedio
685,Platoon Instinct,57,Jude Cruise,5,30,Elenco Estándar,Actor Promedio
685,Platoon Instinct,168,Will Wilson,5,31,Elenco Estándar,Actor Muy Prolífico
685,Platoon Instinct,126,Frances Tomei,5,23,Elenco Estándar,Actor Promedio
685,Platoon Instinct,149,Russell Temple,5,31,Elenco Estándar,Actor Muy Prolífico
686,Pluto Oleander,105,Sidney Crowe,7,34,Elenco Estándar,Actor Muy Prolífico
686,Pluto Oleander,115,Harrison Bale,7,28,Elenco Estándar,Actor Promedio
686,Pluto Oleander,136,Ed Mansfield,7,32,Elenco Estándar,Actor Muy Prolífico
686,Pluto Oleander,92,Kirsten Akroyd,7,34,Elenco Estándar,Actor Muy Prolífico
686,Pluto Oleander,21,Kirsten Paltrow,7,27,Elenco Estándar,Actor Promedio
686,Pluto Oleander,98,Chris Bridges,7,27,Elenco Estándar,Actor Promedio
686,Pluto Oleander,83,Ben Willis,7,33,Elenco Estándar,Actor Muy Prolífico
687,Pocus Pulp,42,Tom Miranda,5,27,Elenco Estándar,Actor Promedio
687,Pocus Pulp,5,Johnny Lollobrigida,5,29,Elenco Estándar,Actor Promedio
687,Pocus Pulp,80,Ralph Cruz,5,28,Elenco Estándar,Actor Promedio
687,Pocus Pulp,143,River Dean,5,31,Elenco Estándar,Actor Muy Prolífico
687,Pocus Pulp,106,Groucho Dunst,5,35,Elenco Estándar,Actor Muy Prolífico
688,Polish Brooklyn,155,Ian Tandy,10,31,Elenco Grande,Actor Muy Prolífico
688,Polish Brooklyn,147,Fay Winslet,10,31,Elenco Grande,Actor Muy Prolífico
688,Polish Brooklyn,173,Alan Dreyfuss,10,27,Elenco Grande,Actor Promedio
688,Polish Brooklyn,137,Morgan Williams,10,27,Elenco Grande,Actor Promedio
688,Polish Brooklyn,26,Rip Crawford,10,33,Elenco Grande,Actor Muy Prolífico
688,Polish Brooklyn,22,Elvis Marx,10,26,Elenco Grande,Actor Promedio
688,Polish Brooklyn,14,Vivien Bergen,10,30,Elenco Grande,Actor Promedio
688,Polish Brooklyn,25,Kevin Bloom,10,21,Elenco Grande,Actor Promedio
688,Polish Brooklyn,62,Jayne Neeson,10,29,Elenco Grande,Actor Promedio
688,Polish Brooklyn,80,Ralph Cruz,10,28,Elenco Grande,Actor Promedio
689,Pollock Deliverance,78,Groucho Sinatra,6,26,Elenco Estándar,Actor Promedio
689,Pollock Deliverance,59,Dustin Tautou,6,27,Elenco Estándar,Actor Promedio
689,Pollock Deliverance,39,Goldie Brody,6,28,Elenco Estándar,Actor Promedio
689,Pollock Deliverance,52,Carmen Hunt,6,26,Elenco Estándar,Actor Promedio
689,Pollock Deliverance,199,Julia Fawcett,6,15,Elenco Estándar,Actor Promedio
689,Pollock Deliverance,193,Burt Temple,6,23,Elenco Estándar,Actor Promedio
690,Pond Seattle,95,Daryl Wahlberg,3,31,Elenco Estándar,Actor Muy Prolífico
690,Pond Seattle,143,River Dean,3,31,Elenco Estándar,Actor Muy Prolífico
690,Pond Seattle,134,Gene Hopkins,3,22,Elenco Estándar,Actor Promedio
691,Poseidon Forever,139,Ewan Gooding,6,33,Elenco Estándar,Actor Muy Prolífico
691,Poseidon Forever,120,Penelope Monroe,6,27,Elenco Estándar,Actor Promedio
691,Poseidon Forever,197,Reese West,6,33,Elenco Estándar,Actor Muy Prolífico
691,Poseidon Forever,23,Sandra Kilmer,6,37,Elenco Estándar,Actor Muy Prolífico
691,Poseidon Forever,7,Grace Mostel,6,30,Elenco Estándar,Actor Promedio
691,Poseidon Forever,4,Jennifer Davis,6,22,Elenco Estándar,Actor Promedio
692,Potluck Mixed,81,Scarlett Damon,6,36,Elenco Estándar,Actor Muy Prolífico
692,Potluck Mixed,6,Bette Nicholson,6,20,Elenco Estándar,Actor Promedio
692,Potluck Mixed,103,Matthew Leigh,6,30,Elenco Estándar,Actor Promedio
692,Potluck Mixed,167,Laurence Bullock,6,26,Elenco Estándar,Actor Promedio
692,Potluck Mixed,145,Kim Allen,6,28,Elenco Estándar,Actor Promedio
692,Potluck Mixed,191,Gregory Gooding,6,30,Elenco Estándar,Actor Promedio
693,Potter Connecticut,190,Audrey Bailey,7,27,Elenco Estándar,Actor Promedio
693,Potter Connecticut,119,Warren Jackman,7,32,Elenco Estándar,Actor Muy Prolífico
693,Potter Connecticut,140,Whoopi Hurt,7,32,Elenco Estándar,Actor Muy Prolífico
693,Potter Connecticut,131,Jane Jackman,7,25,Elenco Estándar,Actor Promedio
693,Potter Connecticut,108,Warren Nolte,7,34,Elenco Estándar,Actor Muy Prolífico
693,Potter Connecticut,165,Al Garland,7,26,Elenco Estándar,Actor Promedio
693,Potter Connecticut,128,Cate Mcqueen,7,30,Elenco Estándar,Actor Promedio
694,Prejudice Oleander,109,Sylvester Dern,10,22,Elenco Grande,Actor Promedio
694,Prejudice Oleander,185,Michael Bolger,10,30,Elenco Grande,Actor Promedio
694,Prejudice Oleander,169,Kenneth Hoffman,10,29,Elenco Grande,Actor Promedio
694,Prejudice Oleander,65,Angela Hudson,10,34,Elenco Grande,Actor Muy Prolífico
694,Prejudice Oleander,37,Val Bolger,10,35,Elenco Grande,Actor Muy Prolífico
694,Prejudice Oleander,64,Ray Johansson,10,30,Elenco Grande,Actor Promedio
694,Prejudice Oleander,59,Dustin Tautou,10,27,Elenco Grande,Actor Promedio
694,Prejudice Oleander,33,Milla Peck,10,24,Elenco Grande,Actor Promedio
694,Prejudice Oleander,10,Christian Gable,10,22,Elenco Grande,Actor Promedio
694,Prejudice Oleander,77,Cary Mcconaughey,10,24,Elenco Grande,Actor Promedio
695,President Bang,27,Julia Mcqueen,5,33,Elenco Estándar,Actor Muy Prolífico
695,President Bang,182,Debbie Akroyd,5,24,Elenco Estándar,Actor Promedio
695,President Bang,118,Cuba Allen,5,25,Elenco Estándar,Actor Promedio
695,President Bang,138,Lucille Dee,5,24,Elenco Estándar,Actor Promedio
695,President Bang,190,Audrey Bailey,5,27,Elenco Estándar,Actor Promedio
696,Pride Alamo,39,Goldie Brody,4,28,Elenco Estándar,Actor Promedio
696,Pride Alamo,108,Warren Nolte,4,34,Elenco Estándar,Actor Muy Prolífico
696,Pride Alamo,157,Greta Malden,4,32,Elenco Estándar,Actor Muy Prolífico
696,Pride Alamo,128,Cate Mcqueen,4,30,Elenco Estándar,Actor Promedio
697,Primary Glass,150,Jayne Nolte,7,34,Elenco Estándar,Actor Muy Prolífico
697,Primary Glass,66,Mary Tandy,7,31,Elenco Estándar,Actor Muy Prolífico
697,Primary Glass,53,Mena Temple,7,30,Elenco Estándar,Actor Promedio
697,Primary Glass,89,Charlize Dench,7,24,Elenco Estándar,Actor Promedio
697,Primary Glass,37,Val Bolger,7,35,Elenco Estándar,Actor Muy Prolífico
697,Primary Glass,25,Kevin Bloom,7,21,Elenco Estándar,Actor Promedio
697,Primary Glass,9,Joe Swank,7,25,Elenco Estándar,Actor Promedio
698,Princess Giant,58,Christian Akroyd,5,32,Elenco Estándar,Actor Muy Prolífico
698,Princess Giant,132,Adam Hopper,5,22,Elenco Estándar,Actor Promedio
698,Princess Giant,164,Humphrey Willis,5,26,Elenco Estándar,Actor Promedio
698,Princess Giant,154,Meryl Gibson,5,28,Elenco Estándar,Actor Promedio
698,Princess Giant,179,Ed Guiness,5,29,Elenco Estándar,Actor Promedio
699,Private Drop,176,Jon Chase,5,29,Elenco Estándar,Actor Promedio
699,Private Drop,111,Cameron Zellweger,5,33,Elenco Estándar,Actor Muy Prolífico
699,Private Drop,93,Ellen Presley,5,25,Elenco Estándar,Actor Promedio
699,Private Drop,44,Nick Stallone,5,30,Elenco Estándar,Actor Promedio
699,Private Drop,92,Kirsten Akroyd,5,34,Elenco Estándar,Actor Muy Prolífico
700,Prix Undefeated,39,Goldie Brody,7,28,Elenco Estándar,Actor Promedio
700,Prix Undefeated,31,Sissy Sobieski,7,18,Elenco Estándar,Actor Promedio
700,Prix Undefeated,21,Kirsten Paltrow,7,27,Elenco Estándar,Actor Promedio
700,Prix Undefeated,101,Susan Davis,7,33,Elenco Estándar,Actor Muy Prolífico
700,Prix Undefeated,109,Sylvester Dern,7,22,Elenco Estándar,Actor Promedio
700,Prix Undefeated,112,Russell Bacall,7,25,Elenco Estándar,Actor Promedio
700,Prix Undefeated,113,Morgan Hopkins,7,27,Elenco Estándar,Actor Promedio
701,Psycho Shrunk,171,Olympia Pfeiffer,1,28,Elenco Estándar,Actor Promedio
702,Pulp Beverly,144,Angela Witherspoon,7,35,Elenco Estándar,Actor Muy Prolífico
702,Pulp Beverly,108,Warren Nolte,7,34,Elenco Estándar,Actor Muy Prolífico
702,Pulp Beverly,140,Whoopi Hurt,7,32,Elenco Estándar,Actor Muy Prolífico
702,Pulp Beverly,130,Greta Keitel,7,27,Elenco Estándar,Actor Promedio
702,Pulp Beverly,101,Susan Davis,7,33,Elenco Estándar,Actor Muy Prolífico
702,Pulp Beverly,21,Kirsten Paltrow,7,27,Elenco Estándar,Actor Promedio
702,Pulp Beverly,59,Dustin Tautou,7,27,Elenco Estándar,Actor Promedio
703,Punk Divorce,61,Christian Neeson,7,25,Elenco Estándar,Actor Promedio
703,Punk Divorce,39,Goldie Brody,7,28,Elenco Estándar,Actor Promedio
703,Punk Divorce,84,James Pitt,7,31,Elenco Estándar,Actor Muy Prolífico
703,Punk Divorce,10,Christian Gable,7,22,Elenco Estándar,Actor Promedio
703,Punk Divorce,115,Harrison Bale,7,28,Elenco Estándar,Actor Promedio
703,Punk Divorce,137,Morgan Williams,7,27,Elenco Estándar,Actor Promedio
703,Punk Divorce,151,Geoffrey Heston,7,26,Elenco Estándar,Actor Promedio
704,Pure Runner,24,Cameron Streep,2,24,Elenco Estándar,Actor Promedio
704,Pure Runner,74,Milla Keitel,2,28,Elenco Estándar,Actor Promedio
705,Purple Movie,38,Tom Mckellen,8,25,Elenco Estándar,Actor Promedio
705,Purple Movie,98,Chris Bridges,8,27,Elenco Estándar,Actor Promedio
705,Purple Movie,48,Frances Day-Lewis,8,26,Elenco Estándar,Actor Promedio
705,Purple Movie,190,Audrey Bailey,8,27,Elenco Estándar,Actor Promedio
705,Purple Movie,156,Fay Wood,8,22,Elenco Estándar,Actor Promedio
705,Purple Movie,170,Mena Hopper,8,24,Elenco Estándar,Actor Promedio
705,Purple Movie,174,Michael Bening,8,24,Elenco Estándar,Actor Promedio
705,Purple Movie,129,Daryl Crawford,8,30,Elenco Estándar,Actor Promedio
706,Queen Luke,143,River Dean,6,31,Elenco Estándar,Actor Muy Prolífico
706,Queen Luke,139,Ewan Gooding,6,33,Elenco Estándar,Actor Muy Prolífico
706,Queen Luke,66,Mary Tandy,6,31,Elenco Estándar,Actor Muy Prolífico
706,Queen Luke,87,Spencer Peck,6,21,Elenco Estándar,Actor Promedio
706,Queen Luke,68,Rip Winslet,6,30,Elenco Estándar,Actor Promedio
706,Queen Luke,195,Jayne Silverstone,6,27,Elenco Estándar,Actor Promedio
707,Quest Mussolini,117,Renee Tracy,5,33,Elenco Estándar,Actor Muy Prolífico
707,Quest Mussolini,62,Jayne Neeson,5,29,Elenco Estándar,Actor Promedio
707,Quest Mussolini,35,Judy Dean,5,15,Elenco Estándar,Actor Promedio
707,Quest Mussolini,57,Jude Cruise,5,30,Elenco Estándar,Actor Promedio
707,Quest Mussolini,73,Gary Penn,5,26,Elenco Estándar,Actor Promedio
708,Quills Bull,192,John Suvari,4,29,Elenco Estándar,Actor Promedio
708,Quills Bull,190,Audrey Bailey,4,27,Elenco Estándar,Actor Promedio
708,Quills Bull,147,Fay Winslet,4,31,Elenco Estándar,Actor Muy Prolífico
708,Quills Bull,178,Lisa Monroe,4,23,Elenco Estándar,Actor Promedio
709,Racer Egg,11,Zero Cage,6,25,Elenco Estándar,Actor Promedio
709,Racer Egg,76,Angelina Astaire,6,31,Elenco Estándar,Actor Muy Prolífico
709,Racer Egg,49,Anne Cronyn,6,27,Elenco Estándar,Actor Promedio
709,Racer Egg,55,Fay Kilmer,6,20,Elenco Estándar,Actor Promedio
709,Racer Egg,80,Ralph Cruz,6,28,Elenco Estándar,Actor Promedio
709,Racer Egg,193,Burt Temple,6,23,Elenco Estándar,Actor Promedio
710,Rage Games,127,Kevin Garland,7,33,Elenco Estándar,Actor Muy Prolífico
710,Rage Games,142,Jada Ryder,7,31,Elenco Estándar,Actor Muy Prolífico
710,Rage Games,125,Albert Nolte,7,31,Elenco Estándar,Actor Muy Prolífico
710,Rage Games,172,Groucho Williams,7,25,Elenco Estándar,Actor Promedio
710,Rage Games,117,Renee Tracy,7,33,Elenco Estándar,Actor Muy Prolífico
710,Rage Games,98,Chris Bridges,7,27,Elenco Estándar,Actor Promedio
710,Rage Games,81,Scarlett Damon,7,36,Elenco Estándar,Actor Muy Prolífico
711,Raging Airplane,85,Minnie Zellweger,3,31,Elenco Estándar,Actor Muy Prolífico
711,Raging Airplane,19,Bob Fawcett,3,25,Elenco Estándar,Actor Promedio
711,Raging Airplane,192,John Suvari,3,29,Elenco Estándar,Actor Promedio
712,Raiders Antitrust,94,Kenneth Torn,6,33,Elenco Estándar,Actor Muy Prolífico
712,Raiders Antitrust,4,Jennifer Davis,6,22,Elenco Estándar,Actor Promedio
712,Raiders Antitrust,33,Milla Peck,6,24,Elenco Estándar,Actor Promedio
712,Raiders Antitrust,92,Kirsten Akroyd,6,34,Elenco Estándar,Actor Muy Prolífico
712,Raiders Antitrust,142,Jada Ryder,6,31,Elenco Estándar,Actor Muy Prolífico
712,Raiders Antitrust,102,Walter Torn,6,41,Elenco Estándar,Actor Muy Prolífico
713,Rainbow Shock,157,Greta Malden,6,32,Elenco Estándar,Actor Muy Prolífico
713,Rainbow Shock,131,Jane Jackman,6,25,Elenco Estándar,Actor Promedio
713,Rainbow Shock,145,Kim Allen,6,28,Elenco Estándar,Actor Promedio
713,Rainbow Shock,42,Tom Miranda,6,27,Elenco Estándar,Actor Promedio
713,Rainbow Shock,59,Dustin Tautou,6,27,Elenco Estándar,Actor Promedio
713,Rainbow Shock,94,Kenneth Torn,6,33,Elenco Estándar,Actor Muy Prolífico
714,Random Go,36,Burt Dukakis,13,29,Mega Elenco,Actor Promedio
714,Random Go,52,Carmen Hunt,13,26,Mega Elenco,Actor Promedio
714,Random Go,20,Lucille Tracy,13,30,Mega Elenco,Actor Promedio
714,Random Go,45,Reese Kilmer,13,32,Mega Elenco,Actor Muy Prolífico
714,Random Go,57,Jude Cruise,13,30,Mega Elenco,Actor Promedio
714,Random Go,4,Jennifer Davis,13,22,Mega Elenco,Actor Promedio
714,Random Go,65,Angela Hudson,13,34,Mega Elenco,Actor Muy Prolífico
714,Random Go,200,Thora Temple,13,20,Mega Elenco,Actor Promedio
714,Random Go,182,Debbie Akroyd,13,24,Mega Elenco,Actor Promedio
714,Random Go,166,Nick Degeneres,13,22,Mega Elenco,Actor Promedio
714,Random Go,115,Harrison Bale,13,28,Mega Elenco,Actor Promedio
714,Random Go,100,Spencer Depp,13,24,Mega Elenco,Actor Promedio
714,Random Go,161,Harvey Hope,13,32,Mega Elenco,Actor Muy Prolífico
715,Range Moonwalker,183,Russell Close,4,19,Elenco Estándar,Actor Promedio
715,Range Moonwalker,120,Penelope Monroe,4,27,Elenco Estándar,Actor Promedio
715,Range Moonwalker,36,Burt Dukakis,4,29,Elenco Estándar,Actor Promedio
715,Range Moonwalker,26,Rip Crawford,4,33,Elenco Estándar,Actor Muy Prolífico
716,Reap Unfaithful,12,Karl Berry,4,31,Elenco Estándar,Actor Muy Prolífico
716,Reap Unfaithful,36,Burt Dukakis,4,29,Elenco Estándar,Actor Promedio
716,Reap Unfaithful,49,Anne Cronyn,4,27,Elenco Estándar,Actor Promedio
716,Reap Unfaithful,10,Christian Gable,4,22,Elenco Estándar,Actor Promedio
717,Rear Trading,88,Kenneth Pesci,8,20,Elenco Estándar,Actor Promedio
717,Rear Trading,57,Jude Cruise,8,30,Elenco Estándar,Actor Promedio
717,Rear Trading,16,Fred Costner,8,27,Elenco Estándar,Actor Promedio
717,Rear Trading,20,Lucille Tracy,8,30,Elenco Estándar,Actor Promedio
717,Rear Trading,50,Natalie Hopkins,8,32,Elenco Estándar,Actor Muy Prolífico
717,Rear Trading,18,Dan Torn,8,22,Elenco Estándar,Actor Promedio
717,Rear Trading,167,Laurence Bullock,8,26,Elenco Estándar,Actor Promedio
717,Rear Trading,120,Penelope Monroe,8,27,Elenco Estándar,Actor Promedio
718,Rebel Airport,148,Emily Dee,6,14,Elenco Estándar,Actor Promedio
718,Rebel Airport,122,Salma Nolte,6,25,Elenco Estándar,Actor Promedio
718,Rebel Airport,100,Spencer Depp,6,24,Elenco Estándar,Actor Promedio
718,Rebel Airport,72,Sean Williams,6,26,Elenco Estándar,Actor Promedio
718,Rebel Airport,13,Uma Wood,6,35,Elenco Estándar,Actor Muy Prolífico
718,Rebel Airport,87,Spencer Peck,6,21,Elenco Estándar,Actor Promedio
719,Records Zorro,62,Jayne Neeson,8,29,Elenco Estándar,Actor Promedio
719,Records Zorro,83,Ben Willis,8,33,Elenco Estándar,Actor Muy Prolífico
719,Records Zorro,139,Ewan Gooding,8,33,Elenco Estándar,Actor Muy Prolífico
719,Records Zorro,163,Christopher West,8,21,Elenco Estándar,Actor Promedio
719,Records Zorro,113,Morgan Hopkins,8,27,Elenco Estándar,Actor Promedio
719,Records Zorro,135,Rita Reynolds,8,20,Elenco Estándar,Actor Promedio
719,Records Zorro,175,William Hackman,8,27,Elenco Estándar,Actor Promedio
719,Records Zorro,194,Meryl Allen,8,22,Elenco Estándar,Actor Promedio
720,Redemption Comforts,69,Kenneth Paltrow,5,21,Elenco Estándar,Actor Promedio
720,Redemption Comforts,34,Audrey Olivier,5,25,Elenco Estándar,Actor Promedio
720,Redemption Comforts,74,Milla Keitel,5,28,Elenco Estándar,Actor Promedio
720,Redemption Comforts,182,Debbie Akroyd,5,24,Elenco Estándar,Actor Promedio
720,Redemption Comforts,146,Albert Johansson,5,33,Elenco Estándar,Actor Muy Prolífico
721,Reds Pocus,108,Warren Nolte,5,34,Elenco Estándar,Actor Muy Prolífico
721,Reds Pocus,4,Jennifer Davis,5,22,Elenco Estándar,Actor Promedio
721,Reds Pocus,41,Jodie Degeneres,5,29,Elenco Estándar,Actor Promedio
721,Reds Pocus,98,Chris Bridges,5,27,Elenco Estándar,Actor Promedio
721,Reds Pocus,87,Spencer Peck,5,21,Elenco Estándar,Actor Promedio
722,Reef Salute,9,Joe Swank,4,25,Elenco Estándar,Actor Promedio
722,Reef Salute,69,Kenneth Paltrow,4,21,Elenco Estándar,Actor Promedio
722,Reef Salute,120,Penelope Monroe,4,27,Elenco Estándar,Actor Promedio
722,Reef Salute,174,Michael Bening,4,24,Elenco Estándar,Actor Promedio
723,Reign Gentlemen,113,Morgan Hopkins,3,27,Elenco Estándar,Actor Promedio
723,Reign Gentlemen,29,Alec Wayne,3,29,Elenco Estándar,Actor Promedio
723,Reign Gentlemen,40,Johnny Cage,3,29,Elenco Estándar,Actor Promedio
724,Remember Diary,41,Jodie Degeneres,4,29,Elenco Estándar,Actor Promedio
724,Remember Diary,94,Kenneth Torn,4,33,Elenco Estándar,Actor Muy Prolífico
724,Remember Diary,197,Reese West,4,33,Elenco Estándar,Actor Muy Prolífico
724,Remember Diary,180,Jeff Silverstone,4,25,Elenco Estándar,Actor Promedio
725,Requiem Tycoon,123,Julianne Dench,8,32,Elenco Estándar,Actor Muy Prolífico
725,Requiem Tycoon,130,Greta Keitel,8,27,Elenco Estándar,Actor Promedio
725,Requiem Tycoon,49,Anne Cronyn,8,27,Elenco Estándar,Actor Promedio
725,Requiem Tycoon,53,Mena Temple,8,30,Elenco Estándar,Actor Promedio
725,Requiem Tycoon,67,Jessica Bailey,8,23,Elenco Estándar,Actor Promedio
725,Requiem Tycoon,66,Mary Tandy,8,31,Elenco Estándar,Actor Muy Prolífico
725,Requiem Tycoon,98,Chris Bridges,8,27,Elenco Estándar,Actor Promedio
725,Requiem Tycoon,70,Michelle Mcconaughey,8,23,Elenco Estándar,Actor Promedio
726,Reservoir Adaptation,67,Jessica Bailey,8,23,Elenco Estándar,Actor Promedio
726,Reservoir Adaptation,58,Christian Akroyd,8,32,Elenco Estándar,Actor Muy Prolífico
726,Reservoir Adaptation,99,Jim Mostel,8,26,Elenco Estándar,Actor Promedio
726,Reservoir Adaptation,176,Jon Chase,8,29,Elenco Estándar,Actor Promedio
726,Reservoir Adaptation,177,Gene Mckellen,8,27,Elenco Estándar,Actor Promedio
726,Reservoir Adaptation,145,Kim Allen,8,28,Elenco Estándar,Actor Promedio
726,Reservoir Adaptation,124,Scarlett Bening,8,26,Elenco Estándar,Actor Promedio
726,Reservoir Adaptation,113,Morgan Hopkins,8,27,Elenco Estándar,Actor Promedio
727,Resurrection Silverado,127,Kevin Garland,5,33,Elenco Estándar,Actor Muy Prolífico
727,Resurrection Silverado,133,Richard Penn,5,30,Elenco Estándar,Actor Promedio
727,Resurrection Silverado,169,Kenneth Hoffman,5,29,Elenco Estándar,Actor Promedio
727,Resurrection Silverado,53,Mena Temple,5,30,Elenco Estándar,Actor Promedio
727,Resurrection Silverado,79,Mae Hoffman,5,28,Elenco Estándar,Actor Promedio
728,Reunion Witches,92,Kirsten Akroyd,7,34,Elenco Estándar,Actor Muy Prolífico
728,Reunion Witches,12,Karl Berry,7,31,Elenco Estándar,Actor Muy Prolífico
728,Reunion Witches,56,Dan Harris,7,28,Elenco Estándar,Actor Promedio
728,Reunion Witches,97,Meg Hawke,7,27,Elenco Estándar,Actor Promedio
728,Reunion Witches,112,Russell Bacall,7,25,Elenco Estándar,Actor Promedio
728,Reunion Witches,102,Walter Torn,7,41,Elenco Estándar,Actor Muy Prolífico
728,Reunion Witches,150,Jayne Nolte,7,34,Elenco Estándar,Actor Muy Prolífico
729,Rider Caddyshack,186,Julia Zellweger,9,16,Elenco Estándar,Actor Promedio
729,Rider Caddyshack,152,Ben Harris,9,23,Elenco Estándar,Actor Promedio
729,Rider Caddyshack,140,Whoopi Hurt,9,32,Elenco Estándar,Actor Muy Prolífico
729,Rider Caddyshack,175,William Hackman,9,27,Elenco Estándar,Actor Promedio
729,Rider Caddyshack,180,Jeff Silverstone,9,25,Elenco Estándar,Actor Promedio
729,Rider Caddyshack,49,Anne Cronyn,9,27,Elenco Estándar,Actor Promedio
729,Rider Caddyshack,84,James Pitt,9,31,Elenco Estándar,Actor Muy Prolífico
729,Rider Caddyshack,13,Uma Wood,9,35,Elenco Estándar,Actor Muy Prolífico
729,Rider Caddyshack,81,Scarlett Damon,9,36,Elenco Estándar,Actor Muy Prolífico
730,Ridgemont Submarine,5,Johnny Lollobrigida,5,29,Elenco Estándar,Actor Promedio
730,Ridgemont Submarine,123,Julianne Dench,5,32,Elenco Estándar,Actor Muy Prolífico
730,Ridgemont Submarine,185,Michael Bolger,5,30,Elenco Estándar,Actor Promedio
730,Ridgemont Submarine,140,Whoopi Hurt,5,32,Elenco Estándar,Actor Muy Prolífico
730,Ridgemont Submarine,199,Julia Fawcett,5,15,Elenco Estándar,Actor Promedio
731,Right Cranes,36,Burt Dukakis,7,29,Elenco Estándar,Actor Promedio
731,Right Cranes,67,Jessica Bailey,7,23,Elenco Estándar,Actor Promedio
731,Right Cranes,22,Elvis Marx,7,26,Elenco Estándar,Actor Promedio
731,Right Cranes,46,Parker Goldberg,7,24,Elenco Estándar,Actor Promedio
731,Right Cranes,146,Albert Johansson,7,33,Elenco Estándar,Actor Muy Prolífico
731,Right Cranes,140,Whoopi Hurt,7,32,Elenco Estándar,Actor Muy Prolífico
731,Right Cranes,111,Cameron Zellweger,7,33,Elenco Estándar,Actor Muy Prolífico
732,Rings Heartbreakers,111,Cameron Zellweger,11,33,Elenco Grande,Actor Muy Prolífico
732,Rings Heartbreakers,180,Jeff Silverstone,11,25,Elenco Grande,Actor Promedio
732,Rings Heartbreakers,153,Minnie Kilmer,11,20,Elenco Grande,Actor Promedio
732,Rings Heartbreakers,179,Ed Guiness,11,29,Elenco Grande,Actor Promedio
732,Rings Heartbreakers,113,Morgan Hopkins,11,27,Elenco Grande,Actor Promedio
732,Rings Heartbreakers,109,Sylvester Dern,11,22,Elenco Grande,Actor Promedio
732,Rings Heartbreakers,5,Johnny Lollobrigida,11,29,Elenco Grande,Actor Promedio
732,Rings Heartbreakers,26,Rip Crawford,11,33,Elenco Grande,Actor Muy Prolífico
732,Rings Heartbreakers,35,Judy Dean,11,15,Elenco Grande,Actor Promedio
732,Rings Heartbreakers,50,Natalie Hopkins,11,32,Elenco Grande,Actor Muy Prolífico
732,Rings Heartbreakers,30,Sandra Peck,11,19,Elenco Grande,Actor Promedio
733,River Outlaw,51,Gary Phoenix,4,25,Elenco Estándar,Actor Promedio
733,River Outlaw,21,Kirsten Paltrow,4,27,Elenco Estándar,Actor Promedio
733,River Outlaw,178,Lisa Monroe,4,23,Elenco Estándar,Actor Promedio
733,River Outlaw,108,Warren Nolte,4,34,Elenco Estándar,Actor Muy Prolífico
734,Road Roxanne,167,Laurence Bullock,8,26,Elenco Estándar,Actor Promedio
734,Road Roxanne,146,Albert Johansson,8,33,Elenco Estándar,Actor Muy Prolífico
734,Road Roxanne,189,Cuba Birch,8,24,Elenco Estándar,Actor Promedio
734,Road Roxanne,17,Helen Voight,8,32,Elenco Estándar,Actor Muy Prolífico
734,Road Roxanne,51,Gary Phoenix,8,25,Elenco Estándar,Actor Promedio
734,Road Roxanne,47,Julia Barrymore,8,24,Elenco Estándar,Actor Promedio
734,Road Roxanne,21,Kirsten Paltrow,8,27,Elenco Estándar,Actor Promedio
734,Road Roxanne,98,Chris Bridges,8,27,Elenco Estándar,Actor Promedio
735,Robbers Joon,65,Angela Hudson,5,34,Elenco Estándar,Actor Muy Prolífico
735,Robbers Joon,33,Milla Peck,5,24,Elenco Estándar,Actor Promedio
735,Robbers Joon,142,Jada Ryder,5,31,Elenco Estándar,Actor Muy Prolífico
735,Robbers Joon,118,Cuba Allen,5,25,Elenco Estándar,Actor Promedio
735,Robbers Joon,103,Matthew Leigh,5,30,Elenco Estándar,Actor Promedio
736,Robbery Bright,140,Whoopi Hurt,2,32,Elenco Estándar,Actor Muy Prolífico
736,Robbery Bright,39,Goldie Brody,2,28,Elenco Estándar,Actor Promedio
737,Rock Instinct,57,Jude Cruise,8,30,Elenco Estándar,Actor Promedio
737,Rock Instinct,40,Johnny Cage,8,29,Elenco Estándar,Actor Promedio
737,Rock Instinct,33,Milla Peck,8,24,Elenco Estándar,Actor Promedio
737,Rock Instinct,51,Gary Phoenix,8,25,Elenco Estándar,Actor Promedio
737,Rock Instinct,47,Julia Barrymore,8,24,Elenco Estándar,Actor Promedio
737,Rock Instinct,111,Cameron Zellweger,8,33,Elenco Estándar,Actor Muy Prolífico
737,Rock Instinct,179,Ed Guiness,8,29,Elenco Estándar,Actor Promedio
737,Rock Instinct,165,Al Garland,8,26,Elenco Estándar,Actor Promedio
738,Rocketeer Mother,117,Renee Tracy,7,33,Elenco Estándar,Actor Muy Prolífico
738,Rocketeer Mother,119,Warren Jackman,7,32,Elenco Estándar,Actor Muy Prolífico
738,Rocketeer Mother,35,Judy Dean,7,15,Elenco Estándar,Actor Promedio
738,Rocketeer Mother,42,Tom Miranda,7,27,Elenco Estándar,Actor Promedio
738,Rocketeer Mother,98,Chris Bridges,7,27,Elenco Estándar,Actor Promedio
738,Rocketeer Mother,194,Meryl Allen,7,22,Elenco Estándar,Actor Promedio
738,Rocketeer Mother,195,Jayne Silverstone,7,27,Elenco Estándar,Actor Promedio
739,Rocky War,104,Penelope Cronyn,3,31,Elenco Estándar,Actor Muy Prolífico
739,Rocky War,117,Renee Tracy,3,33,Elenco Estándar,Actor Muy Prolífico
739,Rocky War,31,Sissy Sobieski,3,18,Elenco Estándar,Actor Promedio
740,Rollercoaster Bringing,141,Cate Harris,3,28,Elenco Estándar,Actor Promedio
740,Rollercoaster Bringing,115,Harrison Bale,3,28,Elenco Estándar,Actor Promedio
740,Rollercoaster Bringing,176,Jon Chase,3,29,Elenco Estándar,Actor Promedio
741,Roman Punk,108,Warren Nolte,2,34,Elenco Estándar,Actor Muy Prolífico
741,Roman Punk,99,Jim Mostel,2,26,Elenco Estándar,Actor Promedio
742,Roof Champion,124,Scarlett Bening,5,26,Elenco Estándar,Actor Promedio
742,Roof Champion,116,Dan Streep,5,24,Elenco Estándar,Actor Promedio
742,Roof Champion,140,Whoopi Hurt,5,32,Elenco Estándar,Actor Muy Prolífico
742,Roof Champion,22,Elvis Marx,5,26,Elenco Estándar,Actor Promedio
742,Roof Champion,2,Nick Wahlberg,5,25,Elenco Estándar,Actor Promedio
743,Room Roman,28,Woody Hoffman,2,31,Elenco Estándar,Actor Muy Prolífico
743,Room Roman,72,Sean Williams,2,26,Elenco Estándar,Actor Promedio
744,Roots Remember,75,Burt Posey,10,24,Elenco Grande,Actor Promedio
744,Roots Remember,40,Johnny Cage,10,29,Elenco Grande,Actor Promedio
744,Roots Remember,93,Ellen Presley,10,25,Elenco Grande,Actor Promedio
744,Roots Remember,172,Groucho Williams,10,25,Elenco Grande,Actor Promedio
744,Roots Remember,102,Walter Torn,10,41,Elenco Grande,Actor Muy Prolífico
744,Roots Remember,178,Lisa Monroe,10,23,Elenco Grande,Actor Promedio
744,Roots Remember,108,Warren Nolte,10,34,Elenco Grande,Actor Muy Prolífico
744,Roots Remember,111,Cameron Zellweger,10,33,Elenco Grande,Actor Muy Prolífico
744,Roots Remember,139,Ewan Gooding,10,33,Elenco Grande,Actor Muy Prolífico
744,Roots Remember,181,Matthew Carrey,10,39,Elenco Grande,Actor Muy Prolífico
745,Roses Treasure,184,Humphrey Garland,5,29,Elenco Estándar,Actor Promedio
745,Roses Treasure,137,Morgan Williams,5,27,Elenco Estándar,Actor Promedio
745,Roses Treasure,193,Burt Temple,5,23,Elenco Estándar,Actor Promedio
745,Roses Treasure,198,Mary Keitel,5,40,Elenco Estándar,Actor Muy Prolífico
745,Roses Treasure,15,Cuba Olivier,5,28,Elenco Estándar,Actor Promedio
746,Rouge Squad,120,Penelope Monroe,4,27,Elenco Estándar,Actor Promedio
746,Rouge Squad,139,Ewan Gooding,4,33,Elenco Estándar,Actor Muy Prolífico
746,Rouge Squad,176,Jon Chase,4,29,Elenco Estándar,Actor Promedio
746,Rouge Squad,197,Reese West,4,33,Elenco Estándar,Actor Muy Prolífico
747,Roxanne Rebel,192,John Suvari,5,29,Elenco Estándar,Actor Promedio
747,Roxanne Rebel,40,Johnny Cage,5,29,Elenco Estándar,Actor Promedio
747,Roxanne Rebel,74,Milla Keitel,5,28,Elenco Estándar,Actor Promedio
747,Roxanne Rebel,68,Rip Winslet,5,30,Elenco Estándar,Actor Promedio
747,Roxanne Rebel,138,Lucille Dee,5,24,Elenco Estándar,Actor Promedio
748,Rugrats Shakespeare,113,Morgan Hopkins,6,27,Elenco Estándar,Actor Promedio
748,Rugrats Shakespeare,145,Kim Allen,6,28,Elenco Estándar,Actor Promedio
748,Rugrats Shakespeare,189,Cuba Birch,6,24,Elenco Estándar,Actor Promedio
748,Rugrats Shakespeare,73,Gary Penn,6,26,Elenco Estándar,Actor Promedio
748,Rugrats Shakespeare,95,Daryl Wahlberg,6,31,Elenco Estándar,Actor Muy Prolífico
748,Rugrats Shakespeare,35,Judy Dean,6,15,Elenco Estándar,Actor Promedio
749,Rules Human,1,Penelope Guiness,5,19,Elenco Estándar,Actor Promedio
749,Rules Human,77,Cary Mcconaughey,5,24,Elenco Estándar,Actor Promedio
749,Rules Human,59,Dustin Tautou,5,27,Elenco Estándar,Actor Promedio
749,Rules Human,161,Harvey Hope,5,32,Elenco Estándar,Actor Muy Prolífico
749,Rules Human,127,Kevin Garland,5,33,Elenco Estándar,Actor Muy Prolífico
750,Run Pacific,105,Sidney Crowe,6,34,Elenco Estándar,Actor Muy Prolífico
750,Run Pacific,51,Gary Phoenix,6,25,Elenco Estándar,Actor Promedio
750,Run Pacific,79,Mae Hoffman,6,28,Elenco Estándar,Actor Promedio
750,Run Pacific,56,Dan Harris,6,28,Elenco Estándar,Actor Promedio
750,Run Pacific,19,Bob Fawcett,6,25,Elenco Estándar,Actor Promedio
750,Run Pacific,82,Woody Jolie,6,31,Elenco Estándar,Actor Muy Prolífico
751,Runaway Tenenbaums,44,Nick Stallone,3,30,Elenco Estándar,Actor Promedio
751,Runaway Tenenbaums,119,Warren Jackman,3,32,Elenco Estándar,Actor Muy Prolífico
751,Runaway Tenenbaums,177,Gene Mckellen,3,27,Elenco Estándar,Actor Promedio
752,Runner Madigan,141,Cate Harris,8,28,Elenco Estándar,Actor Promedio
752,Runner Madigan,106,Groucho Dunst,8,35,Elenco Estándar,Actor Muy Prolífico
752,Runner Madigan,86,Greg Chaplin,8,27,Elenco Estándar,Actor Promedio
752,Runner Madigan,19,Bob Fawcett,8,25,Elenco Estándar,Actor Promedio
752,Runner Madigan,61,Christian Neeson,8,25,Elenco Estándar,Actor Promedio
752,Runner Madigan,9,Joe Swank,8,25,Elenco Estándar,Actor Promedio
752,Runner Madigan,8,Matthew Johansson,8,20,Elenco Estándar,Actor Promedio
752,Runner Madigan,197,Reese West,8,33,Elenco Estándar,Actor Muy Prolífico
753,Rush Goodfellas,173,Alan Dreyfuss,5,27,Elenco Estándar,Actor Promedio
753,Rush Goodfellas,144,Angela Witherspoon,5,35,Elenco Estándar,Actor Muy Prolífico
753,Rush Goodfellas,109,Sylvester Dern,5,22,Elenco Estándar,Actor Promedio
753,Rush Goodfellas,79,Mae Hoffman,5,28,Elenco Estándar,Actor Promedio
753,Rush Goodfellas,43,Kirk Jovovich,5,26,Elenco Estándar,Actor Promedio
754,Rushmore Mermaid,60,Henry Berry,7,35,Elenco Estándar,Actor Muy Prolífico
754,Rushmore Mermaid,33,Milla Peck,7,24,Elenco Estándar,Actor Promedio
754,Rushmore Mermaid,40,Johnny Cage,7,29,Elenco Estándar,Actor Promedio
754,Rushmore Mermaid,2,Nick Wahlberg,7,25,Elenco Estándar,Actor Promedio
754,Rushmore Mermaid,54,Penelope Pinkett,7,25,Elenco Estándar,Actor Promedio
754,Rushmore Mermaid,115,Harrison Bale,7,28,Elenco Estándar,Actor Promedio
754,Rushmore Mermaid,156,Fay Wood,7,22,Elenco Estándar,Actor Promedio
755,Sabrina Midnight,160,Chris Depp,4,20,Elenco Estándar,Actor Promedio
755,Sabrina Midnight,58,Christian Akroyd,4,32,Elenco Estándar,Actor Muy Prolífico
755,Sabrina Midnight,25,Kevin Bloom,4,21,Elenco Estándar,Actor Promedio
755,Sabrina Midnight,97,Meg Hawke,4,27,Elenco Estándar,Actor Promedio
756,Saddle Antitrust,19,Bob Fawcett,3,25,Elenco Estándar,Actor Promedio
756,Saddle Antitrust,153,Minnie Kilmer,3,20,Elenco Estándar,Actor Promedio
756,Saddle Antitrust,132,Adam Hopper,3,22,Elenco Estándar,Actor Promedio
757,Sagebrush Clueless,173,Alan Dreyfuss,7,27,Elenco Estándar,Actor Promedio
757,Sagebrush Clueless,114,Morgan Mcdormand,7,25,Elenco Estándar,Actor Promedio
757,Sagebrush Clueless,155,Ian Tandy,7,31,Elenco Estándar,Actor Muy Prolífico
757,Sagebrush Clueless,48,Frances Day-Lewis,7,26,Elenco Estándar,Actor Promedio
757,Sagebrush Clueless,20,Lucille Tracy,7,30,Elenco Estándar,Actor Promedio
757,Sagebrush Clueless,72,Sean Williams,7,26,Elenco Estándar,Actor Promedio
757,Sagebrush Clueless,97,Meg Hawke,7,27,Elenco Estándar,Actor Promedio
758,Saints Bride,26,Rip Crawford,10,33,Elenco Grande,Actor Muy Prolífico
758,Saints Bride,16,Fred Costner,10,27,Elenco Grande,Actor Promedio
758,Saints Bride,7,Grace Mostel,10,30,Elenco Grande,Actor Promedio
758,Saints Bride,197,Reese West,10,33,Elenco Grande,Actor Muy Prolífico
758,Saints Bride,198,Mary Keitel,10,40,Elenco Grande,Actor Muy Prolífico
758,Saints Bride,172,Groucho Williams,10,25,Elenco Grande,Actor Promedio
758,Saints Bride,101,Susan Davis,10,33,Elenco Grande,Actor Muy Prolífico
758,Saints Bride,137,Morgan Williams,10,27,Elenco Grande,Actor Promedio
758,Saints Bride,176,Jon Chase,10,29,Elenco Grande,Actor Promedio
758,Saints Bride,170,Mena Hopper,10,24,Elenco Grande,Actor Promedio
759,Salute Apollo,142,Jada Ryder,4,31,Elenco Estándar,Actor Muy Prolífico
759,Salute Apollo,100,Spencer Depp,4,24,Elenco Estándar,Actor Promedio
759,Salute Apollo,128,Cate Mcqueen,4,30,Elenco Estándar,Actor Promedio
759,Salute Apollo,14,Vivien Bergen,4,30,Elenco Estándar,Actor Promedio
760,Samurai Lion,86,Greg Chaplin,2,27,Elenco Estándar,Actor Promedio
760,Samurai Lion,76,Angelina Astaire,2,31,Elenco Estándar,Actor Muy Prolífico
761,Santa Paris,69,Kenneth Paltrow,6,21,Elenco Estándar,Actor Promedio
761,Santa Paris,85,Minnie Zellweger,6,31,Elenco Estándar,Actor Muy Prolífico
761,Santa Paris,81,Scarlett Damon,6,36,Elenco Estándar,Actor Muy Prolífico
761,Santa Paris,149,Russell Temple,6,31,Elenco Estándar,Actor Muy Prolífico
761,Santa Paris,185,Michael Bolger,6,30,Elenco Estándar,Actor Promedio
761,Santa Paris,171,Olympia Pfeiffer,6,28,Elenco Estándar,Actor Promedio
762,Sassy Packer,144,Angela Witherspoon,3,35,Elenco Estándar,Actor Muy Prolífico
762,Sassy Packer,178,Lisa Monroe,3,23,Elenco Estándar,Actor Promedio
762,Sassy Packer,78,Groucho Sinatra,3,26,Elenco Estándar,Actor Promedio
763,Satisfaction Confidential,63,Cameron Wray,5,19,Elenco Estándar,Actor Promedio
763,Satisfaction Confidential,127,Kevin Garland,5,33,Elenco Estándar,Actor Muy Prolífico
763,Satisfaction Confidential,106,Groucho Dunst,5,35,Elenco Estándar,Actor Muy Prolífico
763,Satisfaction Confidential,177,Gene Mckellen,5,27,Elenco Estándar,Actor Promedio
763,Satisfaction Confidential,192,John Suvari,5,29,Elenco Estándar,Actor Promedio
764,Saturday Lambs,83,Ben Willis,9,33,Elenco Estándar,Actor Muy Prolífico
764,Saturday Lambs,26,Rip Crawford,9,33,Elenco Estándar,Actor Muy Prolífico
764,Saturday Lambs,14,Vivien Bergen,9,30,Elenco Estándar,Actor Promedio
764,Saturday Lambs,75,Burt Posey,9,24,Elenco Estándar,Actor Promedio
764,Saturday Lambs,84,James Pitt,9,31,Elenco Estándar,Actor Muy Prolífico
764,Saturday Lambs,54,Penelope Pinkett,9,25,Elenco Estándar,Actor Promedio
764,Saturday Lambs,170,Mena Hopper,9,24,Elenco Estándar,Actor Promedio
764,Saturday Lambs,130,Greta Keitel,9,27,Elenco Estándar,Actor Promedio
764,Saturday Lambs,177,Gene Mckellen,9,27,Elenco Estándar,Actor Promedio
765,Saturn Name,98,Chris Bridges,2,27,Elenco Estándar,Actor Promedio
765,Saturn Name,76,Angelina Astaire,2,31,Elenco Estándar,Actor Muy Prolífico
766,Savannah Town,46,Parker Goldberg,6,24,Elenco Estándar,Actor Promedio
766,Savannah Town,23,Sandra Kilmer,6,37,Elenco Estándar,Actor Muy Prolífico
766,Savannah Town,67,Jessica Bailey,6,23,Elenco Estándar,Actor Promedio
766,Savannah Town,61,Christian Neeson,6,25,Elenco Estándar,Actor Promedio
766,Savannah Town,7,Grace Mostel,6,30,Elenco Estándar,Actor Promedio
766,Savannah Town,153,Minnie Kilmer,6,20,Elenco Estándar,Actor Promedio
767,Scalawag Duck,160,Chris Depp,5,20,Elenco Estándar,Actor Promedio
767,Scalawag Duck,45,Reese Kilmer,5,32,Elenco Estándar,Actor Muy Prolífico
767,Scalawag Duck,57,Jude Cruise,5,30,Elenco Estándar,Actor Promedio
767,Scalawag Duck,61,Christian Neeson,5,25,Elenco Estándar,Actor Promedio
767,Scalawag Duck,78,Groucho Sinatra,5,26,Elenco Estándar,Actor Promedio
768,Scarface Bang,93,Ellen Presley,7,25,Elenco Estándar,Actor Promedio
768,Scarface Bang,46,Parker Goldberg,7,24,Elenco Estándar,Actor Promedio
768,Scarface Bang,141,Cate Harris,7,28,Elenco Estándar,Actor Promedio
768,Scarface Bang,148,Emily Dee,7,14,Elenco Estándar,Actor Promedio
768,Scarface Bang,152,Ben Harris,7,23,Elenco Estándar,Actor Promedio
768,Scarface Bang,187,Renee Ball,7,33,Elenco Estándar,Actor Muy Prolífico
768,Scarface Bang,155,Ian Tandy,7,31,Elenco Estándar,Actor Muy Prolífico
769,School Jacket,160,Chris Depp,8,20,Elenco Estándar,Actor Promedio
769,School Jacket,179,Ed Guiness,8,29,Elenco Estándar,Actor Promedio
769,School Jacket,195,Jayne Silverstone,8,27,Elenco Estándar,Actor Promedio
769,School Jacket,197,Reese West,8,33,Elenco Estándar,Actor Muy Prolífico
769,School Jacket,79,Mae Hoffman,8,28,Elenco Estándar,Actor Promedio
769,School Jacket,8,Matthew Johansson,8,20,Elenco Estándar,Actor Promedio
769,School Jacket,56,Dan Harris,8,28,Elenco Estándar,Actor Promedio
769,School Jacket,66,Mary Tandy,8,31,Elenco Estándar,Actor Muy Prolífico
770,Scissorhands Slums,47,Julia Barrymore,5,24,Elenco Estándar,Actor Promedio
770,Scissorhands Slums,7,Grace Mostel,5,30,Elenco Estándar,Actor Promedio
770,Scissorhands Slums,17,Helen Voight,5,32,Elenco Estándar,Actor Muy Prolífico
770,Scissorhands Slums,188,Rock Dukakis,5,30,Elenco Estándar,Actor Promedio
770,Scissorhands Slums,131,Jane Jackman,5,25,Elenco Estándar,Actor Promedio
771,Scorpion Apollo,172,Groucho Williams,8,25,Elenco Estándar,Actor Promedio
771,Scorpion Apollo,127,Kevin Garland,8,33,Elenco Estándar,Actor Muy Prolífico
771,Scorpion Apollo,121,Liza Bergman,8,25,Elenco Estándar,Actor Promedio
771,Scorpion Apollo,60,Henry Berry,8,35,Elenco Estándar,Actor Muy Prolífico
771,Scorpion Apollo,27,Julia Mcqueen,8,33,Elenco Estándar,Actor Muy Prolífico
771,Scorpion Apollo,19,Bob Fawcett,8,25,Elenco Estándar,Actor Promedio
771,Scorpion Apollo,90,Sean Guiness,8,33,Elenco Estándar,Actor Muy Prolífico
771,Scorpion Apollo,8,Matthew Johansson,8,20,Elenco Estándar,Actor Promedio
772,Sea Virgin,59,Dustin Tautou,8,27,Elenco Estándar,Actor Promedio
772,Sea Virgin,39,Goldie Brody,8,28,Elenco Estándar,Actor Promedio
772,Sea Virgin,73,Gary Penn,8,26,Elenco Estándar,Actor Promedio
772,Sea Virgin,112,Russell Bacall,8,25,Elenco Estándar,Actor Promedio
772,Sea Virgin,141,Cate Harris,8,28,Elenco Estándar,Actor Promedio
772,Sea Virgin,175,William Hackman,8,27,Elenco Estándar,Actor Promedio
772,Sea Virgin,148,Emily Dee,8,14,Elenco Estándar,Actor Promedio
772,Sea Virgin,184,Humphrey Garland,8,29,Elenco Estándar,Actor Promedio
773,Seabiscuit Punk,188,Rock Dukakis,3,30,Elenco Estándar,Actor Promedio
773,Seabiscuit Punk,71,Adam Grant,3,18,Elenco Estándar,Actor Promedio
773,Seabiscuit Punk,72,Sean Williams,3,26,Elenco Estándar,Actor Promedio
774,Searchers Wait,128,Cate Mcqueen,4,30,Elenco Estándar,Actor Promedio
774,Searchers Wait,101,Susan Davis,4,33,Elenco Estándar,Actor Muy Prolífico
774,Searchers Wait,188,Rock Dukakis,4,30,Elenco Estándar,Actor Promedio
774,Searchers Wait,107,Gina Degeneres,4,42,Elenco Estándar,Actor Muy Prolífico
775,Seattle Expecations,156,Fay Wood,6,22,Elenco Estándar,Actor Promedio
775,Seattle Expecations,124,Scarlett Bening,6,26,Elenco Estándar,Actor Promedio
775,Seattle Expecations,33,Milla Peck,6,24,Elenco Estándar,Actor Promedio
775,Seattle Expecations,22,Elvis Marx,6,26,Elenco Estándar,Actor Promedio
775,Seattle Expecations,94,Kenneth Torn,6,33,Elenco Estándar,Actor Muy Prolífico
775,Seattle Expecations,191,Gregory Gooding,6,30,Elenco Estándar,Actor Promedio
776,Secret Groundhog,144,Angela Witherspoon,3,35,Elenco Estándar,Actor Muy Prolífico
776,Secret Groundhog,79,Mae Hoffman,3,28,Elenco Estándar,Actor Promedio
776,Secret Groundhog,55,Fay Kilmer,3,20,Elenco Estándar,Actor Promedio
777,Secretary Rouge,83,Ben Willis,6,33,Elenco Estándar,Actor Muy Prolífico
777,Secretary Rouge,93,Ellen Presley,6,25,Elenco Estándar,Actor Promedio
777,Secretary Rouge,47,Julia Barrymore,6,24,Elenco Estándar,Actor Promedio
777,Secretary Rouge,180,Jeff Silverstone,6,25,Elenco Estándar,Actor Promedio
777,Secretary Rouge,150,Jayne Nolte,6,34,Elenco Estándar,Actor Muy Prolífico
777,Secretary Rouge,111,Cameron Zellweger,6,33,Elenco Estándar,Actor Muy Prolífico
778,Secrets Paradise,117,Renee Tracy,6,33,Elenco Estándar,Actor Muy Prolífico
778,Secrets Paradise,140,Whoopi Hurt,6,32,Elenco Estándar,Actor Muy Prolífico
778,Secrets Paradise,175,William Hackman,6,27,Elenco Estándar,Actor Promedio
778,Secrets Paradise,169,Kenneth Hoffman,6,29,Elenco Estándar,Actor Promedio
778,Secrets Paradise,96,Gene Willis,6,23,Elenco Estándar,Actor Promedio
778,Secrets Paradise,45,Reese Kilmer,6,32,Elenco Estándar,Actor Muy Prolífico
779,Sense Greek,34,Audrey Olivier,7,25,Elenco Estándar,Actor Promedio
779,Sense Greek,41,Jodie Degeneres,7,29,Elenco Estándar,Actor Promedio
779,Sense Greek,16,Fred Costner,7,27,Elenco Estándar,Actor Promedio
779,Sense Greek,171,Olympia Pfeiffer,7,28,Elenco Estándar,Actor Promedio
779,Sense Greek,187,Renee Ball,7,33,Elenco Estándar,Actor Muy Prolífico
779,Sense Greek,165,Al Garland,7,26,Elenco Estándar,Actor Promedio
779,Sense Greek,100,Spencer Depp,7,24,Elenco Estándar,Actor Promedio
780,Sensibility Rear,121,Liza Bergman,6,25,Elenco Estándar,Actor Promedio
780,Sensibility Rear,106,Groucho Dunst,6,35,Elenco Estándar,Actor Muy Prolífico
780,Sensibility Rear,174,Michael Bening,6,24,Elenco Estándar,Actor Promedio
780,Sensibility Rear,75,Burt Posey,6,24,Elenco Estándar,Actor Promedio
780,Sensibility Rear,74,Milla Keitel,6,28,Elenco Estándar,Actor Promedio
780,Sensibility Rear,61,Christian Neeson,6,25,Elenco Estándar,Actor Promedio
781,Seven Swarm,56,Dan Harris,7,28,Elenco Estándar,Actor Promedio
781,Seven Swarm,76,Angelina Astaire,7,31,Elenco Estándar,Actor Muy Prolífico
781,Seven Swarm,63,Cameron Wray,7,19,Elenco Estándar,Actor Promedio
781,Seven Swarm,24,Cameron Streep,7,24,Elenco Estándar,Actor Promedio
781,Seven Swarm,195,Jayne Silverstone,7,27,Elenco Estándar,Actor Promedio
781,Seven Swarm,107,Gina Degeneres,7,42,Elenco Estándar,Actor Muy Prolífico
781,Seven Swarm,136,Ed Mansfield,7,32,Elenco Estándar,Actor Muy Prolífico
782,Shakespeare Saddle,149,Russell Temple,6,31,Elenco Estándar,Actor Muy Prolífico
782,Shakespeare Saddle,119,Warren Jackman,6,32,Elenco Estándar,Actor Muy Prolífico
782,Shakespeare Saddle,98,Chris Bridges,6,27,Elenco Estándar,Actor Promedio
782,Shakespeare Saddle,84,James Pitt,6,31,Elenco Estándar,Actor Muy Prolífico
782,Shakespeare Saddle,23,Sandra Kilmer,6,37,Elenco Estándar,Actor Muy Prolífico
782,Shakespeare Saddle,10,Christian Gable,6,22,Elenco Estándar,Actor Promedio
783,Shane Darkness,60,Henry Berry,3,35,Elenco Estándar,Actor Muy Prolífico
783,Shane Darkness,15,Cuba Olivier,3,28,Elenco Estándar,Actor Promedio
783,Shane Darkness,117,Renee Tracy,3,33,Elenco Estándar,Actor Muy Prolífico
784,Shanghai Tycoon,116,Dan Streep,8,24,Elenco Estándar,Actor Promedio
784,Shanghai Tycoon,159,Laura Brody,8,26,Elenco Estándar,Actor Promedio
784,Shanghai Tycoon,41,Jodie Degeneres,8,29,Elenco Estándar,Actor Promedio
784,Shanghai Tycoon,44,Nick Stallone,8,30,Elenco Estándar,Actor Promedio
784,Shanghai Tycoon,20,Lucille Tracy,8,30,Elenco Estándar,Actor Promedio
784,Shanghai Tycoon,83,Ben Willis,8,33,Elenco Estándar,Actor Muy Prolífico
784,Shanghai Tycoon,60,Henry Berry,8,35,Elenco Estándar,Actor Muy Prolífico
784,Shanghai Tycoon,199,Julia Fawcett,8,15,Elenco Estándar,Actor Promedio
785,Shawshank Bubble,199,Julia Fawcett,10,15,Elenco Grande,Actor Promedio
785,Shawshank Bubble,155,Ian Tandy,10,31,Elenco Grande,Actor Muy Prolífico
785,Shawshank Bubble,163,Christopher West,10,21,Elenco Grande,Actor Promedio
785,Shawshank Bubble,124,Scarlett Bening,10,26,Elenco Grande,Actor Promedio
785,Shawshank Bubble,117,Renee Tracy,10,33,Elenco Grande,Actor Muy Prolífico
785,Shawshank Bubble,144,Angela Witherspoon,10,35,Elenco Grande,Actor Muy Prolífico
785,Shawshank Bubble,109,Sylvester Dern,10,22,Elenco Grande,Actor Promedio
785,Shawshank Bubble,37,Val Bolger,10,35,Elenco Grande,Actor Muy Prolífico
785,Shawshank Bubble,88,Kenneth Pesci,10,20,Elenco Grande,Actor Promedio
785,Shawshank Bubble,19,Bob Fawcett,10,25,Elenco Grande,Actor Promedio
786,Shepherd Midsummer,194,Meryl Allen,5,22,Elenco Estándar,Actor Promedio
786,Shepherd Midsummer,119,Warren Jackman,5,32,Elenco Estándar,Actor Muy Prolífico
786,Shepherd Midsummer,109,Sylvester Dern,5,22,Elenco Estándar,Actor Promedio
786,Shepherd Midsummer,123,Julianne Dench,5,32,Elenco Estándar,Actor Muy Prolífico
786,Shepherd Midsummer,162,Oprah Kilmer,5,25,Elenco Estándar,Actor Promedio
787,Shining Roses,101,Susan Davis,5,33,Elenco Estándar,Actor Muy Prolífico
787,Shining Roses,184,Humphrey Garland,5,29,Elenco Estándar,Actor Promedio
787,Shining Roses,141,Cate Harris,5,28,Elenco Estándar,Actor Promedio
787,Shining Roses,82,Woody Jolie,5,31,Elenco Estándar,Actor Muy Prolífico
787,Shining Roses,47,Julia Barrymore,5,24,Elenco Estándar,Actor Promedio
788,Ship Wonderland,79,Mae Hoffman,8,28,Elenco Estándar,Actor Promedio
788,Ship Wonderland,80,Ralph Cruz,8,28,Elenco Estándar,Actor Promedio
788,Ship Wonderland,94,Kenneth Torn,8,33,Elenco Estándar,Actor Muy Prolífico
788,Ship Wonderland,34,Audrey Olivier,8,25,Elenco Estándar,Actor Promedio
788,Ship Wonderland,119,Warren Jackman,8,32,Elenco Estándar,Actor Muy Prolífico
788,Ship Wonderland,166,Nick Degeneres,8,22,Elenco Estándar,Actor Promedio
788,Ship Wonderland,118,Cuba Allen,8,25,Elenco Estándar,Actor Promedio
788,Ship Wonderland,189,Cuba Birch,8,24,Elenco Estándar,Actor Promedio
789,Shock Cabin,159,Laura Brody,1,26,Elenco Estándar,Actor Promedio
790,Shootist Superfly,47,Julia Barrymore,3,24,Elenco Estándar,Actor Promedio
790,Shootist Superfly,28,Woody Hoffman,3,31,Elenco Estándar,Actor Muy Prolífico
790,Shootist Superfly,55,Fay Kilmer,3,20,Elenco Estándar,Actor Promedio
791,Show Lord,69,Kenneth Paltrow,2,21,Elenco Estándar,Actor Promedio
791,Show Lord,127,Kevin Garland,2,33,Elenco Estándar,Actor Muy Prolífico
792,Shrek License,148,Emily Dee,3,14,Elenco Estándar,Actor Promedio
792,Shrek License,143,River Dean,3,31,Elenco Estándar,Actor Muy Prolífico
792,Shrek License,48,Frances Day-Lewis,3,26,Elenco Estándar,Actor Promedio
793,Shrunk Divine,38,Tom Mckellen,4,25,Elenco Estándar,Actor Promedio
793,Shrunk Divine,28,Woody Hoffman,4,31,Elenco Estándar,Actor Muy Prolífico
793,Shrunk Divine,31,Sissy Sobieski,4,18,Elenco Estándar,Actor Promedio
793,Shrunk Divine,66,Mary Tandy,4,31,Elenco Estándar,Actor Muy Prolífico
794,Side Ark,17,Helen Voight,6,32,Elenco Estándar,Actor Muy Prolífico
794,Side Ark,34,Audrey Olivier,6,25,Elenco Estándar,Actor Promedio
794,Side Ark,160,Chris Depp,6,20,Elenco Estándar,Actor Promedio
794,Side Ark,142,Jada Ryder,6,31,Elenco Estándar,Actor Muy Prolífico
794,Side Ark,167,Laurence Bullock,6,26,Elenco Estándar,Actor Promedio
794,Side Ark,195,Jayne Silverstone,6,27,Elenco Estándar,Actor Promedio
795,Siege Madre,196,Bela Walken,7,30,Elenco Estándar,Actor Promedio
795,Siege Madre,56,Dan Harris,7,28,Elenco Estándar,Actor Promedio
795,Siege Madre,15,Cuba Olivier,7,28,Elenco Estándar,Actor Promedio
795,Siege Madre,50,Natalie Hopkins,7,32,Elenco Estándar,Actor Muy Prolífico
795,Siege Madre,26,Rip Crawford,7,33,Elenco Estándar,Actor Muy Prolífico
795,Siege Madre,122,Salma Nolte,7,25,Elenco Estándar,Actor Promedio
795,Siege Madre,105,Sidney Crowe,7,34,Elenco Estándar,Actor Muy Prolífico
796,Sierra Divide,107,Gina Degeneres,5,42,Elenco Estándar,Actor Muy Prolífico
796,Sierra Divide,102,Walter Torn,5,41,Elenco Estándar,Actor Muy Prolífico
796,Sierra Divide,112,Russell Bacall,5,25,Elenco Estándar,Actor Promedio
796,Sierra Divide,99,Jim Mostel,5,26,Elenco Estándar,Actor Promedio
796,Sierra Divide,198,Mary Keitel,5,40,Elenco Estándar,Actor Muy Prolífico
797,Silence Kane,174,Michael Bening,4,24,Elenco Estándar,Actor Promedio
797,Silence Kane,117,Renee Tracy,4,33,Elenco Estándar,Actor Muy Prolífico
797,Silence Kane,45,Reese Kilmer,4,32,Elenco Estándar,Actor Muy Prolífico
797,Silence Kane,30,Sandra Peck,4,19,Elenco Estándar,Actor Promedio
798,Silverado Goldfinger,4,Jennifer Davis,5,22,Elenco Estándar,Actor Promedio
798,Silverado Goldfinger,42,Tom Miranda,5,27,Elenco Estándar,Actor Promedio
798,Silverado Goldfinger,21,Kirsten Paltrow,5,27,Elenco Estándar,Actor Promedio
798,Silverado Goldfinger,131,Jane Jackman,5,25,Elenco Estándar,Actor Promedio
798,Silverado Goldfinger,165,Al Garland,5,26,Elenco Estándar,Actor Promedio
799,Simon North,158,Vivien Basinger,3,35,Elenco Estándar,Actor Muy Prolífico
799,Simon North,41,Jodie Degeneres,3,29,Elenco Estándar,Actor Promedio
799,Simon North,40,Johnny Cage,3,29,Elenco Estándar,Actor Promedio
800,Sinners Atlantis,58,Christian Akroyd,4,32,Elenco Estándar,Actor Muy Prolífico
800,Sinners Atlantis,17,Helen Voight,4,32,Elenco Estándar,Actor Muy Prolífico
800,Sinners Atlantis,159,Laura Brody,4,26,Elenco Estándar,Actor Promedio
800,Sinners Atlantis,167,Laurence Bullock,4,26,Elenco Estándar,Actor Promedio
801,Sister Freddy,110,Susan Davis,3,21,Elenco Estándar,Actor Promedio
801,Sister Freddy,164,Humphrey Willis,3,26,Elenco Estándar,Actor Promedio
801,Sister Freddy,191,Gregory Gooding,3,30,Elenco Estándar,Actor Promedio
802,Sky Miracle,190,Audrey Bailey,12,27,Elenco Grande,Actor Promedio
802,Sky Miracle,176,Jon Chase,12,29,Elenco Grande,Actor Promedio
802,Sky Miracle,167,Laurence Bullock,12,26,Elenco Grande,Actor Promedio
802,Sky Miracle,157,Greta Malden,12,32,Elenco Grande,Actor Muy Prolífico
802,Sky Miracle,154,Meryl Gibson,12,28,Elenco Grande,Actor Promedio
802,Sky Miracle,102,Walter Torn,12,41,Elenco Grande,Actor Muy Prolífico
802,Sky Miracle,119,Warren Jackman,12,32,Elenco Grande,Actor Muy Prolífico
802,Sky Miracle,159,Laura Brody,12,26,Elenco Grande,Actor Promedio
802,Sky Miracle,92,Kirsten Akroyd,12,34,Elenco Grande,Actor Muy Prolífico
802,Sky Miracle,82,Woody Jolie,12,31,Elenco Grande,Actor Muy Prolífico
802,Sky Miracle,31,Sissy Sobieski,12,18,Elenco Grande,Actor Promedio
802,Sky Miracle,22,Elvis Marx,12,26,Elenco Grande,Actor Promedio
804,Sleeping Suspects,23,Sandra Kilmer,4,37,Elenco Estándar,Actor Muy Prolífico
804,Sleeping Suspects,74,Milla Keitel,4,28,Elenco Estándar,Actor Promedio
804,Sleeping Suspects,21,Kirsten Paltrow,4,27,Elenco Estándar,Actor Promedio
804,Sleeping Suspects,168,Will Wilson,4,31,Elenco Estándar,Actor Muy Prolífico
805,Sleepless Monsoon,129,Daryl Crawford,4,30,Elenco Estándar,Actor Promedio
805,Sleepless Monsoon,27,Julia Mcqueen,4,33,Elenco Estándar,Actor Muy Prolífico
805,Sleepless Monsoon,60,Henry Berry,4,35,Elenco Estándar,Actor Muy Prolífico
805,Sleepless Monsoon,7,Grace Mostel,4,30,Elenco Estándar,Actor Promedio
806,Sleepy Japanese,7,Grace Mostel,6,30,Elenco Estándar,Actor Promedio
806,Sleepy Japanese,198,Mary Keitel,6,40,Elenco Estándar,Actor Muy Prolífico
806,Sleepy Japanese,190,Audrey Bailey,6,27,Elenco Estándar,Actor Promedio
806,Sleepy Japanese,133,Richard Penn,6,30,Elenco Estándar,Actor Promedio
806,Sleepy Japanese,136,Ed Mansfield,6,32,Elenco Estándar,Actor Muy Prolífico
806,Sleepy Japanese,132,Adam Hopper,6,22,Elenco Estándar,Actor Promedio
807,Sleuth Orient,161,Harvey Hope,7,32,Elenco Estándar,Actor Muy Prolífico
807,Sleuth Orient,114,Morgan Mcdormand,7,25,Elenco Estándar,Actor Promedio
807,Sleuth Orient,168,Will Wilson,7,31,Elenco Estándar,Actor Muy Prolífico
807,Sleuth Orient,165,Al Garland,7,26,Elenco Estándar,Actor Promedio
807,Sleuth Orient,91,Christopher Berry,7,20,Elenco Estándar,Actor Promedio
807,Sleuth Orient,80,Ralph Cruz,7,28,Elenco Estándar,Actor Promedio
807,Sleuth Orient,193,Burt Temple,7,23,Elenco Estándar,Actor Promedio
808,Sling Luke,136,Ed Mansfield,3,32,Elenco Estándar,Actor Muy Prolífico
808,Sling Luke,86,Greg Chaplin,3,27,Elenco Estándar,Actor Promedio
808,Sling Luke,18,Dan Torn,3,22,Elenco Estándar,Actor Promedio
809,Slipper Fidelity,84,James Pitt,7,31,Elenco Estándar,Actor Muy Prolífico
809,Slipper Fidelity,63,Cameron Wray,7,19,Elenco Estándar,Actor Promedio
809,Slipper Fidelity,131,Jane Jackman,7,25,Elenco Estándar,Actor Promedio
809,Slipper Fidelity,130,Greta Keitel,7,27,Elenco Estándar,Actor Promedio
809,Slipper Fidelity,174,Michael Bening,7,24,Elenco Estándar,Actor Promedio
809,Slipper Fidelity,165,Al Garland,7,26,Elenco Estándar,Actor Promedio
809,Slipper Fidelity,180,Jeff Silverstone,7,25,Elenco Estándar,Actor Promedio
810,Slums Duck,149,Russell Temple,3,31,Elenco Estándar,Actor Muy Prolífico
810,Slums Duck,102,Walter Torn,3,41,Elenco Estándar,Actor Muy Prolífico
810,Slums Duck,45,Reese Kilmer,3,32,Elenco Estándar,Actor Muy Prolífico
811,Smile Earring,9,Joe Swank,8,25,Elenco Estándar,Actor Promedio
811,Smile Earring,49,Anne Cronyn,8,27,Elenco Estándar,Actor Promedio
811,Smile Earring,2,Nick Wahlberg,8,25,Elenco Estándar,Actor Promedio
811,Smile Earring,5,Johnny Lollobrigida,8,29,Elenco Estándar,Actor Promedio
811,Smile Earring,78,Groucho Sinatra,8,26,Elenco Estándar,Actor Promedio
811,Smile Earring,179,Ed Guiness,8,29,Elenco Estándar,Actor Promedio
811,Smile Earring,149,Russell Temple,8,31,Elenco Estándar,Actor Muy Prolífico
811,Smile Earring,180,Jeff Silverstone,8,25,Elenco Estándar,Actor Promedio
812,Smoking Barbarella,117,Renee Tracy,6,33,Elenco Estándar,Actor Muy Prolífico
812,Smoking Barbarella,158,Vivien Basinger,6,35,Elenco Estándar,Actor Muy Prolífico
812,Smoking Barbarella,85,Minnie Zellweger,6,31,Elenco Estándar,Actor Muy Prolífico
812,Smoking Barbarella,29,Alec Wayne,6,29,Elenco Estándar,Actor Promedio
812,Smoking Barbarella,12,Karl Berry,6,31,Elenco Estándar,Actor Muy Prolífico
812,Smoking Barbarella,52,Carmen Hunt,6,26,Elenco Estándar,Actor Promedio
813,Smoochy Control,95,Daryl Wahlberg,2,31,Elenco Estándar,Actor Muy Prolífico
813,Smoochy Control,195,Jayne Silverstone,2,27,Elenco Estándar,Actor Promedio
814,Snatch Slipper,135,Rita Reynolds,3,20,Elenco Estándar,Actor Promedio
814,Snatch Slipper,124,Scarlett Bening,3,26,Elenco Estándar,Actor Promedio
814,Snatch Slipper,128,Cate Mcqueen,3,30,Elenco Estándar,Actor Promedio
815,Snatchers Montezuma,188,Rock Dukakis,9,30,Elenco Estándar,Actor Promedio
815,Snatchers Montezuma,169,Kenneth Hoffman,9,29,Elenco Estándar,Actor Promedio
815,Snatchers Montezuma,100,Spencer Depp,9,24,Elenco Estándar,Actor Promedio
815,Snatchers Montezuma,32,Tim Hackman,9,23,Elenco Estándar,Actor Promedio
815,Snatchers Montezuma,9,Joe Swank,9,25,Elenco Estándar,Actor Promedio
815,Snatchers Montezuma,55,Fay Kilmer,9,20,Elenco Estándar,Actor Promedio
815,Snatchers Montezuma,39,Goldie Brody,9,28,Elenco Estándar,Actor Promedio
815,Snatchers Montezuma,197,Reese West,9,33,Elenco Estándar,Actor Muy Prolífico
815,Snatchers Montezuma,196,Bela Walken,9,30,Elenco Estándar,Actor Promedio
816,Snowman Rollercoaster,181,Matthew Carrey,3,39,Elenco Estándar,Actor Muy Prolífico
816,Snowman Rollercoaster,28,Woody Hoffman,3,31,Elenco Estándar,Actor Muy Prolífico
816,Snowman Rollercoaster,13,Uma Wood,3,35,Elenco Estándar,Actor Muy Prolífico
817,Soldiers Evolution,15,Cuba Olivier,9,28,Elenco Estándar,Actor Promedio
817,Soldiers Evolution,13,Uma Wood,9,35,Elenco Estándar,Actor Muy Prolífico
817,Soldiers Evolution,5,Johnny Lollobrigida,9,29,Elenco Estándar,Actor Promedio
817,Soldiers Evolution,90,Sean Guiness,9,33,Elenco Estándar,Actor Muy Prolífico
817,Soldiers Evolution,35,Judy Dean,9,15,Elenco Estándar,Actor Promedio
817,Soldiers Evolution,198,Mary Keitel,9,40,Elenco Estándar,Actor Muy Prolífico
817,Soldiers Evolution,179,Ed Guiness,9,29,Elenco Estándar,Actor Promedio
817,Soldiers Evolution,153,Minnie Kilmer,9,20,Elenco Estándar,Actor Promedio
817,Soldiers Evolution,112,Russell Bacall,9,25,Elenco Estándar,Actor Promedio
818,Something Duck,159,Laura Brody,3,26,Elenco Estándar,Actor Promedio
818,Something Duck,136,Ed Mansfield,3,32,Elenco Estándar,Actor Muy Prolífico
818,Something Duck,185,Michael Bolger,3,30,Elenco Estándar,Actor Promedio
819,Song Hedwig,182,Debbie Akroyd,5,24,Elenco Estándar,Actor Promedio
819,Song Hedwig,127,Kevin Garland,5,33,Elenco Estándar,Actor Muy Prolífico
819,Song Hedwig,88,Kenneth Pesci,5,20,Elenco Estándar,Actor Promedio
819,Song Hedwig,191,Gregory Gooding,5,30,Elenco Estándar,Actor Promedio
819,Song Hedwig,192,John Suvari,5,29,Elenco Estándar,Actor Promedio
820,Sons Interview,189,Cuba Birch,6,24,Elenco Estándar,Actor Promedio
820,Sons Interview,164,Humphrey Willis,6,26,Elenco Estándar,Actor Promedio
820,Sons Interview,180,Jeff Silverstone,6,25,Elenco Estándar,Actor Promedio
820,Sons Interview,140,Whoopi Hurt,6,32,Elenco Estándar,Actor Muy Prolífico
820,Sons Interview,46,Parker Goldberg,6,24,Elenco Estándar,Actor Promedio
820,Sons Interview,23,Sandra Kilmer,6,37,Elenco Estándar,Actor Muy Prolífico
821,Sorority Queen,26,Rip Crawford,4,33,Elenco Estándar,Actor Muy Prolífico
821,Sorority Queen,152,Ben Harris,4,23,Elenco Estándar,Actor Promedio
821,Sorority Queen,141,Cate Harris,4,28,Elenco Estándar,Actor Promedio
821,Sorority Queen,143,River Dean,4,31,Elenco Estándar,Actor Muy Prolífico
822,Soup Wisdom,145,Kim Allen,2,28,Elenco Estándar,Actor Promedio
822,Soup Wisdom,103,Matthew Leigh,2,30,Elenco Estándar,Actor Promedio
823,South Wait,73,Gary Penn,2,26,Elenco Estándar,Actor Promedio
823,South Wait,70,Michelle Mcconaughey,2,23,Elenco Estándar,Actor Promedio
824,Spartacus Cheaper,158,Vivien Basinger,3,35,Elenco Estándar,Actor Muy Prolífico
824,Spartacus Cheaper,98,Chris Bridges,3,27,Elenco Estándar,Actor Promedio
824,Spartacus Cheaper,180,Jeff Silverstone,3,25,Elenco Estándar,Actor Promedio
825,Speakeasy Date,161,Harvey Hope,3,32,Elenco Estándar,Actor Muy Prolífico
825,Speakeasy Date,92,Kirsten Akroyd,3,34,Elenco Estándar,Actor Muy Prolífico
825,Speakeasy Date,44,Nick Stallone,3,30,Elenco Estándar,Actor Promedio
826,Speed Suit,97,Meg Hawke,6,27,Elenco Estándar,Actor Promedio
826,Speed Suit,6,Bette Nicholson,6,20,Elenco Estándar,Actor Promedio
826,Speed Suit,23,Sandra Kilmer,6,37,Elenco Estándar,Actor Muy Prolífico
826,Speed Suit,129,Daryl Crawford,6,30,Elenco Estándar,Actor Promedio
826,Speed Suit,160,Chris Depp,6,20,Elenco Estándar,Actor Promedio
826,Speed Suit,168,Will Wilson,6,31,Elenco Estándar,Actor Muy Prolífico
827,Spice Sorority,176,Jon Chase,11,29,Elenco Grande,Actor Promedio
827,Spice Sorority,174,Michael Bening,11,24,Elenco Grande,Actor Promedio
827,Spice Sorority,177,Gene Mckellen,11,27,Elenco Grande,Actor Promedio
827,Spice Sorority,114,Morgan Mcdormand,11,25,Elenco Grande,Actor Promedio
827,Spice Sorority,191,Gregory Gooding,11,30,Elenco Grande,Actor Promedio
827,Spice Sorority,38,Tom Mckellen,11,25,Elenco Grande,Actor Promedio
827,Spice Sorority,28,Woody Hoffman,11,31,Elenco Grande,Actor Muy Prolífico
827,Spice Sorority,3,Ed Chase,11,22,Elenco Grande,Actor Promedio
827,Spice Sorority,81,Scarlett Damon,11,36,Elenco Grande,Actor Muy Prolífico
827,Spice Sorority,55,Fay Kilmer,11,20,Elenco Grande,Actor Promedio
827,Spice Sorority,43,Kirk Jovovich,11,26,Elenco Grande,Actor Promedio
828,Spiking Element,95,Daryl Wahlberg,6,31,Elenco Estándar,Actor Muy Prolífico
828,Spiking Element,182,Debbie Akroyd,6,24,Elenco Estándar,Actor Promedio
828,Spiking Element,175,William Hackman,6,27,Elenco Estándar,Actor Promedio
828,Spiking Element,101,Susan Davis,6,33,Elenco Estándar,Actor Muy Prolífico
828,Spiking Element,102,Walter Torn,6,41,Elenco Estándar,Actor Muy Prolífico
828,Spiking Element,193,Burt Temple,6,23,Elenco Estándar,Actor Promedio
829,Spinal Rocky,66,Mary Tandy,8,31,Elenco Estándar,Actor Muy Prolífico
829,Spinal Rocky,46,Parker Goldberg,8,24,Elenco Estándar,Actor Promedio
829,Spinal Rocky,50,Natalie Hopkins,8,32,Elenco Estándar,Actor Muy Prolífico
829,Spinal Rocky,24,Cameron Streep,8,24,Elenco Estándar,Actor Promedio
829,Spinal Rocky,91,Christopher Berry,8,20,Elenco Estándar,Actor Promedio
829,Spinal Rocky,98,Chris Bridges,8,27,Elenco Estándar,Actor Promedio
829,Spinal Rocky,112,Russell Bacall,8,25,Elenco Estándar,Actor Promedio
829,Spinal Rocky,141,Cate Harris,8,28,Elenco Estándar,Actor Promedio
830,Spirit Flintstones,140,Whoopi Hurt,11,32,Elenco Grande,Actor Muy Prolífico
830,Spirit Flintstones,143,River Dean,11,31,Elenco Grande,Actor Muy Prolífico
830,Spirit Flintstones,158,Vivien Basinger,11,35,Elenco Grande,Actor Muy Prolífico
830,Spirit Flintstones,120,Penelope Monroe,11,27,Elenco Grande,Actor Promedio
830,Spirit Flintstones,174,Michael Bening,11,24,Elenco Grande,Actor Promedio
830,Spirit Flintstones,191,Gregory Gooding,11,30,Elenco Grande,Actor Promedio
830,Spirit Flintstones,27,Julia Mcqueen,11,33,Elenco Grande,Actor Muy Prolífico
830,Spirit Flintstones,87,Spencer Peck,11,21,Elenco Grande,Actor Promedio
830,Spirit Flintstones,60,Henry Berry,11,35,Elenco Grande,Actor Muy Prolífico
830,Spirit Flintstones,46,Parker Goldberg,11,24,Elenco Grande,Actor Promedio
830,Spirit Flintstones,84,James Pitt,11,31,Elenco Grande,Actor Muy Prolífico
831,Spirited Casualties,61,Christian Neeson,5,25,Elenco Estándar,Actor Promedio
831,Spirited Casualties,39,Goldie Brody,5,28,Elenco Estándar,Actor Promedio
831,Spirited Casualties,105,Sidney Crowe,5,34,Elenco Estándar,Actor Muy Prolífico
831,Spirited Casualties,117,Renee Tracy,5,33,Elenco Estándar,Actor Muy Prolífico
831,Spirited Casualties,107,Gina Degeneres,5,42,Elenco Estándar,Actor Muy Prolífico
832,Splash Gump,164,Humphrey Willis,10,26,Elenco Grande,Actor Promedio
832,Splash Gump,137,Morgan Williams,10,27,Elenco Grande,Actor Promedio
832,Splash Gump,165,Al Garland,10,26,Elenco Grande,Actor Promedio
832,Splash Gump,13,Uma Wood,10,35,Elenco Grande,Actor Muy Prolífico
832,Splash Gump,1,Penelope Guiness,10,19,Elenco Grande,Actor Promedio
832,Splash Gump,24,Cameron Streep,10,24,Elenco Grande,Actor Promedio
832,Splash Gump,64,Ray Johansson,10,30,Elenco Grande,Actor Promedio
832,Splash Gump,4,Jennifer Davis,10,22,Elenco Grande,Actor Promedio
832,Splash Gump,61,Christian Neeson,10,25,Elenco Grande,Actor Promedio
832,Splash Gump,96,Gene Willis,10,23,Elenco Grande,Actor Promedio
833,Splendor Patton,23,Sandra Kilmer,10,37,Elenco Grande,Actor Muy Prolífico
833,Splendor Patton,13,Uma Wood,10,35,Elenco Grande,Actor Muy Prolífico
833,Splendor Patton,71,Adam Grant,10,18,Elenco Grande,Actor Promedio
833,Splendor Patton,83,Ben Willis,10,33,Elenco Grande,Actor Muy Prolífico
833,Splendor Patton,89,Charlize Dench,10,24,Elenco Grande,Actor Promedio
833,Splendor Patton,43,Kirk Jovovich,10,26,Elenco Grande,Actor Promedio
833,Splendor Patton,172,Groucho Williams,10,25,Elenco Grande,Actor Promedio
833,Splendor Patton,165,Al Garland,10,26,Elenco Grande,Actor Promedio
833,Splendor Patton,163,Christopher West,10,21,Elenco Grande,Actor Promedio
833,Splendor Patton,196,Bela Walken,10,30,Elenco Grande,Actor Promedio
834,Spoilers Hellfighters,191,Gregory Gooding,7,30,Elenco Estándar,Actor Promedio
834,Spoilers Hellfighters,193,Burt Temple,7,23,Elenco Estándar,Actor Promedio
834,Spoilers Hellfighters,70,Michelle Mcconaughey,7,23,Elenco Estándar,Actor Promedio
834,Spoilers Hellfighters,68,Rip Winslet,7,30,Elenco Estándar,Actor Promedio
834,Spoilers Hellfighters,74,Milla Keitel,7,28,Elenco Estándar,Actor Promedio
834,Spoilers Hellfighters,164,Humphrey Willis,7,26,Elenco Estándar,Actor Promedio
834,Spoilers Hellfighters,129,Daryl Crawford,7,30,Elenco Estándar,Actor Promedio
835,Spy Mile,105,Sidney Crowe,8,34,Elenco Estándar,Actor Muy Prolífico
835,Spy Mile,99,Jim Mostel,8,26,Elenco Estándar,Actor Promedio
835,Spy Mile,157,Greta Malden,8,32,Elenco Estándar,Actor Muy Prolífico
835,Spy Mile,140,Whoopi Hurt,8,32,Elenco Estándar,Actor Muy Prolífico
835,Spy Mile,93,Ellen Presley,8,25,Elenco Estándar,Actor Promedio
835,Spy Mile,40,Johnny Cage,8,29,Elenco Estándar,Actor Promedio
835,Spy Mile,28,Woody Hoffman,8,31,Elenco Estándar,Actor Muy Prolífico
835,Spy Mile,60,Henry Berry,8,35,Elenco Estándar,Actor Muy Prolífico
836,Squad Fish,74,Milla Keitel,5,28,Elenco Estándar,Actor Promedio
836,Squad Fish,34,Audrey Olivier,5,25,Elenco Estándar,Actor Promedio
836,Squad Fish,46,Parker Goldberg,5,24,Elenco Estándar,Actor Promedio
836,Squad Fish,126,Frances Tomei,5,23,Elenco Estándar,Actor Promedio
836,Squad Fish,181,Matthew Carrey,5,39,Elenco Estándar,Actor Muy Prolífico
837,Stage World,102,Walter Torn,2,41,Elenco Estándar,Actor Muy Prolífico
837,Stage World,196,Bela Walken,2,30,Elenco Estándar,Actor Promedio
838,Stagecoach Armageddon,113,Morgan Hopkins,6,27,Elenco Estándar,Actor Promedio
838,Stagecoach Armageddon,30,Sandra Peck,6,19,Elenco Estándar,Actor Promedio
838,Stagecoach Armageddon,92,Kirsten Akroyd,6,34,Elenco Estándar,Actor Muy Prolífico
838,Stagecoach Armageddon,82,Woody Jolie,6,31,Elenco Estándar,Actor Muy Prolífico
838,Stagecoach Armageddon,12,Karl Berry,6,31,Elenco Estándar,Actor Muy Prolífico
838,Stagecoach Armageddon,90,Sean Guiness,6,33,Elenco Estándar,Actor Muy Prolífico
839,Stallion Sundance,37,Val Bolger,7,35,Elenco Estándar,Actor Muy Prolífico
839,Stallion Sundance,68,Rip Winslet,7,30,Elenco Estándar,Actor Promedio
839,Stallion Sundance,88,Kenneth Pesci,7,20,Elenco Estándar,Actor Promedio
839,Stallion Sundance,82,Woody Jolie,7,31,Elenco Estándar,Actor Muy Prolífico
839,Stallion Sundance,38,Tom Mckellen,7,25,Elenco Estándar,Actor Promedio
839,Stallion Sundance,127,Kevin Garland,7,33,Elenco Estándar,Actor Muy Prolífico
839,Stallion Sundance,176,Jon Chase,7,29,Elenco Estándar,Actor Promedio
840,Stampede Disturbing,158,Vivien Basinger,6,35,Elenco Estándar,Actor Muy Prolífico
840,Stampede Disturbing,141,Cate Harris,6,28,Elenco Estándar,Actor Promedio
840,Stampede Disturbing,50,Natalie Hopkins,6,32,Elenco Estándar,Actor Muy Prolífico
840,Stampede Disturbing,37,Val Bolger,6,35,Elenco Estándar,Actor Muy Prolífico
840,Stampede Disturbing,79,Mae Hoffman,6,28,Elenco Estándar,Actor Promedio
840,Stampede Disturbing,68,Rip Winslet,6,30,Elenco Estándar,Actor Promedio
841,Star Operation,5,Johnny Lollobrigida,5,29,Elenco Estándar,Actor Promedio
841,Star Operation,168,Will Wilson,5,31,Elenco Estándar,Actor Muy Prolífico
841,Star Operation,101,Susan Davis,5,33,Elenco Estándar,Actor Muy Prolífico
841,Star Operation,137,Morgan Williams,5,27,Elenco Estándar,Actor Promedio
841,Star Operation,114,Morgan Mcdormand,5,25,Elenco Estándar,Actor Promedio
842,State Wasteland,136,Ed Mansfield,7,32,Elenco Estándar,Actor Muy Prolífico
842,State Wasteland,142,Jada Ryder,7,31,Elenco Estándar,Actor Muy Prolífico
842,State Wasteland,175,William Hackman,7,27,Elenco Estándar,Actor Promedio
842,State Wasteland,154,Meryl Gibson,7,28,Elenco Estándar,Actor Promedio
842,State Wasteland,54,Penelope Pinkett,7,25,Elenco Estándar,Actor Promedio
842,State Wasteland,23,Sandra Kilmer,7,37,Elenco Estándar,Actor Muy Prolífico
842,State Wasteland,18,Dan Torn,7,22,Elenco Estándar,Actor Promedio
843,Steel Santa,13,Uma Wood,3,35,Elenco Estándar,Actor Muy Prolífico
843,Steel Santa,84,James Pitt,3,31,Elenco Estándar,Actor Muy Prolífico
843,Steel Santa,198,Mary Keitel,3,40,Elenco Estándar,Actor Muy Prolífico
844,Steers Armageddon,56,Dan Harris,4,28,Elenco Estándar,Actor Promedio
844,Steers Armageddon,162,Oprah Kilmer,4,25,Elenco Estándar,Actor Promedio
844,Steers Armageddon,156,Fay Wood,4,22,Elenco Estándar,Actor Promedio
844,Steers Armageddon,116,Dan Streep,4,24,Elenco Estándar,Actor Promedio
845,Stepmom Dream,182,Debbie Akroyd,4,24,Elenco Estándar,Actor Promedio
845,Stepmom Dream,185,Michael Bolger,4,30,Elenco Estándar,Actor Promedio
845,Stepmom Dream,144,Angela Witherspoon,4,35,Elenco Estándar,Actor Muy Prolífico
845,Stepmom Dream,102,Walter Torn,4,41,Elenco Estándar,Actor Muy Prolífico
846,Sting Personal,100,Spencer Depp,7,24,Elenco Estándar,Actor Promedio
846,Sting Personal,115,Harrison Bale,7,28,Elenco Estándar,Actor Promedio
846,Sting Personal,127,Kevin Garland,7,33,Elenco Estándar,Actor Muy Prolífico
846,Sting Personal,152,Ben Harris,7,23,Elenco Estándar,Actor Promedio
846,Sting Personal,7,Grace Mostel,7,30,Elenco Estándar,Actor Promedio
846,Sting Personal,34,Audrey Olivier,7,25,Elenco Estándar,Actor Promedio
846,Sting Personal,96,Gene Willis,7,23,Elenco Estándar,Actor Promedio
847,Stock Glass,51,Gary Phoenix,7,25,Elenco Estándar,Actor Promedio
847,Stock Glass,14,Vivien Bergen,7,30,Elenco Estándar,Actor Promedio
847,Stock Glass,169,Kenneth Hoffman,7,29,Elenco Estándar,Actor Promedio
847,Stock Glass,121,Liza Bergman,7,25,Elenco Estándar,Actor Promedio
847,Stock Glass,153,Minnie Kilmer,7,20,Elenco Estándar,Actor Promedio
847,Stock Glass,180,Jeff Silverstone,7,25,Elenco Estándar,Actor Promedio
847,Stock Glass,111,Cameron Zellweger,7,33,Elenco Estándar,Actor Muy Prolífico
848,Stone Fire,74,Milla Keitel,1,28,Elenco Estándar,Actor Promedio
849,Storm Happiness,91,Christopher Berry,8,20,Elenco Estándar,Actor Promedio
849,Storm Happiness,191,Gregory Gooding,8,30,Elenco Estándar,Actor Promedio
849,Storm Happiness,169,Kenneth Hoffman,8,29,Elenco Estándar,Actor Promedio
849,Storm Happiness,171,Olympia Pfeiffer,8,28,Elenco Estándar,Actor Promedio
849,Storm Happiness,155,Ian Tandy,8,31,Elenco Estándar,Actor Muy Prolífico
849,Storm Happiness,141,Cate Harris,8,28,Elenco Estándar,Actor Promedio
849,Storm Happiness,107,Gina Degeneres,8,42,Elenco Estándar,Actor Muy Prolífico
849,Storm Happiness,188,Rock Dukakis,8,30,Elenco Estándar,Actor Promedio
850,Story Side,183,Russell Close,5,19,Elenco Estándar,Actor Promedio
850,Story Side,161,Harvey Hope,5,32,Elenco Estándar,Actor Muy Prolífico
850,Story Side,100,Spencer Depp,5,24,Elenco Estándar,Actor Promedio
850,Story Side,11,Zero Cage,5,25,Elenco Estándar,Actor Promedio
850,Story Side,76,Angelina Astaire,5,31,Elenco Estándar,Actor Muy Prolífico
851,Straight Hours,56,Dan Harris,3,28,Elenco Estándar,Actor Promedio
851,Straight Hours,164,Humphrey Willis,3,26,Elenco Estándar,Actor Promedio
851,Straight Hours,193,Burt Temple,3,23,Elenco Estándar,Actor Promedio
852,Strangelove Desire,65,Angela Hudson,9,34,Elenco Estándar,Actor Muy Prolífico
852,Strangelove Desire,78,Groucho Sinatra,9,26,Elenco Estándar,Actor Promedio
852,Strangelove Desire,57,Jude Cruise,9,30,Elenco Estándar,Actor Promedio
852,Strangelove Desire,64,Ray Johansson,9,30,Elenco Estándar,Actor Promedio
852,Strangelove Desire,173,Alan Dreyfuss,9,27,Elenco Estándar,Actor Promedio
852,Strangelove Desire,179,Ed Guiness,9,29,Elenco Estándar,Actor Promedio
852,Strangelove Desire,174,Michael Bening,9,24,Elenco Estándar,Actor Promedio
852,Strangelove Desire,118,Cuba Allen,9,25,Elenco Estándar,Actor Promedio
852,Strangelove Desire,102,Walter Torn,9,41,Elenco Estándar,Actor Muy Prolífico
853,Stranger Strangers,174,Michael Bening,9,24,Elenco Estándar,Actor Promedio
853,Stranger Strangers,189,Cuba Birch,9,24,Elenco Estándar,Actor Promedio
853,Stranger Strangers,38,Tom Mckellen,9,25,Elenco Estándar,Actor Promedio
853,Stranger Strangers,17,Helen Voight,9,32,Elenco Estándar,Actor Muy Prolífico
853,Stranger Strangers,37,Val Bolger,9,35,Elenco Estándar,Actor Muy Prolífico
853,Stranger Strangers,34,Audrey Olivier,9,25,Elenco Estándar,Actor Promedio
853,Stranger Strangers,79,Mae Hoffman,9,28,Elenco Estándar,Actor Promedio
853,Stranger Strangers,23,Sandra Kilmer,9,37,Elenco Estándar,Actor Muy Prolífico
853,Stranger Strangers,59,Dustin Tautou,9,27,Elenco Estándar,Actor Promedio
854,Strangers Graffiti,44,Nick Stallone,5,30,Elenco Estándar,Actor Promedio
854,Strangers Graffiti,72,Sean Williams,5,26,Elenco Estándar,Actor Promedio
854,Strangers Graffiti,11,Zero Cage,5,25,Elenco Estándar,Actor Promedio
854,Strangers Graffiti,27,Julia Mcqueen,5,33,Elenco Estándar,Actor Muy Prolífico
854,Strangers Graffiti,150,Jayne Nolte,5,34,Elenco Estándar,Actor Muy Prolífico
855,Streak Ridgemont,95,Daryl Wahlberg,3,31,Elenco Estándar,Actor Muy Prolífico
855,Streak Ridgemont,23,Sandra Kilmer,3,37,Elenco Estándar,Actor Muy Prolífico
855,Streak Ridgemont,90,Sean Guiness,3,33,Elenco Estándar,Actor Muy Prolífico
856,Streetcar Intentions,23,Sandra Kilmer,7,37,Elenco Estándar,Actor Muy Prolífico
856,Streetcar Intentions,58,Christian Akroyd,7,32,Elenco Estándar,Actor Muy Prolífico
856,Streetcar Intentions,93,Ellen Presley,7,25,Elenco Estándar,Actor Promedio
856,Streetcar Intentions,14,Vivien Bergen,7,30,Elenco Estándar,Actor Promedio
856,Streetcar Intentions,70,Michelle Mcconaughey,7,23,Elenco Estándar,Actor Promedio
856,Streetcar Intentions,167,Laurence Bullock,7,26,Elenco Estándar,Actor Promedio
856,Streetcar Intentions,112,Russell Bacall,7,25,Elenco Estándar,Actor Promedio
857,Strictly Scarface,140,Whoopi Hurt,4,32,Elenco Estándar,Actor Muy Prolífico
857,Strictly Scarface,129,Daryl Crawford,4,30,Elenco Estándar,Actor Promedio
857,Strictly Scarface,173,Alan Dreyfuss,4,27,Elenco Estándar,Actor Promedio
857,Strictly Scarface,86,Greg Chaplin,4,27,Elenco Estándar,Actor Promedio
858,Submarine Bed,80,Ralph Cruz,11,28,Elenco Grande,Actor Promedio
858,Submarine Bed,90,Sean Guiness,11,33,Elenco Grande,Actor Muy Prolífico
858,Submarine Bed,58,Christian Akroyd,11,32,Elenco Grande,Actor Muy Prolífico
858,Submarine Bed,54,Penelope Pinkett,11,25,Elenco Grande,Actor Promedio
858,Submarine Bed,4,Jennifer Davis,11,22,Elenco Grande,Actor Promedio
858,Submarine Bed,105,Sidney Crowe,11,34,Elenco Grande,Actor Muy Prolífico
858,Submarine Bed,124,Scarlett Bening,11,26,Elenco Grande,Actor Promedio
858,Submarine Bed,119,Warren Jackman,11,32,Elenco Grande,Actor Muy Prolífico
858,Submarine Bed,106,Groucho Dunst,11,35,Elenco Grande,Actor Muy Prolífico
858,Submarine Bed,191,Gregory Gooding,11,30,Elenco Grande,Actor Promedio
858,Submarine Bed,198,Mary Keitel,11,40,Elenco Grande,Actor Muy Prolífico
859,Sugar Wonka,91,Christopher Berry,5,20,Elenco Estándar,Actor Promedio
859,Sugar Wonka,8,Matthew Johansson,5,20,Elenco Estándar,Actor Promedio
859,Sugar Wonka,142,Jada Ryder,5,31,Elenco Estándar,Actor Muy Prolífico
859,Sugar Wonka,176,Jon Chase,5,29,Elenco Estándar,Actor Promedio
859,Sugar Wonka,107,Gina Degeneres,5,42,Elenco Estándar,Actor Muy Prolífico
860,Suicides Silence,123,Julianne Dench,3,32,Elenco Estándar,Actor Muy Prolífico
860,Suicides Silence,126,Frances Tomei,3,23,Elenco Estándar,Actor Promedio
860,Suicides Silence,64,Ray Johansson,3,30,Elenco Estándar,Actor Promedio
861,Suit Walls,54,Penelope Pinkett,5,25,Elenco Estándar,Actor Promedio
861,Suit Walls,42,Tom Miranda,5,27,Elenco Estándar,Actor Promedio
861,Suit Walls,67,Jessica Bailey,5,23,Elenco Estándar,Actor Promedio
861,Suit Walls,114,Morgan Mcdormand,5,25,Elenco Estándar,Actor Promedio
861,Suit Walls,134,Gene Hopkins,5,22,Elenco Estándar,Actor Promedio
862,Summer Scarface,183,Russell Close,8,19,Elenco Estándar,Actor Promedio
862,Summer Scarface,139,Ewan Gooding,8,33,Elenco Estándar,Actor Muy Prolífico
862,Summer Scarface,141,Cate Harris,8,28,Elenco Estándar,Actor Promedio
862,Summer Scarface,76,Angelina Astaire,8,31,Elenco Estándar,Actor Muy Prolífico
862,Summer Scarface,56,Dan Harris,8,28,Elenco Estándar,Actor Promedio
862,Summer Scarface,97,Meg Hawke,8,27,Elenco Estándar,Actor Promedio
862,Summer Scarface,59,Dustin Tautou,8,27,Elenco Estándar,Actor Promedio
862,Summer Scarface,29,Alec Wayne,8,29,Elenco Estándar,Actor Promedio
863,Sun Confessions,20,Lucille Tracy,5,30,Elenco Estándar,Actor Promedio
863,Sun Confessions,18,Dan Torn,5,22,Elenco Estándar,Actor Promedio
863,Sun Confessions,109,Sylvester Dern,5,22,Elenco Estándar,Actor Promedio
863,Sun Confessions,142,Jada Ryder,5,31,Elenco Estándar,Actor Muy Prolífico
863,Sun Confessions,141,Cate Harris,5,28,Elenco Estándar,Actor Promedio
864,Sundance Invasion,117,Renee Tracy,7,33,Elenco Estándar,Actor Muy Prolífico
864,Sundance Invasion,182,Debbie Akroyd,7,24,Elenco Estándar,Actor Promedio
864,Sundance Invasion,167,Laurence Bullock,7,26,Elenco Estándar,Actor Promedio
864,Sundance Invasion,147,Fay Winslet,7,31,Elenco Estándar,Actor Muy Prolífico
864,Sundance Invasion,105,Sidney Crowe,7,34,Elenco Estándar,Actor Muy Prolífico
864,Sundance Invasion,69,Kenneth Paltrow,7,21,Elenco Estándar,Actor Promedio
864,Sundance Invasion,89,Charlize Dench,7,24,Elenco Estándar,Actor Promedio
865,Sunrise League,9,Joe Swank,5,25,Elenco Estándar,Actor Promedio
865,Sunrise League,72,Sean Williams,5,26,Elenco Estándar,Actor Promedio
865,Sunrise League,5,Johnny Lollobrigida,5,29,Elenco Estándar,Actor Promedio
865,Sunrise League,42,Tom Miranda,5,27,Elenco Estándar,Actor Promedio
865,Sunrise League,112,Russell Bacall,5,25,Elenco Estándar,Actor Promedio
866,Sunset Racer,106,Groucho Dunst,3,35,Elenco Estándar,Actor Muy Prolífico
866,Sunset Racer,114,Morgan Mcdormand,3,25,Elenco Estándar,Actor Promedio
866,Sunset Racer,76,Angelina Astaire,3,31,Elenco Estándar,Actor Muy Prolífico
867,Super Wyoming,42,Tom Miranda,3,27,Elenco Estándar,Actor Promedio
867,Super Wyoming,166,Nick Degeneres,3,22,Elenco Estándar,Actor Promedio
867,Super Wyoming,184,Humphrey Garland,3,29,Elenco Estándar,Actor Promedio
868,Superfly Trip,181,Matthew Carrey,7,39,Elenco Estándar,Actor Muy Prolífico
868,Superfly Trip,170,Mena Hopper,7,24,Elenco Estándar,Actor Promedio
868,Superfly Trip,133,Richard Penn,7,30,Elenco Estándar,Actor Promedio
868,Superfly Trip,119,Warren Jackman,7,32,Elenco Estándar,Actor Muy Prolífico
868,Superfly Trip,56,Dan Harris,7,28,Elenco Estándar,Actor Promedio
868,Superfly Trip,90,Sean Guiness,7,33,Elenco Estándar,Actor Muy Prolífico
868,Superfly Trip,40,Johnny Cage,7,29,Elenco Estándar,Actor Promedio
869,Suspects Quills,70,Michelle Mcconaughey,8,23,Elenco Estándar,Actor Promedio
869,Suspects Quills,85,Minnie Zellweger,8,31,Elenco Estándar,Actor Muy Prolífico
869,Suspects Quills,40,Johnny Cage,8,29,Elenco Estándar,Actor Promedio
869,Suspects Quills,195,Jayne Silverstone,8,27,Elenco Estándar,Actor Promedio
869,Suspects Quills,130,Greta Keitel,8,27,Elenco Estándar,Actor Promedio
869,Suspects Quills,180,Jeff Silverstone,8,25,Elenco Estándar,Actor Promedio
869,Suspects Quills,112,Russell Bacall,8,25,Elenco Estándar,Actor Promedio
869,Suspects Quills,158,Vivien Basinger,8,35,Elenco Estándar,Actor Muy Prolífico
870,Swarm Gold,181,Matthew Carrey,6,39,Elenco Estándar,Actor Muy Prolífico
870,Swarm Gold,67,Jessica Bailey,6,23,Elenco Estándar,Actor Promedio
870,Swarm Gold,76,Angelina Astaire,6,31,Elenco Estándar,Actor Muy Prolífico
870,Swarm Gold,87,Spencer Peck,6,21,Elenco Estándar,Actor Promedio
870,Swarm Gold,82,Woody Jolie,6,31,Elenco Estándar,Actor Muy Prolífico
870,Swarm Gold,75,Burt Posey,6,24,Elenco Estándar,Actor Promedio
871,Sweden Shining,25,Kevin Bloom,5,21,Elenco Estándar,Actor Promedio
871,Sweden Shining,66,Mary Tandy,5,31,Elenco Estándar,Actor Muy Prolífico
871,Sweden Shining,12,Karl Berry,5,31,Elenco Estándar,Actor Muy Prolífico
871,Sweden Shining,146,Albert Johansson,5,33,Elenco Estándar,Actor Muy Prolífico
871,Sweden Shining,198,Mary Keitel,5,40,Elenco Estándar,Actor Muy Prolífico
872,Sweet Brotherhood,194,Meryl Allen,6,22,Elenco Estándar,Actor Promedio
872,Sweet Brotherhood,74,Milla Keitel,6,28,Elenco Estándar,Actor Promedio
872,Sweet Brotherhood,176,Jon Chase,6,29,Elenco Estándar,Actor Promedio
872,Sweet Brotherhood,171,Olympia Pfeiffer,6,28,Elenco Estándar,Actor Promedio
872,Sweet Brotherhood,143,River Dean,6,31,Elenco Estándar,Actor Muy Prolífico
872,Sweet Brotherhood,100,Spencer Depp,6,24,Elenco Estándar,Actor Promedio
873,Sweethearts Suspects,150,Jayne Nolte,5,34,Elenco Estándar,Actor Muy Prolífico
873,Sweethearts Suspects,83,Ben Willis,5,33,Elenco Estándar,Actor Muy Prolífico
873,Sweethearts Suspects,17,Helen Voight,5,32,Elenco Estándar,Actor Muy Prolífico
873,Sweethearts Suspects,27,Julia Mcqueen,5,33,Elenco Estándar,Actor Muy Prolífico
873,Sweethearts Suspects,9,Joe Swank,5,25,Elenco Estándar,Actor Promedio
874,Tadpole Park,17,Helen Voight,8,32,Elenco Estándar,Actor Muy Prolífico
874,Tadpole Park,71,Adam Grant,8,18,Elenco Estándar,Actor Promedio
874,Tadpole Park,93,Ellen Presley,8,25,Elenco Estándar,Actor Promedio
874,Tadpole Park,96,Gene Willis,8,23,Elenco Estándar,Actor Promedio
874,Tadpole Park,190,Audrey Bailey,8,27,Elenco Estándar,Actor Promedio
874,Tadpole Park,181,Matthew Carrey,8,39,Elenco Estándar,Actor Muy Prolífico
874,Tadpole Park,180,Jeff Silverstone,8,25,Elenco Estándar,Actor Promedio
874,Tadpole Park,157,Greta Malden,8,32,Elenco Estándar,Actor Muy Prolífico
875,Talented Homicide,131,Jane Jackman,5,25,Elenco Estándar,Actor Promedio
875,Talented Homicide,142,Jada Ryder,5,31,Elenco Estándar,Actor Muy Prolífico
875,Talented Homicide,85,Minnie Zellweger,5,31,Elenco Estándar,Actor Muy Prolífico
875,Talented Homicide,44,Nick Stallone,5,30,Elenco Estándar,Actor Promedio
875,Talented Homicide,36,Burt Dukakis,5,29,Elenco Estándar,Actor Promedio
876,Tarzan Videotape,42,Tom Miranda,3,27,Elenco Estándar,Actor Promedio
876,Tarzan Videotape,38,Tom Mckellen,3,25,Elenco Estándar,Actor Promedio
876,Tarzan Videotape,159,Laura Brody,3,26,Elenco Estándar,Actor Promedio
877,Taxi Kick,100,Spencer Depp,6,24,Elenco Estándar,Actor Promedio
877,Taxi Kick,125,Albert Nolte,6,31,Elenco Estándar,Actor Muy Prolífico
877,Taxi Kick,170,Mena Hopper,6,24,Elenco Estándar,Actor Promedio
877,Taxi Kick,82,Woody Jolie,6,31,Elenco Estándar,Actor Muy Prolífico
877,Taxi Kick,69,Kenneth Paltrow,6,21,Elenco Estándar,Actor Promedio
877,Taxi Kick,19,Bob Fawcett,6,25,Elenco Estándar,Actor Promedio
878,Teen Apollo,86,Greg Chaplin,5,27,Elenco Estándar,Actor Promedio
878,Teen Apollo,33,Milla Peck,5,24,Elenco Estándar,Actor Promedio
878,Teen Apollo,44,Nick Stallone,5,30,Elenco Estándar,Actor Promedio
878,Teen Apollo,52,Carmen Hunt,5,26,Elenco Estándar,Actor Promedio
878,Teen Apollo,143,River Dean,5,31,Elenco Estándar,Actor Muy Prolífico
879,Telegraph Voyage,138,Lucille Dee,7,24,Elenco Estándar,Actor Promedio
879,Telegraph Voyage,174,Michael Bening,7,24,Elenco Estándar,Actor Promedio
879,Telegraph Voyage,158,Vivien Basinger,7,35,Elenco Estándar,Actor Muy Prolífico
879,Telegraph Voyage,107,Gina Degeneres,7,42,Elenco Estándar,Actor Muy Prolífico
879,Telegraph Voyage,28,Woody Hoffman,7,31,Elenco Estándar,Actor Muy Prolífico
879,Telegraph Voyage,52,Carmen Hunt,7,26,Elenco Estándar,Actor Promedio
879,Telegraph Voyage,200,Thora Temple,7,20,Elenco Estándar,Actor Promedio
880,Telemark Heartbreakers,150,Jayne Nolte,11,34,Elenco Grande,Actor Muy Prolífico
880,Telemark Heartbreakers,161,Harvey Hope,11,32,Elenco Grande,Actor Muy Prolífico
880,Telemark Heartbreakers,151,Geoffrey Heston,11,26,Elenco Grande,Actor Promedio
880,Telemark Heartbreakers,185,Michael Bolger,11,30,Elenco Grande,Actor Promedio
880,Telemark Heartbreakers,158,Vivien Basinger,11,35,Elenco Grande,Actor Muy Prolífico
880,Telemark Heartbreakers,31,Sissy Sobieski,11,18,Elenco Grande,Actor Promedio
880,Telemark Heartbreakers,17,Helen Voight,11,32,Elenco Grande,Actor Muy Prolífico
880,Telemark Heartbreakers,12,Karl Berry,11,31,Elenco Grande,Actor Muy Prolífico
880,Telemark Heartbreakers,90,Sean Guiness,11,33,Elenco Grande,Actor Muy Prolífico
880,Telemark Heartbreakers,27,Julia Mcqueen,11,33,Elenco Grande,Actor Muy Prolífico
880,Telemark Heartbreakers,78,Groucho Sinatra,11,26,Elenco Grande,Actor Promedio
881,Temple Attraction,33,Milla Peck,5,24,Elenco Estándar,Actor Promedio
881,Temple Attraction,88,Kenneth Pesci,5,20,Elenco Estándar,Actor Promedio
881,Temple Attraction,106,Groucho Dunst,5,35,Elenco Estándar,Actor Muy Prolífico
881,Temple Attraction,163,Christopher West,5,21,Elenco Estándar,Actor Promedio
881,Temple Attraction,131,Jane Jackman,5,25,Elenco Estándar,Actor Promedio
882,Tenenbaums Command,185,Michael Bolger,5,30,Elenco Estándar,Actor Promedio
882,Tenenbaums Command,133,Richard Penn,5,30,Elenco Estándar,Actor Promedio
882,Tenenbaums Command,124,Scarlett Bening,5,26,Elenco Estándar,Actor Promedio
882,Tenenbaums Command,167,Laurence Bullock,5,26,Elenco Estándar,Actor Promedio
882,Tenenbaums Command,189,Cuba Birch,5,24,Elenco Estándar,Actor Promedio
883,Tequila Past,160,Chris Depp,3,20,Elenco Estándar,Actor Promedio
883,Tequila Past,44,Nick Stallone,3,30,Elenco Estándar,Actor Promedio
883,Tequila Past,18,Dan Torn,3,22,Elenco Estándar,Actor Promedio
884,Terminator Club,164,Humphrey Willis,2,26,Elenco Estándar,Actor Promedio
884,Terminator Club,121,Liza Bergman,2,25,Elenco Estándar,Actor Promedio
885,Texas Watch,155,Ian Tandy,6,31,Elenco Estándar,Actor Muy Prolífico
885,Texas Watch,121,Liza Bergman,6,25,Elenco Estándar,Actor Promedio
885,Texas Watch,138,Lucille Dee,6,24,Elenco Estándar,Actor Promedio
885,Texas Watch,109,Sylvester Dern,6,22,Elenco Estándar,Actor Promedio
885,Texas Watch,195,Jayne Silverstone,6,27,Elenco Estándar,Actor Promedio
885,Texas Watch,26,Rip Crawford,6,33,Elenco Estándar,Actor Muy Prolífico
886,Theory Mermaid,16,Fred Costner,6,27,Elenco Estándar,Actor Promedio
886,Theory Mermaid,15,Cuba Olivier,6,28,Elenco Estándar,Actor Promedio
886,Theory Mermaid,170,Mena Hopper,6,24,Elenco Estándar,Actor Promedio
886,Theory Mermaid,168,Will Wilson,6,31,Elenco Estándar,Actor Muy Prolífico
886,Theory Mermaid,198,Mary Keitel,6,40,Elenco Estándar,Actor Muy Prolífico
886,Theory Mermaid,199,Julia Fawcett,6,15,Elenco Estándar,Actor Promedio
887,Thief Pelican,84,James Pitt,7,31,Elenco Estándar,Actor Muy Prolífico
887,Thief Pelican,21,Kirsten Paltrow,7,27,Elenco Estándar,Actor Promedio
887,Thief Pelican,40,Johnny Cage,7,29,Elenco Estándar,Actor Promedio
887,Thief Pelican,150,Jayne Nolte,7,34,Elenco Estándar,Actor Muy Prolífico
887,Thief Pelican,115,Harrison Bale,7,28,Elenco Estándar,Actor Promedio
887,Thief Pelican,117,Renee Tracy,7,33,Elenco Estándar,Actor Muy Prolífico
887,Thief Pelican,108,Warren Nolte,7,34,Elenco Estándar,Actor Muy Prolífico
888,Thin Sagebrush,11,Zero Cage,2,25,Elenco Estándar,Actor Promedio
888,Thin Sagebrush,80,Ralph Cruz,2,28,Elenco Estándar,Actor Promedio
889,Ties Hunger,46,Parker Goldberg,6,24,Elenco Estándar,Actor Promedio
889,Ties Hunger,27,Julia Mcqueen,6,33,Elenco Estándar,Actor Muy Prolífico
889,Ties Hunger,92,Kirsten Akroyd,6,34,Elenco Estándar,Actor Muy Prolífico
889,Ties Hunger,9,Joe Swank,6,25,Elenco Estándar,Actor Promedio
889,Ties Hunger,150,Jayne Nolte,6,34,Elenco Estándar,Actor Muy Prolífico
889,Ties Hunger,168,Will Wilson,6,31,Elenco Estándar,Actor Muy Prolífico
890,Tights Dawn,155,Ian Tandy,5,31,Elenco Estándar,Actor Muy Prolífico
890,Tights Dawn,113,Morgan Hopkins,5,27,Elenco Estándar,Actor Promedio
890,Tights Dawn,175,William Hackman,5,27,Elenco Estándar,Actor Promedio
890,Tights Dawn,42,Tom Miranda,5,27,Elenco Estándar,Actor Promedio
890,Tights Dawn,14,Vivien Bergen,5,30,Elenco Estándar,Actor Promedio
891,Timberland Sky,57,Jude Cruise,4,30,Elenco Estándar,Actor Promedio
891,Timberland Sky,51,Gary Phoenix,4,25,Elenco Estándar,Actor Promedio
891,Timberland Sky,163,Christopher West,4,21,Elenco Estándar,Actor Promedio
891,Timberland Sky,152,Ben Harris,4,23,Elenco Estándar,Actor Promedio
892,Titanic Boondock,150,Jayne Nolte,12,34,Elenco Grande,Actor Muy Prolífico
892,Titanic Boondock,171,Olympia Pfeiffer,12,28,Elenco Grande,Actor Promedio
892,Titanic Boondock,181,Matthew Carrey,12,39,Elenco Grande,Actor Muy Prolífico
892,Titanic Boondock,104,Penelope Cronyn,12,31,Elenco Grande,Actor Muy Prolífico
892,Titanic Boondock,151,Geoffrey Heston,12,26,Elenco Grande,Actor Promedio
892,Titanic Boondock,108,Warren Nolte,12,34,Elenco Grande,Actor Muy Prolífico
892,Titanic Boondock,123,Julianne Dench,12,32,Elenco Grande,Actor Muy Prolífico
892,Titanic Boondock,139,Ewan Gooding,12,33,Elenco Grande,Actor Muy Prolífico
892,Titanic Boondock,168,Will Wilson,12,31,Elenco Grande,Actor Muy Prolífico
892,Titanic Boondock,198,Mary Keitel,12,40,Elenco Grande,Actor Muy Prolífico
892,Titanic Boondock,6,Bette Nicholson,12,20,Elenco Grande,Actor Promedio
892,Titanic Boondock,56,Dan Harris,12,28,Elenco Grande,Actor Promedio
893,Titans Jerk,21,Kirsten Paltrow,7,27,Elenco Estándar,Actor Promedio
893,Titans Jerk,86,Greg Chaplin,7,27,Elenco Estándar,Actor Promedio
893,Titans Jerk,56,Dan Harris,7,28,Elenco Estándar,Actor Promedio
893,Titans Jerk,63,Cameron Wray,7,19,Elenco Estándar,Actor Promedio
893,Titans Jerk,82,Woody Jolie,7,31,Elenco Estándar,Actor Muy Prolífico
893,Titans Jerk,105,Sidney Crowe,7,34,Elenco Estándar,Actor Muy Prolífico
893,Titans Jerk,145,Kim Allen,7,28,Elenco Estándar,Actor Promedio
894,Tomatoes Hellfighters,133,Richard Penn,9,30,Elenco Estándar,Actor Promedio
894,Tomatoes Hellfighters,144,Angela Witherspoon,9,35,Elenco Estándar,Actor Muy Prolífico
894,Tomatoes Hellfighters,120,Penelope Monroe,9,27,Elenco Estándar,Actor Promedio
894,Tomatoes Hellfighters,106,Groucho Dunst,9,35,Elenco Estándar,Actor Muy Prolífico
894,Tomatoes Hellfighters,108,Warren Nolte,9,34,Elenco Estándar,Actor Muy Prolífico
894,Tomatoes Hellfighters,169,Kenneth Hoffman,9,29,Elenco Estándar,Actor Promedio
894,Tomatoes Hellfighters,111,Cameron Zellweger,9,33,Elenco Estándar,Actor Muy Prolífico
894,Tomatoes Hellfighters,158,Vivien Basinger,9,35,Elenco Estándar,Actor Muy Prolífico
894,Tomatoes Hellfighters,41,Jodie Degeneres,9,29,Elenco Estándar,Actor Promedio
895,Tomorrow Hustler,51,Gary Phoenix,6,25,Elenco Estándar,Actor Promedio
895,Tomorrow Hustler,45,Reese Kilmer,6,32,Elenco Estándar,Actor Muy Prolífico
895,Tomorrow Hustler,85,Minnie Zellweger,6,31,Elenco Estándar,Actor Muy Prolífico
895,Tomorrow Hustler,8,Matthew Johansson,6,20,Elenco Estándar,Actor Promedio
895,Tomorrow Hustler,103,Matthew Leigh,6,30,Elenco Estándar,Actor Promedio
895,Tomorrow Hustler,151,Geoffrey Heston,6,26,Elenco Estándar,Actor Promedio
896,Tootsie Pilot,158,Vivien Basinger,5,35,Elenco Estándar,Actor Muy Prolífico
896,Tootsie Pilot,134,Gene Hopkins,5,22,Elenco Estándar,Actor Promedio
896,Tootsie Pilot,44,Nick Stallone,5,30,Elenco Estándar,Actor Promedio
896,Tootsie Pilot,11,Zero Cage,5,25,Elenco Estándar,Actor Promedio
896,Tootsie Pilot,189,Cuba Birch,5,24,Elenco Estándar,Actor Promedio
897,Torque Bound,132,Adam Hopper,5,22,Elenco Estándar,Actor Promedio
897,Torque Bound,134,Gene Hopkins,5,22,Elenco Estándar,Actor Promedio
897,Torque Bound,169,Kenneth Hoffman,5,29,Elenco Estándar,Actor Promedio
897,Torque Bound,50,Natalie Hopkins,5,32,Elenco Estándar,Actor Muy Prolífico
897,Torque Bound,13,Uma Wood,5,35,Elenco Estándar,Actor Muy Prolífico
898,Tourist Pelican,120,Penelope Monroe,3,27,Elenco Estándar,Actor Promedio
898,Tourist Pelican,152,Ben Harris,3,23,Elenco Estándar,Actor Promedio
898,Tourist Pelican,171,Olympia Pfeiffer,3,28,Elenco Estándar,Actor Promedio
899,Towers Hurricane,132,Adam Hopper,4,22,Elenco Estándar,Actor Promedio
899,Towers Hurricane,128,Cate Mcqueen,4,30,Elenco Estándar,Actor Promedio
899,Towers Hurricane,149,Russell Temple,4,31,Elenco Estándar,Actor Muy Prolífico
899,Towers Hurricane,189,Cuba Birch,4,24,Elenco Estándar,Actor Promedio
900,Town Ark,119,Warren Jackman,4,32,Elenco Estándar,Actor Muy Prolífico
900,Town Ark,37,Val Bolger,4,35,Elenco Estándar,Actor Muy Prolífico
900,Town Ark,45,Reese Kilmer,4,32,Elenco Estándar,Actor Muy Prolífico
900,Town Ark,7,Grace Mostel,4,30,Elenco Estándar,Actor Promedio
901,Tracy Cider,45,Reese Kilmer,3,32,Elenco Estándar,Actor Muy Prolífico
901,Tracy Cider,7,Grace Mostel,3,30,Elenco Estándar,Actor Promedio
901,Tracy Cider,90,Sean Guiness,3,33,Elenco Estándar,Actor Muy Prolífico
902,Trading Pinocchio,6,Bette Nicholson,3,20,Elenco Estándar,Actor Promedio
902,Trading Pinocchio,44,Nick Stallone,3,30,Elenco Estándar,Actor Promedio
902,Trading Pinocchio,74,Milla Keitel,3,28,Elenco Estándar,Actor Promedio
903,Traffic Hobbit,9,Joe Swank,4,25,Elenco Estándar,Actor Promedio
903,Traffic Hobbit,95,Daryl Wahlberg,4,31,Elenco Estándar,Actor Muy Prolífico
903,Traffic Hobbit,171,Olympia Pfeiffer,4,28,Elenco Estándar,Actor Promedio
903,Traffic Hobbit,103,Matthew Leigh,4,30,Elenco Estándar,Actor Promedio
904,Train Bunch,132,Adam Hopper,4,22,Elenco Estándar,Actor Promedio
904,Train Bunch,104,Penelope Cronyn,4,31,Elenco Estándar,Actor Muy Prolífico
904,Train Bunch,26,Rip Crawford,4,33,Elenco Estándar,Actor Muy Prolífico
904,Train Bunch,27,Julia Mcqueen,4,33,Elenco Estándar,Actor Muy Prolífico
905,Trainspotting Strangers,86,Greg Chaplin,4,27,Elenco Estándar,Actor Promedio
905,Trainspotting Strangers,149,Russell Temple,4,31,Elenco Estándar,Actor Muy Prolífico
905,Trainspotting Strangers,107,Gina Degeneres,4,42,Elenco Estándar,Actor Muy Prolífico
905,Trainspotting Strangers,135,Rita Reynolds,4,20,Elenco Estándar,Actor Promedio
906,Tramp Others,143,River Dean,6,31,Elenco Estándar,Actor Muy Prolífico
906,Tramp Others,142,Jada Ryder,6,31,Elenco Estándar,Actor Muy Prolífico
906,Tramp Others,187,Renee Ball,6,33,Elenco Estándar,Actor Muy Prolífico
906,Tramp Others,105,Sidney Crowe,6,34,Elenco Estándar,Actor Muy Prolífico
906,Tramp Others,196,Bela Walken,6,30,Elenco Estándar,Actor Promedio
906,Tramp Others,26,Rip Crawford,6,33,Elenco Estándar,Actor Muy Prolífico
907,Translation Summer,42,Tom Miranda,3,27,Elenco Estándar,Actor Promedio
907,Translation Summer,159,Laura Brody,3,26,Elenco Estándar,Actor Promedio
907,Translation Summer,181,Matthew Carrey,3,39,Elenco Estándar,Actor Muy Prolífico
908,Trap Guys,125,Albert Nolte,7,31,Elenco Estándar,Actor Muy Prolífico
908,Trap Guys,175,William Hackman,7,27,Elenco Estándar,Actor Promedio
908,Trap Guys,164,Humphrey Willis,7,26,Elenco Estándar,Actor Promedio
908,Trap Guys,88,Kenneth Pesci,7,20,Elenco Estándar,Actor Promedio
908,Trap Guys,28,Woody Hoffman,7,31,Elenco Estándar,Actor Muy Prolífico
908,Trap Guys,14,Vivien Bergen,7,30,Elenco Estándar,Actor Promedio
908,Trap Guys,196,Bela Walken,7,30,Elenco Estándar,Actor Promedio
909,Treasure Command,146,Albert Johansson,7,33,Elenco Estándar,Actor Muy Prolífico
909,Treasure Command,162,Oprah Kilmer,7,25,Elenco Estándar,Actor Promedio
909,Treasure Command,141,Cate Harris,7,28,Elenco Estándar,Actor Promedio
909,Treasure Command,100,Spencer Depp,7,24,Elenco Estándar,Actor Promedio
909,Treasure Command,4,Jennifer Davis,7,22,Elenco Estándar,Actor Promedio
909,Treasure Command,66,Mary Tandy,7,31,Elenco Estándar,Actor Muy Prolífico
909,Treasure Command,93,Ellen Presley,7,25,Elenco Estándar,Actor Promedio
910,Treatment Jekyll,7,Grace Mostel,5,30,Elenco Estándar,Actor Promedio
910,Treatment Jekyll,81,Scarlett Damon,5,36,Elenco Estándar,Actor Muy Prolífico
910,Treatment Jekyll,105,Sidney Crowe,5,34,Elenco Estándar,Actor Muy Prolífico
910,Treatment Jekyll,129,Daryl Crawford,5,30,Elenco Estándar,Actor Promedio
910,Treatment Jekyll,177,Gene Mckellen,5,27,Elenco Estándar,Actor Promedio
911,Trip Newton,181,Matthew Carrey,4,39,Elenco Estándar,Actor Muy Prolífico
911,Trip Newton,127,Kevin Garland,4,33,Elenco Estándar,Actor Muy Prolífico
911,Trip Newton,120,Penelope Monroe,4,27,Elenco Estándar,Actor Promedio
911,Trip Newton,82,Woody Jolie,4,31,Elenco Estándar,Actor Muy Prolífico
912,Trojan Tomorrow,22,Elvis Marx,8,26,Elenco Estándar,Actor Promedio
912,Trojan Tomorrow,76,Angelina Astaire,8,31,Elenco Estándar,Actor Muy Prolífico
912,Trojan Tomorrow,41,Jodie Degeneres,8,29,Elenco Estándar,Actor Promedio
912,Trojan Tomorrow,200,Thora Temple,8,20,Elenco Estándar,Actor Promedio
912,Trojan Tomorrow,110,Susan Davis,8,21,Elenco Estándar,Actor Promedio
912,Trojan Tomorrow,103,Matthew Leigh,8,30,Elenco Estándar,Actor Promedio
912,Trojan Tomorrow,128,Cate Mcqueen,8,30,Elenco Estándar,Actor Promedio
912,Trojan Tomorrow,98,Chris Bridges,8,27,Elenco Estándar,Actor Promedio
913,Troopers Metal,149,Russell Temple,5,31,Elenco Estándar,Actor Muy Prolífico
913,Troopers Metal,114,Morgan Mcdormand,5,25,Elenco Estándar,Actor Promedio
913,Troopers Metal,157,Greta Malden,5,32,Elenco Estándar,Actor Muy Prolífico
913,Troopers Metal,47,Julia Barrymore,5,24,Elenco Estándar,Actor Promedio
913,Troopers Metal,54,Penelope Pinkett,5,25,Elenco Estándar,Actor Promedio
914,Trouble Date,10,Christian Gable,8,22,Elenco Estándar,Actor Promedio
914,Trouble Date,69,Kenneth Paltrow,8,21,Elenco Estándar,Actor Promedio
914,Trouble Date,25,Kevin Bloom,8,21,Elenco Estándar,Actor Promedio
914,Trouble Date,35,Judy Dean,8,15,Elenco Estándar,Actor Promedio
914,Trouble Date,183,Russell Close,8,19,Elenco Estándar,Actor Promedio
914,Trouble Date,187,Renee Ball,8,33,Elenco Estándar,Actor Muy Prolífico
914,Trouble Date,142,Jada Ryder,8,31,Elenco Estándar,Actor Muy Prolífico
914,Trouble Date,191,Gregory Gooding,8,30,Elenco Estándar,Actor Promedio
915,Truman Crazy,66,Mary Tandy,6,31,Elenco Estándar,Actor Muy Prolífico
915,Truman Crazy,52,Carmen Hunt,6,26,Elenco Estándar,Actor Promedio
915,Truman Crazy,36,Burt Dukakis,6,29,Elenco Estándar,Actor Promedio
915,Truman Crazy,67,Jessica Bailey,6,23,Elenco Estándar,Actor Promedio
915,Truman Crazy,134,Gene Hopkins,6,22,Elenco Estándar,Actor Promedio
915,Truman Crazy,105,Sidney Crowe,6,34,Elenco Estándar,Actor Muy Prolífico
916,Turn Star,197,Reese West,3,33,Elenco Estándar,Actor Muy Prolífico
916,Turn Star,79,Mae Hoffman,3,28,Elenco Estándar,Actor Promedio
916,Turn Star,93,Ellen Presley,3,25,Elenco Estándar,Actor Promedio
917,Tuxedo Mile,43,Kirk Jovovich,3,26,Elenco Estándar,Actor Promedio
917,Tuxedo Mile,18,Dan Torn,3,22,Elenco Estándar,Actor Promedio
917,Tuxedo Mile,137,Morgan Williams,3,27,Elenco Estándar,Actor Promedio
918,Twisted Pirates,50,Natalie Hopkins,3,32,Elenco Estándar,Actor Muy Prolífico
918,Twisted Pirates,57,Jude Cruise,3,30,Elenco Estándar,Actor Promedio
918,Twisted Pirates,71,Adam Grant,3,18,Elenco Estándar,Actor Promedio
919,Tycoon Gathering,14,Vivien Bergen,6,30,Elenco Estándar,Actor Promedio
919,Tycoon Gathering,153,Minnie Kilmer,6,20,Elenco Estándar,Actor Promedio
919,Tycoon Gathering,111,Cameron Zellweger,6,33,Elenco Estándar,Actor Muy Prolífico
919,Tycoon Gathering,185,Michael Bolger,6,30,Elenco Estándar,Actor Promedio
919,Tycoon Gathering,100,Spencer Depp,6,24,Elenco Estándar,Actor Promedio
919,Tycoon Gathering,196,Bela Walken,6,30,Elenco Estándar,Actor Promedio
920,Unbreakable Karate,45,Reese Kilmer,8,32,Elenco Estándar,Actor Muy Prolífico
920,Unbreakable Karate,75,Burt Posey,8,24,Elenco Estándar,Actor Promedio
920,Unbreakable Karate,21,Kirsten Paltrow,8,27,Elenco Estándar,Actor Promedio
920,Unbreakable Karate,39,Goldie Brody,8,28,Elenco Estándar,Actor Promedio
920,Unbreakable Karate,108,Warren Nolte,8,34,Elenco Estándar,Actor Muy Prolífico
920,Unbreakable Karate,161,Harvey Hope,8,32,Elenco Estándar,Actor Muy Prolífico
920,Unbreakable Karate,129,Daryl Crawford,8,30,Elenco Estándar,Actor Promedio
920,Unbreakable Karate,185,Michael Bolger,8,30,Elenco Estándar,Actor Promedio
921,Uncut Suicides,181,Matthew Carrey,7,39,Elenco Estándar,Actor Muy Prolífico
921,Uncut Suicides,161,Harvey Hope,7,32,Elenco Estándar,Actor Muy Prolífico
921,Uncut Suicides,149,Russell Temple,7,31,Elenco Estándar,Actor Muy Prolífico
921,Uncut Suicides,173,Alan Dreyfuss,7,27,Elenco Estándar,Actor Promedio
921,Uncut Suicides,113,Morgan Hopkins,7,27,Elenco Estándar,Actor Promedio
921,Uncut Suicides,131,Jane Jackman,7,25,Elenco Estándar,Actor Promedio
921,Uncut Suicides,64,Ray Johansson,7,30,Elenco Estándar,Actor Promedio
922,Undefeated Dalmations,48,Frances Day-Lewis,3,26,Elenco Estándar,Actor Promedio
922,Undefeated Dalmations,42,Tom Miranda,3,27,Elenco Estándar,Actor Promedio
922,Undefeated Dalmations,146,Albert Johansson,3,33,Elenco Estándar,Actor Muy Prolífico
923,Unfaithful Kill,145,Kim Allen,8,28,Elenco Estándar,Actor Promedio
923,Unfaithful Kill,167,Laurence Bullock,8,26,Elenco Estándar,Actor Promedio
923,Unfaithful Kill,187,Renee Ball,8,33,Elenco Estándar,Actor Muy Prolífico
923,Unfaithful Kill,140,Whoopi Hurt,8,32,Elenco Estándar,Actor Muy Prolífico
923,Unfaithful Kill,138,Lucille Dee,8,24,Elenco Estándar,Actor Promedio
923,Unfaithful Kill,47,Julia Barrymore,8,24,Elenco Estándar,Actor Promedio
923,Unfaithful Kill,95,Daryl Wahlberg,8,31,Elenco Estándar,Actor Muy Prolífico
923,Unfaithful Kill,86,Greg Chaplin,8,27,Elenco Estándar,Actor Promedio
924,Unforgiven Zoolander,15,Cuba Olivier,7,28,Elenco Estándar,Actor Promedio
924,Unforgiven Zoolander,50,Natalie Hopkins,7,32,Elenco Estándar,Actor Muy Prolífico
924,Unforgiven Zoolander,47,Julia Barrymore,7,24,Elenco Estándar,Actor Promedio
924,Unforgiven Zoolander,4,Jennifer Davis,7,22,Elenco Estándar,Actor Promedio
924,Unforgiven Zoolander,198,Mary Keitel,7,40,Elenco Estándar,Actor Muy Prolífico
924,Unforgiven Zoolander,179,Ed Guiness,7,29,Elenco Estándar,Actor Promedio
924,Unforgiven Zoolander,161,Harvey Hope,7,32,Elenco Estándar,Actor Muy Prolífico
925,United Pilot,170,Mena Hopper,6,24,Elenco Estándar,Actor Promedio
925,United Pilot,188,Rock Dukakis,6,30,Elenco Estándar,Actor Promedio
925,United Pilot,90,Sean Guiness,6,33,Elenco Estándar,Actor Muy Prolífico
925,United Pilot,64,Ray Johansson,6,30,Elenco Estándar,Actor Promedio
925,United Pilot,45,Reese Kilmer,6,32,Elenco Estándar,Actor Muy Prolífico
925,United Pilot,37,Val Bolger,6,35,Elenco Estándar,Actor Muy Prolífico
926,Untouchables Sunrise,48,Frances Day-Lewis,5,26,Elenco Estándar,Actor Promedio
926,Untouchables Sunrise,9,Joe Swank,5,25,Elenco Estándar,Actor Promedio
926,Untouchables Sunrise,104,Penelope Cronyn,5,31,Elenco Estándar,Actor Muy Prolífico
926,Untouchables Sunrise,123,Julianne Dench,5,32,Elenco Estándar,Actor Muy Prolífico
926,Untouchables Sunrise,117,Renee Tracy,5,33,Elenco Estándar,Actor Muy Prolífico
927,Uprising Uptown,134,Gene Hopkins,5,22,Elenco Estándar,Actor Promedio
927,Uprising Uptown,161,Harvey Hope,5,32,Elenco Estándar,Actor Muy Prolífico
927,Uprising Uptown,152,Ben Harris,5,23,Elenco Estándar,Actor Promedio
927,Uprising Uptown,168,Will Wilson,5,31,Elenco Estándar,Actor Muy Prolífico
927,Uprising Uptown,49,Anne Cronyn,5,27,Elenco Estándar,Actor Promedio
928,Uptown Young,11,Zero Cage,7,25,Elenco Estándar,Actor Promedio
928,Uptown Young,29,Alec Wayne,7,29,Elenco Estándar,Actor Promedio
928,Uptown Young,32,Tim Hackman,7,23,Elenco Estándar,Actor Promedio
928,Uptown Young,60,Henry Berry,7,35,Elenco Estándar,Actor Muy Prolífico
928,Uptown Young,66,Mary Tandy,7,31,Elenco Estándar,Actor Muy Prolífico
928,Uptown Young,101,Susan Davis,7,33,Elenco Estándar,Actor Muy Prolífico
928,Uptown Young,173,Alan Dreyfuss,7,27,Elenco Estándar,Actor Promedio
929,Usual Untouchables,88,Kenneth Pesci,5,20,Elenco Estándar,Actor Promedio
929,Usual Untouchables,34,Audrey Olivier,5,25,Elenco Estándar,Actor Promedio
929,Usual Untouchables,10,Christian Gable,5,22,Elenco Estándar,Actor Promedio
929,Usual Untouchables,86,Greg Chaplin,5,27,Elenco Estándar,Actor Promedio
929,Usual Untouchables,92,Kirsten Akroyd,5,34,Elenco Estándar,Actor Muy Prolífico
930,Vacation Boondock,10,Christian Gable,6,22,Elenco Estándar,Actor Promedio
930,Vacation Boondock,97,Meg Hawke,6,27,Elenco Estándar,Actor Promedio
930,Vacation Boondock,55,Fay Kilmer,6,20,Elenco Estándar,Actor Promedio
930,Vacation Boondock,178,Lisa Monroe,6,23,Elenco Estándar,Actor Promedio
930,Vacation Boondock,132,Adam Hopper,6,22,Elenco Estándar,Actor Promedio
930,Vacation Boondock,130,Greta Keitel,6,27,Elenco Estándar,Actor Promedio
931,Valentine Vanishing,179,Ed Guiness,2,29,Elenco Estándar,Actor Promedio
931,Valentine Vanishing,36,Burt Dukakis,2,29,Elenco Estándar,Actor Promedio
932,Valley Packer,42,Tom Miranda,4,27,Elenco Estándar,Actor Promedio
932,Valley Packer,83,Ben Willis,4,33,Elenco Estándar,Actor Muy Prolífico
932,Valley Packer,63,Cameron Wray,4,19,Elenco Estándar,Actor Promedio
932,Valley Packer,101,Susan Davis,4,33,Elenco Estándar,Actor Muy Prolífico
933,Vampire Whale,136,Ed Mansfield,5,32,Elenco Estándar,Actor Muy Prolífico
933,Vampire Whale,173,Alan Dreyfuss,5,27,Elenco Estándar,Actor Promedio
933,Vampire Whale,133,Richard Penn,5,30,Elenco Estándar,Actor Promedio
933,Vampire Whale,97,Meg Hawke,5,27,Elenco Estándar,Actor Promedio
933,Vampire Whale,40,Johnny Cage,5,29,Elenco Estándar,Actor Promedio
934,Vanilla Day,140,Whoopi Hurt,2,32,Elenco Estándar,Actor Muy Prolífico
934,Vanilla Day,106,Groucho Dunst,2,35,Elenco Estándar,Actor Muy Prolífico
935,Vanished Garden,76,Angelina Astaire,2,31,Elenco Estándar,Actor Muy Prolífico
935,Vanished Garden,23,Sandra Kilmer,2,37,Elenco Estándar,Actor Muy Prolífico
936,Vanishing Rocky,73,Gary Penn,5,26,Elenco Estándar,Actor Promedio
936,Vanishing Rocky,8,Matthew Johansson,5,20,Elenco Estándar,Actor Promedio
936,Vanishing Rocky,56,Dan Harris,5,28,Elenco Estándar,Actor Promedio
936,Vanishing Rocky,101,Susan Davis,5,33,Elenco Estándar,Actor Muy Prolífico
936,Vanishing Rocky,134,Gene Hopkins,5,22,Elenco Estándar,Actor Promedio
937,Varsity Trip,53,Mena Temple,3,30,Elenco Estándar,Actor Promedio
937,Varsity Trip,44,Nick Stallone,3,30,Elenco Estándar,Actor Promedio
937,Varsity Trip,193,Burt Temple,3,23,Elenco Estándar,Actor Promedio
938,Velvet Terminator,194,Meryl Allen,9,22,Elenco Estándar,Actor Promedio
938,Velvet Terminator,129,Daryl Crawford,9,30,Elenco Estándar,Actor Promedio
938,Velvet Terminator,153,Minnie Kilmer,9,20,Elenco Estándar,Actor Promedio
938,Velvet Terminator,118,Cuba Allen,9,25,Elenco Estándar,Actor Promedio
938,Velvet Terminator,40,Johnny Cage,9,29,Elenco Estándar,Actor Promedio
938,Velvet Terminator,77,Cary Mcconaughey,9,24,Elenco Estándar,Actor Promedio
938,Velvet Terminator,11,Zero Cage,9,25,Elenco Estándar,Actor Promedio
938,Velvet Terminator,72,Sean Williams,9,26,Elenco Estándar,Actor Promedio
938,Velvet Terminator,65,Angela Hudson,9,34,Elenco Estándar,Actor Muy Prolífico
939,Vertigo Northwest,1,Penelope Guiness,4,19,Elenco Estándar,Actor Promedio
939,Vertigo Northwest,196,Bela Walken,4,30,Elenco Estándar,Actor Promedio
939,Vertigo Northwest,116,Dan Streep,4,24,Elenco Estándar,Actor Promedio
939,Vertigo Northwest,119,Warren Jackman,4,32,Elenco Estándar,Actor Muy Prolífico
940,Victory Academy,182,Debbie Akroyd,5,24,Elenco Estándar,Actor Promedio
940,Victory Academy,51,Gary Phoenix,5,25,Elenco Estándar,Actor Promedio
940,Victory Academy,88,Kenneth Pesci,5,20,Elenco Estándar,Actor Promedio
940,Victory Academy,189,Cuba Birch,5,24,Elenco Estándar,Actor Promedio
940,Victory Academy,194,Meryl Allen,5,22,Elenco Estándar,Actor Promedio
941,Videotape Arsenic,155,Ian Tandy,5,31,Elenco Estándar,Actor Muy Prolífico
941,Videotape Arsenic,183,Russell Close,5,19,Elenco Estándar,Actor Promedio
941,Videotape Arsenic,101,Susan Davis,5,33,Elenco Estándar,Actor Muy Prolífico
941,Videotape Arsenic,91,Christopher Berry,5,20,Elenco Estándar,Actor Promedio
941,Videotape Arsenic,80,Ralph Cruz,5,28,Elenco Estándar,Actor Promedio
942,Vietnam Smoochy,41,Jodie Degeneres,2,29,Elenco Estándar,Actor Promedio
942,Vietnam Smoochy,103,Matthew Leigh,2,30,Elenco Estándar,Actor Promedio
943,Villain Desperate,59,Dustin Tautou,2,27,Elenco Estándar,Actor Promedio
943,Villain Desperate,77,Cary Mcconaughey,2,24,Elenco Estándar,Actor Promedio
944,Virgin Daisy,18,Dan Torn,8,22,Elenco Estándar,Actor Promedio
944,Virgin Daisy,47,Julia Barrymore,8,24,Elenco Estándar,Actor Promedio
944,Virgin Daisy,29,Alec Wayne,8,29,Elenco Estándar,Actor Promedio
944,Virgin Daisy,44,Nick Stallone,8,30,Elenco Estándar,Actor Promedio
944,Virgin Daisy,63,Cameron Wray,8,19,Elenco Estándar,Actor Promedio
944,Virgin Daisy,128,Cate Mcqueen,8,30,Elenco Estándar,Actor Promedio
944,Virgin Daisy,100,Spencer Depp,8,24,Elenco Estándar,Actor Promedio
944,Virgin Daisy,166,Nick Degeneres,8,22,Elenco Estándar,Actor Promedio
945,Virginian Pluto,146,Albert Johansson,8,33,Elenco Estándar,Actor Muy Prolífico
945,Virginian Pluto,104,Penelope Cronyn,8,31,Elenco Estándar,Actor Muy Prolífico
945,Virginian Pluto,200,Thora Temple,8,20,Elenco Estándar,Actor Promedio
945,Virginian Pluto,96,Gene Willis,8,23,Elenco Estándar,Actor Promedio
945,Virginian Pluto,12,Karl Berry,8,31,Elenco Estándar,Actor Muy Prolífico
945,Virginian Pluto,30,Sandra Peck,8,19,Elenco Estándar,Actor Promedio
945,Virginian Pluto,67,Jessica Bailey,8,23,Elenco Estándar,Actor Promedio
945,Virginian Pluto,63,Cameron Wray,8,19,Elenco Estándar,Actor Promedio
946,Virtual Spoilers,73,Gary Penn,3,26,Elenco Estándar,Actor Promedio
946,Virtual Spoilers,59,Dustin Tautou,3,27,Elenco Estándar,Actor Promedio
946,Virtual Spoilers,176,Jon Chase,3,29,Elenco Estándar,Actor Promedio
947,Vision Torque,163,Christopher West,5,21,Elenco Estándar,Actor Promedio
947,Vision Torque,149,Russell Temple,5,31,Elenco Estándar,Actor Muy Prolífico
947,Vision Torque,165,Al Garland,5,26,Elenco Estándar,Actor Promedio
947,Vision Torque,97,Meg Hawke,5,27,Elenco Estándar,Actor Promedio
947,Vision Torque,53,Mena Temple,5,30,Elenco Estándar,Actor Promedio
948,Voice Peach,14,Vivien Bergen,3,30,Elenco Estándar,Actor Promedio
948,Voice Peach,17,Helen Voight,3,32,Elenco Estándar,Actor Muy Prolífico
948,Voice Peach,165,Al Garland,3,26,Elenco Estándar,Actor Promedio
949,Volcano Texas,183,Russell Close,5,19,Elenco Estándar,Actor Promedio
949,Volcano Texas,128,Cate Mcqueen,5,30,Elenco Estándar,Actor Promedio
949,Volcano Texas,125,Albert Nolte,5,31,Elenco Estándar,Actor Muy Prolífico
949,Volcano Texas,149,Russell Temple,5,31,Elenco Estándar,Actor Muy Prolífico
949,Volcano Texas,15,Cuba Olivier,5,28,Elenco Estándar,Actor Promedio
950,Volume House,73,Gary Penn,5,26,Elenco Estándar,Actor Promedio
950,Volume House,34,Audrey Olivier,5,25,Elenco Estándar,Actor Promedio
950,Volume House,94,Kenneth Torn,5,33,Elenco Estándar,Actor Muy Prolífico
950,Volume House,160,Chris Depp,5,20,Elenco Estándar,Actor Promedio
950,Volume House,197,Reese West,5,33,Elenco Estándar,Actor Muy Prolífico
951,Voyage Legally,66,Mary Tandy,5,31,Elenco Estándar,Actor Muy Prolífico
951,Voyage Legally,65,Angela Hudson,5,34,Elenco Estándar,Actor Muy Prolífico
951,Voyage Legally,52,Carmen Hunt,5,26,Elenco Estándar,Actor Promedio
951,Voyage Legally,62,Jayne Neeson,5,29,Elenco Estándar,Actor Promedio
951,Voyage Legally,97,Meg Hawke,5,27,Elenco Estándar,Actor Promedio
952,Wagon Jaws,87,Spencer Peck,6,21,Elenco Estándar,Actor Promedio
952,Wagon Jaws,44,Nick Stallone,6,30,Elenco Estándar,Actor Promedio
952,Wagon Jaws,60,Henry Berry,6,35,Elenco Estándar,Actor Muy Prolífico
952,Wagon Jaws,198,Mary Keitel,6,40,Elenco Estándar,Actor Muy Prolífico
952,Wagon Jaws,133,Richard Penn,6,30,Elenco Estándar,Actor Promedio
952,Wagon Jaws,115,Harrison Bale,6,28,Elenco Estándar,Actor Promedio
953,Wait Cider,127,Kevin Garland,9,33,Elenco Estándar,Actor Muy Prolífico
953,Wait Cider,171,Olympia Pfeiffer,9,28,Elenco Estándar,Actor Promedio
953,Wait Cider,144,Angela Witherspoon,9,35,Elenco Estándar,Actor Muy Prolífico
953,Wait Cider,150,Jayne Nolte,9,34,Elenco Estándar,Actor Muy Prolífico
953,Wait Cider,145,Kim Allen,9,28,Elenco Estándar,Actor Promedio
953,Wait Cider,70,Michelle Mcconaughey,9,23,Elenco Estándar,Actor Promedio
953,Wait Cider,28,Woody Hoffman,9,31,Elenco Estándar,Actor Muy Prolífico
953,Wait Cider,199,Julia Fawcett,9,15,Elenco Estándar,Actor Promedio
953,Wait Cider,193,Burt Temple,9,23,Elenco Estándar,Actor Promedio
954,Wake Jaws,154,Meryl Gibson,5,28,Elenco Estándar,Actor Promedio
954,Wake Jaws,105,Sidney Crowe,5,34,Elenco Estándar,Actor Muy Prolífico
954,Wake Jaws,160,Chris Depp,5,20,Elenco Estándar,Actor Promedio
954,Wake Jaws,169,Kenneth Hoffman,5,29,Elenco Estándar,Actor Promedio
954,Wake Jaws,82,Woody Jolie,5,31,Elenco Estándar,Actor Muy Prolífico
955,Walls Artist,146,Albert Johansson,5,33,Elenco Estándar,Actor Muy Prolífico
955,Walls Artist,180,Jeff Silverstone,5,25,Elenco Estándar,Actor Promedio
955,Walls Artist,109,Sylvester Dern,5,22,Elenco Estándar,Actor Promedio
955,Walls Artist,115,Harrison Bale,5,28,Elenco Estándar,Actor Promedio
955,Walls Artist,98,Chris Bridges,5,27,Elenco Estándar,Actor Promedio
956,Wanda Chamber,116,Dan Streep,7,24,Elenco Estándar,Actor Promedio
956,Wanda Chamber,177,Gene Mckellen,7,27,Elenco Estándar,Actor Promedio
956,Wanda Chamber,103,Matthew Leigh,7,30,Elenco Estándar,Actor Promedio
956,Wanda Chamber,72,Sean Williams,7,26,Elenco Estándar,Actor Promedio
956,Wanda Chamber,71,Adam Grant,7,18,Elenco Estándar,Actor Promedio
956,Wanda Chamber,74,Milla Keitel,7,28,Elenco Estándar,Actor Promedio
956,Wanda Chamber,36,Burt Dukakis,7,29,Elenco Estándar,Actor Promedio
957,War Notting,17,Helen Voight,9,32,Elenco Estándar,Actor Muy Prolífico
957,War Notting,66,Mary Tandy,9,31,Elenco Estándar,Actor Muy Prolífico
957,War Notting,7,Grace Mostel,9,30,Elenco Estándar,Actor Promedio
957,War Notting,50,Natalie Hopkins,9,32,Elenco Estándar,Actor Muy Prolífico
957,War Notting,85,Minnie Zellweger,9,31,Elenco Estándar,Actor Muy Prolífico
957,War Notting,164,Humphrey Willis,9,26,Elenco Estándar,Actor Promedio
957,War Notting,147,Fay Winslet,9,31,Elenco Estándar,Actor Muy Prolífico
957,War Notting,122,Salma Nolte,9,25,Elenco Estándar,Actor Promedio
957,War Notting,118,Cuba Allen,9,25,Elenco Estándar,Actor Promedio
958,Wardrobe Phantom,143,River Dean,8,31,Elenco Estándar,Actor Muy Prolífico
958,Wardrobe Phantom,102,Walter Torn,8,41,Elenco Estándar,Actor Muy Prolífico
958,Wardrobe Phantom,108,Warren Nolte,8,34,Elenco Estándar,Actor Muy Prolífico
958,Wardrobe Phantom,191,Gregory Gooding,8,30,Elenco Estándar,Actor Promedio
958,Wardrobe Phantom,200,Thora Temple,8,20,Elenco Estándar,Actor Promedio
958,Wardrobe Phantom,2,Nick Wahlberg,8,25,Elenco Estándar,Actor Promedio
958,Wardrobe Phantom,43,Kirk Jovovich,8,26,Elenco Estándar,Actor Promedio
958,Wardrobe Phantom,76,Angelina Astaire,8,31,Elenco Estándar,Actor Muy Prolífico
959,Warlock Werewolf,7,Grace Mostel,6,30,Elenco Estándar,Actor Promedio
959,Warlock Werewolf,17,Helen Voight,6,32,Elenco Estándar,Actor Muy Prolífico
959,Warlock Werewolf,172,Groucho Williams,6,25,Elenco Estándar,Actor Promedio
959,Warlock Werewolf,168,Will Wilson,6,31,Elenco Estándar,Actor Muy Prolífico
959,Warlock Werewolf,184,Humphrey Garland,6,29,Elenco Estándar,Actor Promedio
959,Warlock Werewolf,190,Audrey Bailey,6,27,Elenco Estándar,Actor Promedio
960,Wars Pluto,193,Burt Temple,4,23,Elenco Estándar,Actor Promedio
960,Wars Pluto,66,Mary Tandy,4,31,Elenco Estándar,Actor Muy Prolífico
960,Wars Pluto,85,Minnie Zellweger,4,31,Elenco Estándar,Actor Muy Prolífico
960,Wars Pluto,179,Ed Guiness,4,29,Elenco Estándar,Actor Promedio
961,Wash Heavenly,122,Salma Nolte,5,25,Elenco Estándar,Actor Promedio
961,Wash Heavenly,110,Susan Davis,5,21,Elenco Estándar,Actor Promedio
961,Wash Heavenly,114,Morgan Mcdormand,5,25,Elenco Estándar,Actor Promedio
961,Wash Heavenly,53,Mena Temple,5,30,Elenco Estándar,Actor Promedio
961,Wash Heavenly,87,Spencer Peck,5,21,Elenco Estándar,Actor Promedio
962,Wasteland Divine,20,Lucille Tracy,6,30,Elenco Estándar,Actor Promedio
962,Wasteland Divine,195,Jayne Silverstone,6,27,Elenco Estándar,Actor Promedio
962,Wasteland Divine,111,Cameron Zellweger,6,33,Elenco Estándar,Actor Muy Prolífico
962,Wasteland Divine,165,Al Garland,6,26,Elenco Estándar,Actor Promedio
962,Wasteland Divine,129,Daryl Crawford,6,30,Elenco Estándar,Actor Promedio
962,Wasteland Divine,150,Jayne Nolte,6,34,Elenco Estándar,Actor Muy Prolífico
963,Watch Tracy,180,Jeff Silverstone,5,25,Elenco Estándar,Actor Promedio
963,Watch Tracy,55,Fay Kilmer,5,20,Elenco Estándar,Actor Promedio
963,Watch Tracy,37,Val Bolger,5,35,Elenco Estándar,Actor Muy Prolífico
963,Watch Tracy,77,Cary Mcconaughey,5,24,Elenco Estándar,Actor Promedio
963,Watch Tracy,78,Groucho Sinatra,5,26,Elenco Estándar,Actor Promedio
964,Waterfront Deliverance,22,Elvis Marx,6,26,Elenco Estándar,Actor Promedio
964,Waterfront Deliverance,9,Joe Swank,6,25,Elenco Estándar,Actor Promedio
964,Waterfront Deliverance,72,Sean Williams,6,26,Elenco Estándar,Actor Promedio
964,Waterfront Deliverance,70,Michelle Mcconaughey,6,23,Elenco Estándar,Actor Promedio
964,Waterfront Deliverance,10,Christian Gable,6,22,Elenco Estándar,Actor Promedio
964,Waterfront Deliverance,152,Ben Harris,6,23,Elenco Estándar,Actor Promedio
965,Watership Frontier,128,Cate Mcqueen,6,30,Elenco Estándar,Actor Promedio
965,Watership Frontier,185,Michael Bolger,6,30,Elenco Estándar,Actor Promedio
965,Watership Frontier,125,Albert Nolte,6,31,Elenco Estándar,Actor Muy Prolífico
965,Watership Frontier,33,Milla Peck,6,24,Elenco Estándar,Actor Promedio
965,Watership Frontier,65,Angela Hudson,6,34,Elenco Estándar,Actor Muy Prolífico
965,Watership Frontier,56,Dan Harris,6,28,Elenco Estándar,Actor Promedio
966,Wedding Apollo,13,Uma Wood,10,35,Elenco Grande,Actor Muy Prolífico
966,Wedding Apollo,3,Ed Chase,10,22,Elenco Grande,Actor Promedio
966,Wedding Apollo,37,Val Bolger,10,35,Elenco Grande,Actor Muy Prolífico
966,Wedding Apollo,10,Christian Gable,10,22,Elenco Grande,Actor Promedio
966,Wedding Apollo,121,Liza Bergman,10,25,Elenco Grande,Actor Promedio
966,Wedding Apollo,115,Harrison Bale,10,28,Elenco Grande,Actor Promedio
966,Wedding Apollo,184,Humphrey Garland,10,29,Elenco Grande,Actor Promedio
966,Wedding Apollo,155,Ian Tandy,10,31,Elenco Grande,Actor Muy Prolífico
966,Wedding Apollo,108,Warren Nolte,10,34,Elenco Grande,Actor Muy Prolífico
966,Wedding Apollo,146,Albert Johansson,10,33,Elenco Grande,Actor Muy Prolífico
967,Weekend Personal,100,Spencer Depp,10,24,Elenco Grande,Actor Promedio
967,Weekend Personal,158,Vivien Basinger,10,35,Elenco Grande,Actor Muy Prolífico
967,Weekend Personal,157,Greta Malden,10,32,Elenco Grande,Actor Muy Prolífico
967,Weekend Personal,109,Sylvester Dern,10,22,Elenco Grande,Actor Promedio
967,Weekend Personal,184,Humphrey Garland,10,29,Elenco Grande,Actor Promedio
967,Weekend Personal,99,Jim Mostel,10,26,Elenco Grande,Actor Promedio
967,Weekend Personal,27,Julia Mcqueen,10,33,Elenco Grande,Actor Muy Prolífico
967,Weekend Personal,16,Fred Costner,10,27,Elenco Grande,Actor Promedio
967,Weekend Personal,3,Ed Chase,10,22,Elenco Grande,Actor Promedio
967,Weekend Personal,197,Reese West,10,33,Elenco Grande,Actor Muy Prolífico
968,Werewolf Lola,152,Ben Harris,7,23,Elenco Estándar,Actor Promedio
968,Werewolf Lola,162,Oprah Kilmer,7,25,Elenco Estándar,Actor Promedio
968,Werewolf Lola,158,Vivien Basinger,7,35,Elenco Estándar,Actor Muy Prolífico
968,Werewolf Lola,15,Cuba Olivier,7,28,Elenco Estándar,Actor Promedio
968,Werewolf Lola,88,Kenneth Pesci,7,20,Elenco Estándar,Actor Promedio
968,Werewolf Lola,78,Groucho Sinatra,7,26,Elenco Estándar,Actor Promedio
968,Werewolf Lola,96,Gene Willis,7,23,Elenco Estándar,Actor Promedio
969,West Lion,72,Sean Williams,9,26,Elenco Estándar,Actor Promedio
969,West Lion,24,Cameron Streep,9,24,Elenco Estándar,Actor Promedio
969,West Lion,77,Cary Mcconaughey,9,24,Elenco Estándar,Actor Promedio
969,West Lion,11,Zero Cage,9,25,Elenco Estándar,Actor Promedio
969,West Lion,191,Gregory Gooding,9,30,Elenco Estándar,Actor Promedio
969,West Lion,146,Albert Johansson,9,33,Elenco Estándar,Actor Muy Prolífico
969,West Lion,118,Cuba Allen,9,25,Elenco Estándar,Actor Promedio
969,West Lion,184,Humphrey Garland,9,29,Elenco Estándar,Actor Promedio
969,West Lion,113,Morgan Hopkins,9,27,Elenco Estándar,Actor Promedio
970,Westward Seabiscuit,127,Kevin Garland,6,33,Elenco Estándar,Actor Muy Prolífico
970,Westward Seabiscuit,138,Lucille Dee,6,24,Elenco Estándar,Actor Promedio
970,Westward Seabiscuit,89,Charlize Dench,6,24,Elenco Estándar,Actor Promedio
970,Westward Seabiscuit,54,Penelope Pinkett,6,25,Elenco Estándar,Actor Promedio
970,Westward Seabiscuit,14,Vivien Bergen,6,30,Elenco Estándar,Actor Promedio
970,Westward Seabiscuit,1,Penelope Guiness,6,19,Elenco Estándar,Actor Promedio
971,Whale Bikini,3,Ed Chase,5,22,Elenco Estándar,Actor Promedio
971,Whale Bikini,34,Audrey Olivier,5,25,Elenco Estándar,Actor Promedio
971,Whale Bikini,60,Henry Berry,5,35,Elenco Estándar,Actor Muy Prolífico
971,Whale Bikini,68,Rip Winslet,5,30,Elenco Estándar,Actor Promedio
971,Whale Bikini,191,Gregory Gooding,5,30,Elenco Estándar,Actor Promedio
972,Whisperer Giant,196,Bela Walken,3,30,Elenco Estándar,Actor Promedio
972,Whisperer Giant,33,Milla Peck,3,24,Elenco Estándar,Actor Promedio
972,Whisperer Giant,67,Jessica Bailey,3,23,Elenco Estándar,Actor Promedio
973,Wife Turn,47,Julia Barrymore,6,24,Elenco Estándar,Actor Promedio
973,Wife Turn,28,Woody Hoffman,6,31,Elenco Estándar,Actor Muy Prolífico
973,Wife Turn,185,Michael Bolger,6,30,Elenco Estándar,Actor Promedio
973,Wife Turn,111,Cameron Zellweger,6,33,Elenco Estándar,Actor Muy Prolífico
973,Wife Turn,157,Greta Malden,6,32,Elenco Estándar,Actor Muy Prolífico
973,Wife Turn,107,Gina Degeneres,6,42,Elenco Estándar,Actor Muy Prolífico
974,Wild Apollo,178,Lisa Monroe,4,23,Elenco Estándar,Actor Promedio
974,Wild Apollo,51,Gary Phoenix,4,25,Elenco Estándar,Actor Promedio
974,Wild Apollo,9,Joe Swank,4,25,Elenco Estándar,Actor Promedio
974,Wild Apollo,197,Reese West,4,33,Elenco Estándar,Actor Muy Prolífico
975,Willow Tracy,45,Reese Kilmer,2,32,Elenco Estándar,Actor Muy Prolífico
975,Willow Tracy,84,James Pitt,2,31,Elenco Estándar,Actor Muy Prolífico
976,Wind Phantom,89,Charlize Dench,3,24,Elenco Estándar,Actor Promedio
976,Wind Phantom,187,Renee Ball,3,33,Elenco Estándar,Actor Muy Prolífico
976,Wind Phantom,179,Ed Guiness,3,29,Elenco Estándar,Actor Promedio
977,Window Side,175,William Hackman,4,27,Elenco Estándar,Actor Promedio
977,Window Side,107,Gina Degeneres,4,42,Elenco Estándar,Actor Muy Prolífico
977,Window Side,49,Anne Cronyn,4,27,Elenco Estándar,Actor Promedio
977,Window Side,20,Lucille Tracy,4,30,Elenco Estándar,Actor Promedio
978,Wisdom Worker,45,Reese Kilmer,7,32,Elenco Estándar,Actor Muy Prolífico
978,Wisdom Worker,31,Sissy Sobieski,7,18,Elenco Estándar,Actor Promedio
978,Wisdom Worker,82,Woody Jolie,7,31,Elenco Estándar,Actor Muy Prolífico
978,Wisdom Worker,159,Laura Brody,7,26,Elenco Estándar,Actor Promedio
978,Wisdom Worker,175,William Hackman,7,27,Elenco Estándar,Actor Promedio
978,Wisdom Worker,101,Susan Davis,7,33,Elenco Estándar,Actor Muy Prolífico
978,Wisdom Worker,99,Jim Mostel,7,26,Elenco Estándar,Actor Promedio
979,Witches Panic,102,Walter Torn,4,41,Elenco Estándar,Actor Muy Prolífico
979,Witches Panic,100,Spencer Depp,4,24,Elenco Estándar,Actor Promedio
979,Witches Panic,80,Ralph Cruz,4,28,Elenco Estándar,Actor Promedio
979,Witches Panic,197,Reese West,4,33,Elenco Estándar,Actor Muy Prolífico
980,Wizard Coldblooded,101,Susan Davis,9,33,Elenco Estándar,Actor Muy Prolífico
980,Wizard Coldblooded,102,Walter Torn,9,41,Elenco Estándar,Actor Muy Prolífico
980,Wizard Coldblooded,64,Ray Johansson,9,30,Elenco Estándar,Actor Promedio
980,Wizard Coldblooded,10,Christian Gable,9,22,Elenco Estándar,Actor Promedio
980,Wizard Coldblooded,1,Penelope Guiness,9,19,Elenco Estándar,Actor Promedio
980,Wizard Coldblooded,49,Anne Cronyn,9,27,Elenco Estándar,Actor Promedio
980,Wizard Coldblooded,53,Mena Temple,9,30,Elenco Estándar,Actor Promedio
980,Wizard Coldblooded,32,Tim Hackman,9,23,Elenco Estándar,Actor Promedio
980,Wizard Coldblooded,46,Parker Goldberg,9,24,Elenco Estándar,Actor Promedio
981,Wolves Desire,67,Jessica Bailey,6,23,Elenco Estándar,Actor Promedio
981,Wolves Desire,63,Cameron Wray,6,19,Elenco Estándar,Actor Promedio
981,Wolves Desire,23,Sandra Kilmer,6,37,Elenco Estándar,Actor Muy Prolífico
981,Wolves Desire,62,Jayne Neeson,6,29,Elenco Estándar,Actor Promedio
981,Wolves Desire,113,Morgan Hopkins,6,27,Elenco Estándar,Actor Promedio
981,Wolves Desire,130,Greta Keitel,6,27,Elenco Estándar,Actor Promedio
982,Women Dorado,174,Michael Bening,5,24,Elenco Estándar,Actor Promedio
982,Women Dorado,99,Jim Mostel,5,26,Elenco Estándar,Actor Promedio
982,Women Dorado,93,Ellen Presley,5,25,Elenco Estándar,Actor Promedio
982,Women Dorado,44,Nick Stallone,5,30,Elenco Estándar,Actor Promedio
982,Women Dorado,91,Christopher Berry,5,20,Elenco Estándar,Actor Promedio
983,Won Dares,21,Kirsten Paltrow,5,27,Elenco Estándar,Actor Promedio
983,Won Dares,10,Christian Gable,5,22,Elenco Estándar,Actor Promedio
983,Won Dares,178,Lisa Monroe,5,23,Elenco Estándar,Actor Promedio
983,Won Dares,186,Julia Zellweger,5,16,Elenco Estándar,Actor Promedio
983,Won Dares,183,Russell Close,5,19,Elenco Estándar,Actor Promedio
984,Wonderful Drop,164,Humphrey Willis,4,26,Elenco Estándar,Actor Promedio
984,Wonderful Drop,104,Penelope Cronyn,4,31,Elenco Estándar,Actor Muy Prolífico
984,Wonderful Drop,101,Susan Davis,4,33,Elenco Estándar,Actor Muy Prolífico
984,Wonderful Drop,59,Dustin Tautou,4,27,Elenco Estándar,Actor Promedio
985,Wonderland Christmas,15,Cuba Olivier,5,28,Elenco Estándar,Actor Promedio
985,Wonderland Christmas,82,Woody Jolie,5,31,Elenco Estándar,Actor Muy Prolífico
985,Wonderland Christmas,115,Harrison Bale,5,28,Elenco Estándar,Actor Promedio
985,Wonderland Christmas,184,Humphrey Garland,5,29,Elenco Estándar,Actor Promedio
985,Wonderland Christmas,98,Chris Bridges,5,27,Elenco Estándar,Actor Promedio
986,Wonka Sea,27,Julia Mcqueen,2,33,Elenco Estándar,Actor Muy Prolífico
986,Wonka Sea,60,Henry Berry,2,35,Elenco Estándar,Actor Muy Prolífico
987,Words Hunter,96,Gene Willis,6,23,Elenco Estándar,Actor Promedio
987,Words Hunter,110,Susan Davis,6,21,Elenco Estándar,Actor Promedio
987,Words Hunter,147,Fay Winslet,6,31,Elenco Estándar,Actor Muy Prolífico
987,Words Hunter,124,Scarlett Bening,6,26,Elenco Estándar,Actor Promedio
987,Words Hunter,155,Ian Tandy,6,31,Elenco Estándar,Actor Muy Prolífico
987,Words Hunter,132,Adam Hopper,6,22,Elenco Estándar,Actor Promedio
988,Worker Tarzan,188,Rock Dukakis,9,30,Elenco Estándar,Actor Promedio
988,Worker Tarzan,101,Susan Davis,9,33,Elenco Estándar,Actor Muy Prolífico
988,Worker Tarzan,112,Russell Bacall,9,25,Elenco Estándar,Actor Promedio
988,Worker Tarzan,153,Minnie Kilmer,9,20,Elenco Estándar,Actor Promedio
988,Worker Tarzan,154,Meryl Gibson,9,28,Elenco Estándar,Actor Promedio
988,Worker Tarzan,123,Julianne Dench,9,32,Elenco Estándar,Actor Muy Prolífico
988,Worker Tarzan,62,Jayne Neeson,9,29,Elenco Estándar,Actor Promedio
988,Worker Tarzan,54,Penelope Pinkett,9,25,Elenco Estándar,Actor Promedio
988,Worker Tarzan,11,Zero Cage,9,25,Elenco Estándar,Actor Promedio
989,Working Microcosmos,94,Kenneth Torn,5,33,Elenco Estándar,Actor Muy Prolífico
989,Working Microcosmos,37,Val Bolger,5,35,Elenco Estándar,Actor Muy Prolífico
989,Working Microcosmos,151,Geoffrey Heston,5,26,Elenco Estándar,Actor Promedio
989,Working Microcosmos,138,Lucille Dee,5,24,Elenco Estándar,Actor Promedio
989,Working Microcosmos,188,Rock Dukakis,5,30,Elenco Estándar,Actor Promedio
990,World Leathernecks,98,Chris Bridges,8,27,Elenco Estándar,Actor Promedio
990,World Leathernecks,105,Sidney Crowe,8,34,Elenco Estándar,Actor Muy Prolífico
990,World Leathernecks,182,Debbie Akroyd,8,24,Elenco Estándar,Actor Promedio
990,World Leathernecks,158,Vivien Basinger,8,35,Elenco Estándar,Actor Muy Prolífico
990,World Leathernecks,62,Jayne Neeson,8,29,Elenco Estándar,Actor Promedio
990,World Leathernecks,51,Gary Phoenix,8,25,Elenco Estándar,Actor Promedio
990,World Leathernecks,54,Penelope Pinkett,8,25,Elenco Estándar,Actor Promedio
990,World Leathernecks,61,Christian Neeson,8,25,Elenco Estándar,Actor Promedio
991,Worst Banger,46,Parker Goldberg,4,24,Elenco Estándar,Actor Promedio
991,Worst Banger,92,Kirsten Akroyd,4,34,Elenco Estándar,Actor Muy Prolífico
991,Worst Banger,181,Matthew Carrey,4,39,Elenco Estándar,Actor Muy Prolífico
991,Worst Banger,100,Spencer Depp,4,24,Elenco Estándar,Actor Promedio
992,Wrath Mile,169,Kenneth Hoffman,4,29,Elenco Estándar,Actor Promedio
992,Wrath Mile,100,Spencer Depp,4,24,Elenco Estándar,Actor Promedio
992,Wrath Mile,141,Cate Harris,4,28,Elenco Estándar,Actor Promedio
992,Wrath Mile,149,Russell Temple,4,31,Elenco Estándar,Actor Muy Prolífico
993,Wrong Behavior,136,Ed Mansfield,9,32,Elenco Estándar,Actor Muy Prolífico
993,Wrong Behavior,114,Morgan Mcdormand,9,25,Elenco Estándar,Actor Promedio
993,Wrong Behavior,170,Mena Hopper,9,24,Elenco Estándar,Actor Promedio
993,Wrong Behavior,105,Sidney Crowe,9,34,Elenco Estándar,Actor Muy Prolífico
993,Wrong Behavior,191,Gregory Gooding,9,30,Elenco Estándar,Actor Promedio
993,Wrong Behavior,200,Thora Temple,9,20,Elenco Estándar,Actor Promedio
993,Wrong Behavior,77,Cary Mcconaughey,9,24,Elenco Estándar,Actor Promedio
993,Wrong Behavior,33,Milla Peck,9,24,Elenco Estándar,Actor Promedio
993,Wrong Behavior,51,Gary Phoenix,9,25,Elenco Estándar,Actor Promedio
994,Wyoming Storm,28,Woody Hoffman,6,31,Elenco Estándar,Actor Muy Prolífico
994,Wyoming Storm,6,Bette Nicholson,6,20,Elenco Estándar,Actor Promedio
994,Wyoming Storm,186,Julia Zellweger,6,16,Elenco Estándar,Actor Promedio
994,Wyoming Storm,115,Harrison Bale,6,28,Elenco Estándar,Actor Promedio
994,Wyoming Storm,105,Sidney Crowe,6,34,Elenco Estándar,Actor Muy Prolífico
994,Wyoming Storm,120,Penelope Monroe,6,27,Elenco Estándar,Actor Promedio
995,Yentl Idaho,197,Reese West,1,33,Elenco Estándar,Actor Muy Prolífico
996,Young Language,3,Ed Chase,5,22,Elenco Estándar,Actor Promedio
996,Young Language,84,James Pitt,5,31,Elenco Estándar,Actor Muy Prolífico
996,Young Language,27,Julia Mcqueen,5,33,Elenco Estándar,Actor Muy Prolífico
996,Young Language,163,Christopher West,5,21,Elenco Estándar,Actor Promedio
996,Young Language,170,Mena Hopper,5,24,Elenco Estándar,Actor Promedio
997,Youth Kick,124,Scarlett Bening,5,26,Elenco Estándar,Actor Promedio
997,Youth Kick,155,Ian Tandy,5,31,Elenco Estándar,Actor Muy Prolífico
997,Youth Kick,198,Mary Keitel,5,40,Elenco Estándar,Actor Muy Prolífico
997,Youth Kick,37,Val Bolger,5,35,Elenco Estándar,Actor Muy Prolífico
997,Youth Kick,23,Sandra Kilmer,5,37,Elenco Estándar,Actor Muy Prolífico
998,Zhivago Core,13,Uma Wood,6,35,Elenco Estándar,Actor Muy Prolífico
998,Zhivago Core,73,Gary Penn,6,26,Elenco Estándar,Actor Promedio
998,Zhivago Core,44,Nick Stallone,6,30,Elenco Estándar,Actor Promedio
998,Zhivago Core,122,Salma Nolte,6,25,Elenco Estándar,Actor Promedio
998,Zhivago Core,169,Kenneth Hoffman,6,29,Elenco Estándar,Actor Promedio
998,Zhivago Core,175,William Hackman,6,27,Elenco Estándar,Actor Promedio
999,Zoolander Fiction,104,Penelope Cronyn,5,31,Elenco Estándar,Actor Muy Prolífico
999,Zoolander Fiction,140,Whoopi Hurt,5,32,Elenco Estándar,Actor Muy Prolífico
999,Zoolander Fiction,142,Jada Ryder,5,31,Elenco Estándar,Actor Muy Prolífico
999,Zoolander Fiction,66,Mary Tandy,5,31,Elenco Estándar,Actor Muy Prolífico
999,Zoolander Fiction,52,Carmen Hunt,5,26,Elenco Estándar,Actor Promedio
1000,Zorro Ark,166,Nick Degeneres,3,22,Elenco Estándar,Actor Promedio
1000,Zorro Ark,178,Lisa Monroe,3,23,Elenco Estándar,Actor Promedio
1000,Zorro Ark,155,Ian Tandy,3,31,Elenco Estándar,Actor Muy Prolífico
